cell,n,avgR,t,h1,h2,yrs_pos,yrs,worst_year,coin,coin_hi,cost,sym,tf,rule,mode
gold M5 Supertrend 10/3 always-in,26619,-0.10992190985207552,-11.403174978465655,-0.15741293826620154,-0.06243444950920529,0,15,-0.21165123447294495,-0.05422696096552992,-0.034243032434626085,0.05548895118370057,gold,M5,Supertrend 10/3,always-in
gold M5 Supertrend 10/3 session-only,26520,-0.08922750876397513,-9.676165639878741,-0.12650576333718355,-0.0519492541907667,0,15,-0.17639004946010195,-0.046847503633020704,-0.026887108421468006,0.04604933805596089,gold,M5,Supertrend 10/3,session-only
gold M5 UT Bot 1/10 always-in,132780,-0.3429676569730176,-44.12672146651664,-0.5168829267800005,-0.16905238716603485,0,15,-0.6269660055169374,-0.17150495423069903,-0.15871649631065013,0.17148299347423554,gold,M5,UT Bot 1/10,always-in
gold M5 UT Bot 1/10 session-only,132220,-0.32706362420816637,-43.61175981672424,-0.49901082017533727,-0.1551164282409954,0,15,-0.611215189755295,-0.16155583743690652,-0.1479666384604452,0.16159155386803511,gold,M5,UT Bot 1/10,session-only
gold M5 UT Bot 1/10 on Heikin-Ashi always-in,92164,-0.2703235781937938,-7.888331139100585,-0.4529320348453172,-0.0877151215422705,1,15,-0.6711895754466463,-0.16918769026706024,-0.10282577276844393,0.1630270120419103,gold,M5,UT Bot 1/10 on Heikin-Ashi,always-in
gold M5 UT Bot 1/10 on Heikin-Ashi session-only,91753,-0.2772779551357363,-19.604330575761292,-0.42386391036330223,-0.13069519510304412,0,15,-0.6434173356163768,-0.1414136693915392,-0.11794516824115779,0.1419385872888177,gold,M5,UT Bot 1/10 on Heikin-Ashi,session-only
gold M15 Supertrend 10/3 always-in,8433,-0.027041299040852677,-1.5451926501167859,-0.03036797490815605,-0.023715412046176124,4,15,-0.12454630920812028,-0.03701316314497546,-0.003214475386927823,0.03752099310149718,gold,M15,Supertrend 10/3,always-in
gold M15 Supertrend 10/3 session-only,8418,-0.0331222852914631,-2.23710679585754,-0.04409155332125634,-0.02215301726166985,2,15,-0.12311136514354167,-0.023757359344857766,0.0028079623038451827,0.023090217624577733,gold,M15,Supertrend 10/3,session-only
gold M15 UT Bot 1/10 always-in,41488,-0.18793913375051374,-16.823347038437134,-0.26231444544702004,-0.11356382205400746,0,15,-0.3285537718536381,-0.09521724387237296,-0.07156764936196111,0.09420001370627225,gold,M15,UT Bot 1/10,always-in
gold M15 UT Bot 1/10 session-only,41253,-0.1624895367750294,-15.402560760412575,-0.22835254101957594,-0.09662972557863549,0,15,-0.28884028248404947,-0.0818819721547965,-0.06096159337020518,0.08291422803300405,gold,M15,UT Bot 1/10,session-only
gold M15 UT Bot 1/10 on Heikin-Ashi always-in,29294,-0.15241035568544217,-9.485813463764641,-0.23124310126464953,-0.07357761010623477,2,15,-0.32326001000879606,-0.08630682398733036,-0.059796746272765634,0.08722305308418414,gold,M15,UT Bot 1/10 on Heikin-Ashi,always-in
gold M15 UT Bot 1/10 on Heikin-Ashi session-only,29106,-0.13850509326733307,-10.155779904222173,-0.19581589722961726,-0.08119428930504889,0,15,-0.2965756084825952,-0.07209895585662736,-0.047898404522925514,0.07199005221481238,gold,M15,UT Bot 1/10 on Heikin-Ashi,session-only
gold H1 Supertrend 10/3 always-in,2071,0.017420234596853053,0.5435356075493839,-0.03531274874584653,0.07010231737648052,7,15,-0.10244473585294273,-0.04178316327891313,0.014642314071266045,0.03994940851536723,gold,H1,Supertrend 10/3,always-in
gold H1 Supertrend 10/3 session-only,2051,-0.0023236678201571685,-0.1481604848952366,-0.013082133208427368,0.00842431173440127,8,15,-0.07522560281950562,-0.009679154485478923,0.019134682159691677,0.010301130437096495,gold,H1,Supertrend 10/3,session-only
gold H1 UT Bot 1/10 always-in,9607,-0.0496995162895589,-1.7291886102552447,-0.08373958163119126,-0.015666536723393142,4,15,-0.24930585824359475,-0.057896590621863676,0.002609406527631039,0.05865671260023154,gold,H1,UT Bot 1/10,always-in
gold H1 UT Bot 1/10 session-only,9468,-0.052782251240894695,-2.2237421373091557,-0.07919571955228648,-0.0263687829295029,3,15,-0.2081617012002057,-0.03571113166467287,0.005570323044283522,0.03621423497013058,gold,H1,UT Bot 1/10,session-only
gold H1 UT Bot 1/10 on Heikin-Ashi always-in,6889,-0.010975648766433744,-0.3691405510613976,-0.012524190978377387,-0.009427556058760621,7,15,-0.1867618360885438,-0.05312388336023949,0.0037998672153943098,0.058024507329370076,gold,H1,UT Bot 1/10 on Heikin-Ashi,always-in
gold H1 UT Bot 1/10 on Heikin-Ashi session-only,6740,-0.04448359419799663,-1.8002901254422339,-0.05850991729317712,-0.030457271102816125,7,15,-0.21630287522717373,-0.03091000147530787,0.021942144848933965,0.03153069566547475,gold,H1,UT Bot 1/10 on Heikin-Ashi,session-only
US100.cash M30 Supertrend 10/3 always-in,1680,-0.005717627518684477,-0.16680049582037504,0.029264597038708904,-0.04069985207607786,4,6,-0.08628785500917213,-0.019673539233446818,0.04370969630704957,0.018211758972694173,US100.cash,M30,Supertrend 10/3,always-in
US100.cash M30 Supertrend 10/3 session-only,812,0.015178190278369696,0.5257306445458639,0.026903228029147616,0.0034531525275917833,4,6,-0.03750166175105728,-0.0019278555534650332,0.052113987032880636,0.0025388773700821604,US100.cash,M30,Supertrend 10/3,session-only
US100.cash M30 UT Bot 1/10 always-in,6935,0.023158678541477542,0.7375807569992916,0.03007859681020769,0.016240755635569974,4,6,-0.0460938207011213,-0.02822465797188344,0.03230518188572332,0.028157598734321332,US100.cash,M30,UT Bot 1/10,always-in
US100.cash M30 UT Bot 1/10 session-only,2524,0.00899458787432236,0.23491229837189626,0.057162436272550785,-0.03917326052390607,4,6,-0.19523197087532335,-0.00755877316559138,0.06707073458224007,0.008511259472074506,US100.cash,M30,UT Bot 1/10,session-only
US100.cash M30 UT Bot 1/10 on Heikin-Ashi always-in,4825,0.016021835503991312,0.4242260484036241,-0.010253633705337422,0.04228641558393368,2,6,-0.03238590053622272,-0.03121141637893415,0.03763926322918331,0.02731675839492923,US100.cash,M30,UT Bot 1/10 on Heikin-Ashi,always-in
US100.cash M30 UT Bot 1/10 on Heikin-Ashi session-only,1670,0.031131464278868454,0.7567329575754869,0.10794616579542157,-0.04568323723768465,4,6,-0.07426548730805163,-0.011002199992569385,0.0630292360501718,0.006669258147874937,US100.cash,M30,UT Bot 1/10 on Heikin-Ashi,session-only
US100.cash H1 Supertrend 10/3 always-in,902,-0.04000892874218301,-0.9547865436988944,-0.007014948095065783,-0.07300290938930024,1,6,-0.10131430105274263,-0.019246357129708246,0.0641228888768719,0.02042746764751773,US100.cash,H1,Supertrend 10/3,always-in
US100.cash H1 Supertrend 10/3 session-only,531,0.022715298969638278,1.0195420509098174,0.024024677259857873,0.021410843154193945,5,6,-0.0824061403714023,-0.0010336659438974834,0.041125024401376546,0.0020425796652485425,US100.cash,H1,Supertrend 10/3,session-only
US100.cash H1 UT Bot 1/10 always-in,3572,0.016657464730709646,0.40895807006816887,0.0082093053880341,0.02510562407338519,4,6,-0.07538119852908273,-0.024782827420121663,0.048643146741991786,0.026807855765412114,US100.cash,H1,UT Bot 1/10,always-in
US100.cash H1 UT Bot 1/10 session-only,1422,0.00492515691888215,0.11290286899508421,0.06258652450317864,-0.05273621066541435,3,6,-0.1258875607347031,-0.015884323432587114,0.06476791480469256,0.006973488886977433,US100.cash,H1,UT Bot 1/10,session-only
US100.cash H1 UT Bot 1/10 on Heikin-Ashi always-in,2524,-0.01210111013506782,-0.23987473983022845,-0.03735243850185576,0.013150218231720119,2,6,-0.08029673595959151,-0.02649689988694359,0.08513046232452016,0.02765960274147545,US100.cash,H1,UT Bot 1/10 on Heikin-Ashi,always-in
US100.cash H1 UT Bot 1/10 on Heikin-Ashi session-only,964,-0.005117245518112152,-0.10728765179592835,-0.046800603529242056,0.03656611249301775,4,6,-0.07355111745269918,-0.004330339064890117,0.0793388862553136,0.005682718889653042,US100.cash,H1,UT Bot 1/10 on Heikin-Ashi,session-only
US500.cash M30 Supertrend 10/3 always-in,1662,-0.020007309037236874,-0.6009879546680705,0.03279847743424072,-0.07281309550871445,2,6,-0.09035562422160126,-0.026798256324616753,0.0507945577688134,0.027463604198624487,US500.cash,M30,Supertrend 10/3,always-in
US500.cash M30 Supertrend 10/3 session-only,802,0.02772511261345928,0.9706231765374386,0.03600530161817386,0.0194449236087447,4,6,-0.04830216005597222,-0.004650618781442009,0.05468535481462582,0.0055639625280303915,US500.cash,M30,Supertrend 10/3,session-only
US500.cash M30 UT Bot 1/10 always-in,7119,-0.027910161632687374,-0.9296265356555127,-0.0500407248556536,-0.005785814860064692,1,6,-0.07191378043195165,-0.04417466335474341,0.015563004955215856,0.04328381330193761,US500.cash,M30,UT Bot 1/10,always-in
US500.cash M30 UT Bot 1/10 session-only,2579,0.004305116585529825,0.10875559819873047,-0.014127176315805814,0.02272312088771714,2,6,-0.04922075253793071,-0.01854212344413133,0.057307519553208036,0.018708136650549007,US500.cash,M30,UT Bot 1/10,session-only
US500.cash M30 UT Bot 1/10 on Heikin-Ashi always-in,4970,-0.02915084328083915,-0.6223861429729641,0.011413812760838306,-0.06971549932251662,2,6,-0.13087554479420982,-0.04350988685779953,0.04750851143699009,0.04366886680622752,US500.cash,M30,UT Bot 1/10 on Heikin-Ashi,always-in
US500.cash M30 UT Bot 1/10 on Heikin-Ashi session-only,1710,0.05219450211236974,0.4759180120356432,0.19597001974687908,-0.09158101552213968,3,6,-0.2064630478397139,-0.013860244030038951,0.15222932970777145,0.01589666907326602,US500.cash,M30,UT Bot 1/10 on Heikin-Ashi,session-only
US500.cash H1 Supertrend 10/3 always-in,883,-0.059147873419038814,-1.4789319118349757,-0.005961801828580995,-0.11221361453078517,2,6,-0.20874458942197355,-0.028101521929830522,0.04748384990673002,0.03039587612486356,US500.cash,H1,Supertrend 10/3,always-in
US500.cash H1 Supertrend 10/3 session-only,497,0.0053295725880831086,0.21817749656037694,0.007260069644127608,0.003406828532263688,4,6,-0.10297943159550563,-0.006064393959236313,0.04548072031435474,0.0044140219608227085,US500.cash,H1,Supertrend 10/3,session-only
US500.cash H1 UT Bot 1/10 always-in,3670,-0.06497295673802345,-1.459297374966754,-0.10620153028206587,-0.02374438319398103,1,6,-0.1832937242919415,-0.04814706170601674,0.03901799309027415,0.043931093958546975,US500.cash,H1,UT Bot 1/10,always-in
US500.cash H1 UT Bot 1/10 session-only,1446,-0.004574493026748948,-0.09862538430377178,0.04809839983443234,-0.05724738588793023,3,6,-0.12130890405652554,-0.014659175419597027,0.08229558897711287,0.015130682439072767,US500.cash,H1,UT Bot 1/10,session-only
US500.cash H1 UT Bot 1/10 on Heikin-Ashi always-in,2618,-0.14418040097149876,-1.7865506928944017,-0.060283344589268255,-0.22807745735372925,1,6,-0.455509170895504,-0.04618784640778803,0.08476421872261934,0.04192581596763699,US500.cash,H1,UT Bot 1/10 on Heikin-Ashi,always-in
US500.cash H1 UT Bot 1/10 on Heikin-Ashi session-only,1007,0.0017926662840921594,0.03639420105938241,-0.023872967999861442,0.02740737669049825,2,6,-0.0809846025183114,-0.010958360505471578,0.09330859322708447,0.01211396675322035,US500.cash,H1,UT Bot 1/10 on Heikin-Ashi,session-only
TSLA M5 Supertrend 10/3 always-in,2474,0.06707567341510268,1.5634186968161201,0.025980124199387573,0.1081712226308178,5,6,-0.08478431934691893,-0.015407061525259986,0.06005771687715419,0.016452658541754556,TSLA,M5,Supertrend 10/3,always-in
TSLA M5 Supertrend 10/3 session-only,2426,0.05451268522186812,2.7765676160767687,0.025654147308408114,0.0833712231353281,6,6,0.0020687347457288463,-0.010761092839352204,0.026492259475141382,0.008992301017266828,TSLA,M5,Supertrend 10/3,session-only
TSLA M5 UT Bot 1/10 always-in,12342,-0.008659387692846911,-0.2778266348191056,-0.013420627806379655,-0.0038981475793141624,3,6,-0.12150392619693377,-0.037426976976379575,0.022130290548914015,0.0398461513461863,TSLA,M5,UT Bot 1/10,always-in
TSLA M5 UT Bot 1/10 session-only,12161,-0.05540801725946867,-3.5836069600116915,-0.039961966472623796,-0.0708515279952057,1,6,-0.17450273218497522,-0.03254986014811137,-0.0005134565824964255,0.03353454693843585,TSLA,M5,UT Bot 1/10,session-only
TSLA M5 UT Bot 1/10 on Heikin-Ashi always-in,8897,-0.13147046407737922,-1.0350378041504948,-0.01540172672933738,-0.24751311270046084,4,6,-0.8340424258185541,-0.053270168175966436,0.13964249971294368,0.048910174806241935,TSLA,M5,UT Bot 1/10 on Heikin-Ashi,always-in
TSLA M5 UT Bot 1/10 on Heikin-Ashi session-only,8752,-0.17836719608105717,-1.4263605092240645,-0.03491097160252085,-0.32182342055959345,3,6,-0.842374120810837,-0.03791397610091473,0.1386021849360457,0.04185176067746593,TSLA,M5,UT Bot 1/10 on Heikin-Ashi,session-only
TSLA M15 Supertrend 10/3 always-in,915,0.09130309913433077,1.5517894701222401,0.11974673936779552,0.06292156291884302,4,6,-0.011473375534519376,-0.01249847613012562,0.10517214410326454,0.013555968581472988,TSLA,M15,Supertrend 10/3,always-in
TSLA M15 Supertrend 10/3 session-only,883,0.04819817558724767,2.042483707369347,0.023856076481076714,0.07248520207100646,6,6,0.007227686720343129,-0.005353385196128149,0.04087286713130621,0.004694906426782286,TSLA,M15,Supertrend 10/3,session-only
TSLA M15 UT Bot 1/10 always-in,3854,0.05721470610383046,1.0867204296052833,0.06016765665394703,0.05426175555371385,6,6,0.0007388616098872623,-0.0272137024751125,0.09020499719199666,0.027377107192114024,TSLA,M15,UT Bot 1/10,always-in
TSLA M15 UT Bot 1/10 session-only,3665,0.015811137738195594,0.6322758283213372,0.020766009634892064,0.010858968990378935,5,6,-0.058864444315845525,-0.017436811909667466,0.03385694712805264,0.017220594514736,TSLA,M15,UT Bot 1/10,session-only
TSLA M15 UT Bot 1/10 on Heikin-Ashi always-in,2804,-0.0036044200292208,-0.044900348541853596,0.08088534003230899,-0.0880941800907506,3,6,-0.3079140583046165,-0.023573412396448737,0.13700263417193717,0.027683816179108412,TSLA,M15,UT Bot 1/10 on Heikin-Ashi,always-in
TSLA M15 UT Bot 1/10 on Heikin-Ashi session-only,2682,-0.020187081053552963,-0.33951465303105116,0.0077607047239464265,-0.04813486683105238,3,6,-0.35166281324733406,-0.014438370505530169,0.11882131785309082,0.017495855141156407,TSLA,M15,UT Bot 1/10 on Heikin-Ashi,session-only
TSLA H1 Supertrend 10/3 always-in,300,0.11129888546458103,1.0953784596226628,0.20390823331938113,0.01868953760978094,4,6,-0.15097017150967387,-0.005109696186504328,0.1766821086906217,0.015042048918372523,TSLA,H1,Supertrend 10/3,always-in
TSLA H1 Supertrend 10/3 session-only,285,-0.0004260292494850142,-0.023376079100311704,0.042642593117808596,-0.04319347243938496,3,6,-0.08704559497733104,-0.0029776453465124334,0.029215853473655254,0.0023820784793387503,TSLA,H1,Supertrend 10/3,session-only
TSLA H1 UT Bot 1/10 always-in,1041,0.09653862868158138,1.0309535373256644,0.22795284807587787,-0.034623356126545636,4,6,-0.12246582600015887,-0.019887467638637073,0.1621419473611971,0.021841871439885918,TSLA,H1,UT Bot 1/10,always-in
TSLA H1 UT Bot 1/10 session-only,950,0.03514335317184596,1.0873901252855536,0.027319578820384088,0.04296712752330785,5,6,-0.060175713592338746,-0.008650985605289445,0.052477571075493286,0.007948413337636262,TSLA,H1,UT Bot 1/10,session-only
TSLA H1 UT Bot 1/10 on Heikin-Ashi always-in,849,0.17533730381907872,0.799551649409544,0.3326113855774107,0.018433278723707494,3,6,-0.26779529387161566,-0.028464290819772788,0.3561181951154709,0.02343230502413308,TSLA,H1,UT Bot 1/10 on Heikin-Ashi,always-in
TSLA H1 UT Bot 1/10 on Heikin-Ashi session-only,787,0.15552093247309845,1.4559051869616741,0.3191719973180513,-0.007714774339252958,2,6,-0.06789250964278136,-0.007015987326042833,0.17763418821996957,0.007990121585317233,TSLA,H1,UT Bot 1/10 on Heikin-Ashi,session-only
AAPL M5 Supertrend 10/3 always-in,2651,-0.08500535374518652,-2.3295222876303083,-0.017196380868428167,-0.15276318863335003,1,6,-0.202340589328514,-0.03572542785919677,0.0329577813954184,0.03528037836884525,AAPL,M5,Supertrend 10/3,always-in
AAPL M5 Supertrend 10/3 session-only,2577,-0.025889877606057567,-1.327183376130816,-0.010309094330116498,-0.041458573385275636,2,6,-0.09934452893721936,-0.022356483382927398,0.018186421737102196,0.02146245773913924,AAPL,M5,Supertrend 10/3,session-only
AAPL M5 UT Bot 1/10 always-in,12588,-0.1898256228299102,-4.508628299202408,-0.12838822144427312,-0.2512630242155472,0,6,-0.33736551405392995,-0.09064797408461464,-0.013876445684237076,0.0895678449829369,AAPL,M5,UT Bot 1/10,always-in
AAPL M5 UT Bot 1/10 session-only,12344,-0.1674473033353474,-10.648475017467401,-0.126532991032098,-0.20836161563859681,0,6,-0.2500941224133677,-0.0771010994471673,-0.048190280873726815,0.07722961147153608,AAPL,M5,UT Bot 1/10,session-only
AAPL M5 UT Bot 1/10 on Heikin-Ashi always-in,8876,-0.20442667472242337,-2.043854540050934,-0.21920463786574393,-0.1896487115791028,1,6,-0.5317224272043002,-0.09574425859281042,0.07260704069763833,0.08807676083021145,AAPL,M5,UT Bot 1/10 on Heikin-Ashi,always-in
AAPL M5 UT Bot 1/10 on Heikin-Ashi session-only,8684,-0.16685115462061262,-1.7054506437763766,-0.20914711276611184,-0.12455519647511346,2,6,-0.5122731054266244,-0.0749072668737258,0.11284391880688396,0.07542733920534961,AAPL,M5,UT Bot 1/10 on Heikin-Ashi,session-only
AAPL M15 Supertrend 10/3 always-in,924,-0.03246468456567366,-0.6378407606405676,-0.04427607918925928,-0.020653289942088062,2,6,-0.16117621231299062,-0.029035122678581205,0.07922920975421023,0.03056370529692667,AAPL,M15,Supertrend 10/3,always-in
AAPL M15 Supertrend 10/3 session-only,858,-0.028426876367867875,-1.1600944646543019,-0.016490288153486736,-0.04036346458224902,1,6,-0.09457592481302182,-0.008178534386435607,0.0412580425051232,0.011415908830725697,AAPL,M15,Supertrend 10/3,session-only
AAPL M15 UT Bot 1/10 always-in,3939,-0.21316587397790873,-3.001589107124761,-0.18231414365045856,-0.2440019435285429,0,6,-0.34659704722210766,-0.06479115700384722,0.08431600488046008,0.05971164586979884,AAPL,M15,UT Bot 1/10,always-in
AAPL M15 UT Bot 1/10 session-only,3680,-0.03541701140697131,-1.3742391156187237,0.005356603191438059,-0.07619062600538067,3,6,-0.18359051740162705,-0.0427756144678153,0.0005814203916380542,0.0405831017903255,AAPL,M15,UT Bot 1/10,session-only
AAPL M15 UT Bot 1/10 on Heikin-Ashi always-in,2975,-0.12462843021118392,-1.4349065007238624,0.018074308351268373,-0.26723526639557,2,6,-0.2851658693015696,-0.06517700026043192,0.13525816630759133,0.06252580587226361,AAPL,M15,UT Bot 1/10 on Heikin-Ashi,always-in
AAPL M15 UT Bot 1/10 on Heikin-Ashi session-only,2820,-0.11704701236076866,-1.7412674389392069,-0.050117298276710194,-0.18397672644482713,1,6,-0.25655893512350497,-0.04360451898017172,0.07303213762830832,0.042766966126976655,AAPL,M15,UT Bot 1/10 on Heikin-Ashi,session-only
AAPL H1 Supertrend 10/3 always-in,286,0.04835944249973374,0.6141589302254339,0.057599630602885823,0.03911925439658167,4,6,-0.1181331121411061,-0.02321224071983801,0.12466802154788559,0.03378650937393561,AAPL,H1,Supertrend 10/3,always-in
AAPL H1 Supertrend 10/3 session-only,271,-0.006503863876059461,-0.3235544442923406,0.017201566896131625,-0.030034990010219725,1,6,-0.04942828517740223,-0.0056034695062247755,0.031220981024957316,0.005497416624600068,AAPL,H1,Supertrend 10/3,session-only
AAPL H1 UT Bot 1/10 always-in,1090,-0.10923506394314826,-1.2017916153363124,-0.1797889332067991,-0.03868119467949745,1,6,-0.26239613621061775,-0.05681918160558227,0.11707541773408804,0.04810980854973599,AAPL,H1,UT Bot 1/10,always-in
AAPL H1 UT Bot 1/10 session-only,963,-0.10590401304678654,-3.0596770498669876,-0.041698894101964507,-0.16997592635064418,1,6,-0.2048937982616997,-0.017538668518704996,0.05659310495871688,0.019140840292497227,AAPL,H1,UT Bot 1/10,session-only
AAPL H1 UT Bot 1/10 on Heikin-Ashi always-in,856,-0.14178214691463942,-1.0337040547837697,-0.2575326969942574,-0.026031596835021414,1,6,-0.3943026655927175,-0.033308189260167945,0.21733521138590678,0.05301196836425338,AAPL,H1,UT Bot 1/10 on Heikin-Ashi,always-in
AAPL H1 UT Bot 1/10 on Heikin-Ashi session-only,753,-0.1385804506218357,-1.7380417144985687,-0.24979226727405004,-0.027663625525727997,1,6,-0.28183682356388423,-0.022428439815299243,0.12684577881505676,0.01953552329251936,AAPL,H1,UT Bot 1/10 on Heikin-Ashi,session-only
