risk,edge,pass 1m,pass 2m,pass 3m,pass 4m,pass 12m,fail,median months,hist_maxDD,worst_day,avg_month,keep12m,payout_10k
0.25%,full,0.0,0.0,0.003,0.013,0.329,0.028,8.476,-8.4,-0.54,0.79,0.94,78.0
0.25%,half,0.0,0.0,0.003,0.007,0.169,0.079,8.643,,,,,
0.25%,zero,0.0,0.0,0.0,0.002,0.073,0.188,8.905,,,,,
0.50%,full,0.003,0.048,0.134,0.233,0.652,0.246,5.095,-15.5,-1.07,1.53,0.54,135.0
0.50%,half,0.001,0.032,0.088,0.149,0.464,0.4,5.381,,,,,
0.50%,zero,0.001,0.019,0.053,0.093,0.288,0.587,5.476,,,,,
0.75%,full,0.035,0.17,0.308,0.403,0.593,0.401,2.952,-21.1,-1.61,2.24,0.22,157.0
0.75%,half,0.029,0.127,0.23,0.307,0.449,0.543,3.0,,,,,
0.75%,zero,0.016,0.078,0.152,0.207,0.306,0.688,3.048,,,,,
1.00%,full,0.097,0.279,0.403,0.464,0.529,0.471,1.952,-26.6,-2.1,2.94,0.09,165.0
1.00%,half,0.078,0.221,0.316,0.368,0.415,0.584,1.952,,,,,
1.00%,zero,0.059,0.154,0.231,0.264,0.298,0.702,1.952,,,,,
1.50%,full,0.189,0.361,0.416,0.432,0.438,0.562,1.143,-36.6,-3.1,4.13,0.02,160.0
1.50%,half,0.155,0.288,0.333,0.343,0.346,0.653,1.095,,,,,
1.50%,zero,0.128,0.227,0.256,0.265,0.268,0.732,1.048,,,,,
2.00%,full,0.235,0.357,0.378,0.381,0.381,0.619,0.857,-43.3,-4.11,5.33,0.0,97.0
2.00%,half,0.196,0.289,0.302,0.304,0.304,0.696,0.857,,,,,
2.00%,zero,0.164,0.236,0.245,0.245,0.245,0.755,0.81,,,,,
