kind,group,session,rule,symbols,verdict,n,per_year,avgR,t,coin,R2x,win,n_is,avg_is,t_is,coin_is,n_oos,avg_oos,t_oos,coin_oos,pos_years_is,by_year,first,last
daily,crypto,D1,DON20,7,not selected,566,36.8000,-15.8358,-2.0721,-9.8582,-33.0668,0.2756,360,-25.0279,-2.0868,-12.2391,206,0.2280,0.8283,-5.6973,0.3333,11:-9.34 12:-638.95 13:-73.84 14:-2.16 15:-7.81 16:-8.13 17:+2.33 18:-0.07 19:-0.12 20:+3.44 21:+0.10 22:-0.31 23:+0.04 24:+1.05 25:-0.36 26:+0.00,2011-04-29,2026-09-22
daily,crypto,D1,DON20_long,7,not selected,284,18.4000,-13.1221,-1.4207,-11.2261,-29.2319,0.3063,182,-20.9408,-1.4551,-14.9622,102,0.8289,1.5282,-4.5598,0.7143,11:-6.96 12:-394.10 13:-130.77 14:-3.21 15:-8.75 16:-7.57 17:+5.10 18:-0.71 19:+0.53 20:+5.06 21:+0.63 22:-0.74 23:+0.61 24:+2.75 25:-0.08 26:-0.25,2011-04-29,2026-09-22
daily,crypto,D1,DON55,7,not selected,264,17.2000,-2.1292,-1.2421,-10.9459,-6.3411,0.2841,173,-3.3548,-1.2854,-14.3258,91,0.2008,0.7576,-4.5204,0.3333,11:-9.35 12:-58.26 13:-34.66 14:-1.96 15:-11.68 16:-8.57 17:+1.70 18:-0.22 19:+0.27 20:+3.63 21:-0.37 22:-0.14 23:-0.40 24:+1.03 25:-0.42 26:+0.06,2011-06-02,2026-09-22
daily,crypto,D1,HIGH52,6,not selected,125,9.4000,-2.7864,-1.2074,-13.0401,-6.9839,0.3920,99,-3.6898,-1.2703,-16.2229,26,0.6534,0.9603,-0.9207,0.8000,12:-46.21 13:-24.44 15:-2.26 16:+0.26 17:+1.91 18:-0.49 19:+0.03 20:+1.74 21:+0.01 23:+0.20 24:+1.25 25:-0.69,2012-07-11,2025-10-07
daily,crypto,D1,MA50_200,7,not selected,791,52.9000,-4.5699,-2.0079,-12.2852,-9.8365,0.1681,541,-6.7012,-2.0160,-14.5182,250,0.0422,0.2946,-7.4531,0.3333,11:-5.86 12:-130.85 13:-36.58 14:-0.99 15:-4.15 16:-11.21 17:+0.39 18:-0.05 19:-0.12 20:+0.91 21:+0.08 22:+0.00 23:-0.20 24:+0.32 25:-0.27 26:+0.09,2011-10-30,2026-10-09
daily,crypto,D1,MA5_20_long,7,not selected,680,45.0000,-7.1560,-2.7655,-11.5514,-15.1547,0.2250,471,-10.4225,-2.7970,-13.7496,209,0.2053,1.1618,-6.5974,0.2500,11:-207.63 12:-262.16 13:-26.42 14:-2.71 15:-5.27 16:-8.70 17:-2.09 18:-0.28 19:-0.02 20:+0.68 21:+0.21 22:-0.39 23:+0.58 24:+1.08 25:-0.21 26:-0.09,2011-08-18,2026-09-22
daily,crypto,D1,MA5_20_vol_long,7,not selected,183,12.4000,-23.7495,-2.5077,-12.1390,-49.1826,0.2459,137,-31.8813,-2.5333,-14.0778,46,0.4690,1.1287,-6.3647,0.7500,11:-410.85 12:-371.21 13:-44.87 14:-3.33 15:-5.27 16:-15.67 17:-12.19 18:-0.19 19:+0.25 20:+0.81 21:+0.46 22:-0.50 23:+1.17 24:+2.06 25:-0.23 26:+0.01,2011-11-30,2026-09-22
daily,crypto,D1,RSI2,7,not selected,942,63.0000,-7.9876,-2.8893,-7.9368,-15.9037,0.4544,634,-11.8408,-2.8881,-8.1515,308,-0.0562,-2.1294,-7.4949,0.0000,11:-13.01 12:-195.68 13:-65.93 14:-1.59 15:-5.96 16:-5.31 17:-1.47 18:-0.20 19:-0.25 20:-0.12 21:-0.15 22:-0.04 23:-0.16 24:-0.05 25:-0.06 26:-0.05,2011-10-30,2026-10-09
daily,crypto,D1,RSI2_long,7,not selected,465,31.9000,-15.0493,-2.6962,-6.4951,-30.0659,0.4688,324,-21.5867,-2.7026,-7.8137,141,-0.0273,-0.8096,-3.4650,0.0909,12:-222.57 13:-69.75 14:-0.51 15:-3.33 16:-2.03 17:-1.05 18:-0.11 19:-0.20 20:+0.10 21:-0.07 22:-0.33 23:-0.00 24:-0.06 25:-0.02 26:+0.03,2012-03-20,2026-10-09
daily,crypto,D1,TOM,7,not selected,736,47.7000,-19.7545,-2.8027,-11.9699,-39.6364,0.4103,521,-27.8877,-2.8062,-13.1941,215,-0.0457,-0.8854,-9.0031,0.2308,11:-340.36 12:-446.80 13:-71.98 14:-3.04 15:-7.29 16:-7.55 17:-2.08 18:-0.06 19:+0.11 20:+0.17 21:+0.25 22:-0.05 23:-0.08 24:-0.16 25:+0.06 26:-0.05,2011-04-30,2026-09-30
daily,crypto,D1,TSMOM12,7,not selected,682,46.5000,-4.5943,-1.7943,-7.9577,-9.5289,0.3592,476,-6.5177,-1.7778,-8.7984,206,-0.1500,-1.7181,-6.0149,0.3333,12:-34.26 13:-97.76 14:-1.53 15:-4.75 16:-5.83 17:+0.48 18:-0.20 19:-0.33 20:+0.16 21:+0.33 22:+0.16 23:-0.19 24:-0.09 25:-0.07 26:-0.31,2012-01-01,2026-09-01
daily,crypto,D1,TSMOM3,7,not selected,722,47.6000,-14.3146,-2.7991,-8.1630,-28.7930,0.3393,510,-20.2250,-2.7990,-8.7626,212,-0.0961,-1.1237,-6.7206,0.1667,11:-6.09 12:-369.41 13:-102.37 14:-1.28 15:-5.20 16:-5.61 17:-1.95 18:-0.08 19:+0.02 20:-0.13 21:+0.12 22:-0.15 23:-0.19 24:+0.04 25:-0.00 26:-0.36,2011-07-01,2026-09-01
daily,energy,D1,DON20,3,not selected,141,13.7000,-0.3909,-1.9380,-0.3888,-0.4154,0.2979,85,-0.4227,-1.9416,-0.4043,56,-0.3426,-0.8824,-0.3653,0.3333,16:-0.84 17:-0.29 18:-0.37 19:-0.62 20:+0.61 21:+0.17 22:-0.89 23:-0.97 24:-0.82 25:-1.06 26:+1.23,2016-06-09,2026-09-23
daily,energy,D1,DON20_long,3,too few in-sample,73,7.1000,0.7205,2.3537,0.2572,0.6905,0.4658,43,0.8053,2.5725,0.3466,30,0.5990,0.9958,0.1291,1.0000,16:+0.15 17:+0.66 18:+1.62 19:+0.30 20:+5.24 21:+1.29 22:-0.63 23:+0.31 24:-0.09 25:+0.01 26:+1.70,2016-06-09,2026-09-23
daily,energy,D1,DON55,3,too few in-sample,73,7.2000,-0.5363,-1.4283,-0.3670,-0.5580,0.3014,42,-0.3673,-0.7259,-0.4782,31,-0.7653,-1.3536,-0.2162,,16:-1.15 17:+0.11 18:-1.74 19:-1.68 20:+1.14 21:-0.27 22:+0.59 23:-1.00 24:-1.04 25:-1.95 26:+1.17,2016-07-28,2026-09-09
daily,energy,D1,HIGH52,3,too few in-sample,23,2.7000,0.9301,2.1057,0.1997,0.9154,0.5217,17,0.9822,2.1850,0.2428,6,0.7825,0.6492,0.0776,,17:+0.95 18:+0.36 21:+1.49 22:+1.48 23:-0.96 25:-1.39 26:+1.22,2017-09-25,2026-04-30
daily,energy,D1,MA50_200,3,not selected,158,16.4000,-0.3519,-3.8094,-0.2665,-0.3649,0.1456,95,-0.1459,-1.1712,-0.1931,63,-0.6624,-5.2198,-0.3772,0.2500,17:+0.05 18:+0.34 19:-0.75 20:+0.28 21:+0.09 22:-0.01 23:-0.48 24:-0.55 25:-1.31 26:+0.11,2017-02-20,2026-10-09
daily,energy,D1,MA5_20_long,3,not selected,144,14.0000,0.2609,2.0834,0.2371,0.2444,0.3750,80,0.3091,2.4504,0.3049,64,0.2006,0.8550,0.1522,0.5000,16:+0.55 17:+0.43 18:+1.03 19:+0.41 20:+0.79 21:+1.11 22:-0.20 23:-0.12 24:+0.11 25:-0.32 26:+1.12,2016-06-24,2026-10-07
daily,energy,D1,MA5_20_vol_long,3,too few in-sample,8,0.8000,0.3660,1.0883,0.1064,0.3460,0.6250,5,0.7718,2.1791,0.2899,3,-0.3103,-0.5957,-0.1993,,16:+0.97 17:+0.48 25:+0.64 26:-0.79,2016-08-12,2026-01-22
daily,energy,D1,RSI2,3,not selected,187,19.5000,-0.0556,-1.8025,-0.1049,-0.0725,0.5348,104,-0.0379,-0.8828,-0.1018,83,-0.0778,-1.7612,-0.1087,0.5000,17:-0.24 18:+0.20 19:-0.17 20:-0.22 21:+0.30 22:+0.05 23:-0.15 24:-0.05 25:-0.10 26:-0.07,2017-03-03,2026-10-08
daily,energy,D1,RSI2_long,3,too few in-sample,75,7.8000,0.0637,1.3492,0.0496,0.0572,0.6800,51,0.1089,1.7857,0.0576,24,-0.0322,-0.4715,0.0327,1.0000,17:-0.15 18:+0.20 19:+0.02 20:-0.10 21:+0.30 22:+0.04 23:+0.05 24:+0.10 25:-0.18 26:-0.07,2017-03-03,2026-09-22
daily,energy,D1,TOM,3,not selected,214,20.9000,0.0060,0.1084,0.0447,-0.0184,0.4953,126,0.0610,0.8793,0.0696,88,-0.0728,-0.8062,0.0090,0.5714,16:+0.09 17:+0.17 18:-0.01 19:-0.15 20:+0.46 21:+0.03 22:-0.05 23:+0.07 24:-0.05 25:-0.21 26:+0.08,2016-06-30,2026-09-30
daily,energy,D1,TSMOM12,3,not selected,178,19.2000,-0.3670,-3.6527,-0.4281,-0.3801,0.3258,102,-0.2948,-2.3496,-0.3407,76,-0.4640,-2.8165,-0.5454,0.3333,17:+0.92 18:+0.31 19:-1.29 20:-1.15 21:+0.52 22:-0.02 23:-0.69 24:-0.57 25:-0.97 26:+0.09,2017-06-01,2026-09-01
daily,energy,D1,TSMOM3,3,not selected,205,20.5000,-0.3671,-4.1113,-0.3801,-0.3829,0.3171,120,-0.2482,-2.1888,-0.2898,85,-0.5350,-3.7447,-0.5075,0.2857,16:-0.56 17:-0.19 18:+0.31 19:-0.81 20:-0.25 21:+0.04 22:-0.16 23:-0.55 24:-0.93 25:-0.54 26:-0.17,2016-09-01,2026-09-01
daily,forex,D1,DON20,28,not selected,5714,216.5000,-0.1942,-10.7806,-0.1068,-0.2239,0.2837,5018,-0.1780,-9.0591,-0.1102,696,-0.3113,-7.3510,-0.0817,0.1250,00:+0.07 01:-0.37 02:-0.21 03:-0.10 04:-0.36 05:-0.38 06:-0.17 07:-0.06 08:+0.34 09:-0.27 10:-0.22 11:-0.39 12:+0.19 13:-0.11 14:-0.21 15:-0.02 16:-0.33 17:-0.14 18:-0.15 19:-0.34 20:-0.05 21:-0.32 22:-0.10 23:-0.33 24:-0.24 25:-0.40 26:-0.30,2000-05-16,2026-10-05
daily,forex,D1,DON20_long,28,not selected,2895,109.8000,-0.1219,-4.8126,-0.0494,-0.1524,0.3060,2523,-0.1079,-3.9240,-0.0518,372,-0.2170,-3.4004,-0.0332,0.3333,00:+0.23 01:-0.21 02:-0.02 03:+0.13 04:-0.35 05:-0.31 06:+0.05 07:+0.01 08:-0.21 09:-0.19 10:-0.33 11:-0.48 12:+0.56 13:-0.03 14:-0.24 15:+0.15 16:-0.38 17:+0.30 18:-0.26 19:-0.45 20:+0.10 21:-0.15 22:-0.01 23:-0.19 24:-0.16 25:-0.21 26:-0.31,2000-05-17,2026-10-01
daily,forex,D1,DON55,28,not selected,2896,110.4000,-0.2775,-8.5546,-0.1293,-0.3070,0.2355,2547,-0.2563,-7.2551,-0.1390,349,-0.4323,-5.6123,-0.0579,0.1250,00:-0.03 01:-0.46 02:+0.16 03:-0.10 04:-0.64 05:-0.56 06:-0.29 07:-0.24 08:+1.04 09:-0.12 10:-0.56 11:-0.56 12:+0.10 13:-0.09 14:-0.01 15:-0.33 16:-0.29 17:-0.28 18:-0.56 19:-0.53 20:-0.09 21:-0.52 22:-0.16 23:-0.65 24:-0.56 25:-0.25 26:-0.46,2000-07-06,2026-10-02
daily,forex,D1,MA50_200,28,not selected,7206,280.3000,-0.0745,-7.8255,-0.0552,-0.0932,0.1858,6303,-0.0730,-6.9938,-0.0569,903,-0.0848,-3.9520,-0.0432,0.2174,01:-0.18 02:-0.05 03:+0.07 04:-0.20 05:-0.14 06:-0.02 07:+0.02 08:+0.28 09:-0.07 10:-0.10 11:-0.13 12:-0.08 13:+0.06 14:-0.01 15:-0.07 16:-0.09 17:-0.14 18:-0.17 19:-0.17 20:-0.08 21:-0.13 22:+0.01 23:-0.15 24:-0.13 25:-0.01 26:-0.13,2001-01-23,2026-10-09
daily,forex,D1,MA5_20_long,28,not selected,5641,213.8000,-0.0467,-3.9343,-0.0381,-0.0667,0.3315,4949,-0.0467,-3.5792,-0.0376,692,-0.0471,-1.8114,-0.0415,0.3333,00:+0.01 01:-0.11 02:-0.07 03:+0.11 04:-0.10 05:-0.12 06:+0.00 07:-0.08 08:-0.06 09:-0.04 10:-0.11 11:-0.12 12:+0.13 13:+0.10 14:-0.20 15:-0.02 16:-0.21 17:+0.09 18:-0.06 19:-0.16 20:+0.03 21:-0.06 22:+0.03 23:-0.04 24:+0.03 25:-0.09 26:-0.09,2000-05-22,2026-10-09
daily,forex,D1,MA5_20_vol_long,28,not selected,124,4.8000,-0.1902,-0.7611,-0.0141,-0.2247,0.3710,115,-0.2309,-0.8585,-0.0038,9,0.3294,2.0521,-0.1456,0.0000,00:-0.31 01:+0.10 02:-0.40 03:-0.04 04:-0.12 05:+0.83 06:+0.36 07:+0.07 08:+0.03 09:-0.41 10:-0.38 11:-0.40 12:+0.37 13:+0.26 14:-4.48 15:+0.75 16:+0.81 17:+1.03 18:-0.17 19:-0.25 20:-0.53 21:-0.27 23:+0.46 24:+0.53 25:+0.39 26:+0.16,2000-07-04,2026-04-09
daily,forex,D1,RSI2,28,not selected,7478,291.0000,-0.0305,-6.1051,-0.0335,-0.0499,0.5964,6613,-0.0342,-6.4032,-0.0344,865,-0.0018,-0.1291,-0.0262,0.1739,01:-0.01 02:-0.02 03:-0.08 04:-0.05 05:-0.10 06:-0.04 07:-0.05 08:-0.01 09:-0.02 10:-0.03 11:-0.08 12:-0.14 13:+0.01 14:-0.02 15:-0.04 16:+0.00 17:-0.06 18:-0.04 19:-0.02 20:-0.03 21:-0.01 22:+0.03 23:+0.03 24:-0.06 25:+0.07 26:-0.02,2001-01-24,2026-10-07
daily,forex,D1,RSI2_long,28,not selected,3824,148.8000,-0.0159,-2.2590,-0.0223,-0.0351,0.6187,3331,-0.0197,-2.6041,-0.0212,493,0.0093,0.4744,-0.0296,0.3478,01:-0.00 02:+0.02 03:-0.09 04:+0.00 05:-0.10 06:-0.00 07:-0.06 08:-0.08 09:-0.03 10:-0.07 11:-0.08 12:-0.07 13:+0.06 14:+0.01 15:+0.01 16:-0.06 17:-0.04 18:-0.08 19:-0.03 20:+0.01 21:+0.04 22:-0.01 23:+0.08 24:-0.07 25:+0.11 26:-0.00,2001-01-24,2026-10-07
daily,forex,D1,TSMOM12,28,not selected,7811,308.3000,-0.0987,-9.5803,-0.0855,-0.1183,0.4282,6887,-0.1006,-9.1446,-0.0881,924,-0.0841,-2.8775,-0.0662,0.1304,01:-0.15 02:+0.01 03:-0.02 04:-0.22 05:-0.26 06:-0.13 07:-0.11 08:+0.12 09:-0.17 10:-0.01 11:-0.28 12:-0.13 13:+0.04 14:-0.22 15:-0.05 16:-0.06 17:-0.11 18:-0.11 19:-0.17 20:-0.09 21:-0.09 22:-0.03 23:-0.11 24:-0.13 25:-0.08 26:-0.03,2001-05-01,2026-09-01
daily,forex,D1,TSMOM3,28,not selected,8062,309.1000,-0.1038,-10.2825,-0.0788,-0.1244,0.4279,7138,-0.1041,-9.6895,-0.0813,924,-0.1011,-3.4396,-0.0594,0.1667,00:-0.06 01:-0.26 02:-0.09 03:-0.12 04:-0.19 05:-0.18 06:-0.09 07:-0.16 08:+0.20 09:+0.02 10:+0.00 11:-0.13 12:-0.17 13:+0.01 14:-0.10 15:-0.13 16:-0.09 17:-0.22 18:-0.20 19:-0.15 20:-0.19 21:-0.11 22:-0.01 23:-0.13 24:-0.16 25:+0.01 26:-0.17,2000-08-01,2026-09-01
daily,index,D1,DON20,10,not selected,637,74.6000,-0.3159,-6.4443,-0.1068,-0.3290,0.2527,404,-0.3317,-5.1525,-0.1093,233,-0.2887,-3.8823,-0.1026,0.1667,18:-0.51 19:-0.44 20:+0.27 21:-0.51 22:-0.37 23:-0.41 24:-0.52 25:-0.15 26:-0.17,2018-03-20,2026-10-02
daily,index,D1,DON20_long,10,not selected,332,39.2000,-0.2613,-4.1678,-0.0863,-0.2755,0.2982,197,-0.3025,-3.9744,-0.0745,135,-0.2013,-1.8792,-0.1035,0.0000,18:-0.25 19:-0.51 20:-0.19 21:-0.33 22:-0.20 23:-0.24 24:-0.36 25:+0.04 26:-0.30,2018-04-13,2026-10-02
daily,index,D1,DON55,10,not selected,294,34.8000,-0.4136,-3.8135,-0.1707,-0.4268,0.2075,180,-0.4700,-4.1374,-0.1569,114,-0.3247,-1.5093,-0.1925,0.1667,18:-0.95 19:-0.94 20:+0.64 21:-0.71 22:-0.68 23:-0.51 24:-0.31 25:-0.04 26:-0.69,2018-04-27,2026-10-05
daily,index,D1,HIGH52,10,not selected,188,25.3000,-0.2591,-2.9756,-0.0611,-0.2734,0.3298,82,-0.5381,-4.8480,-0.0195,106,-0.0434,-0.3472,-0.0932,0.0000,19:-0.82 20:+0.14 21:-0.51 22:-1.11 23:-0.57 24:+0.01 25:+0.19 26:-0.40,2019-04-23,2026-10-02
daily,index,D1,MA50_200,10,not selected,699,87.9000,-0.1564,-6.9941,-0.0604,-0.1645,0.1788,413,-0.1989,-7.1612,-0.0715,286,-0.0950,-2.5760,-0.0444,0.0000,18:+0.08 19:-0.35 20:-0.22 21:-0.19 22:-0.18 23:-0.16 24:-0.15 25:-0.03 26:-0.10,2018-10-25,2026-10-09
daily,index,D1,MA5_20_long,10,not selected,562,65.2000,-0.0719,-2.2400,-0.0532,-0.0810,0.3488,353,-0.1165,-2.9520,-0.0614,209,0.0034,0.0630,-0.0393,0.0000,18:-0.52 19:-0.16 20:-0.08 21:-0.05 22:-0.02 23:-0.06 24:-0.14 25:+0.20 26:-0.10,2018-02-26,2026-10-09
daily,index,D1,MA5_20_vol_long,8,too few in-sample,19,3.0000,0.0246,0.1363,-0.0678,0.0162,0.4211,16,0.0750,0.3536,-0.0941,3,-0.2441,-1.9120,0.0729,,19:-0.39 20:+0.30 21:+0.00 23:+0.20 24:-0.12 25:-0.49,2019-07-30,2025-12-05
daily,index,D1,RSI2,10,not selected,707,89.0000,-0.0294,-1.4663,-0.0185,-0.0383,0.6181,436,-0.0486,-1.7367,-0.0225,271,0.0015,0.0564,-0.0122,0.4000,18:+0.15 19:+0.02 20:-0.08 21:-0.04 22:+0.01 23:-0.13 24:+0.06 25:-0.00 26:-0.06,2018-10-31,2026-10-09
daily,index,D1,RSI2_long,10,not selected,485,64.3000,-0.0098,-0.4583,-0.0180,-0.0196,0.6289,243,-0.0378,-1.1689,-0.0168,242,0.0183,0.6567,-0.0193,0.2000,19:+0.04 20:-0.11 21:-0.04 22:-0.13 23:-0.00 24:+0.08 25:+0.00 26:-0.03,2019-03-25,2026-10-09
daily,index,D1,TOM,10,not selected,838,97.6000,-0.0087,-0.2968,-0.0214,-0.0233,0.5048,526,0.0008,0.0212,-0.0161,312,-0.0247,-0.5907,-0.0303,0.6667,18:-0.45 19:+0.03 20:+0.16 21:+0.04 22:-0.02 23:+0.05 24:-0.06 25:-0.06 26:+0.05,2018-02-28,2026-09-30
daily,index,D1,TSMOM12,10,not selected,711,93.8000,-0.1692,-4.8447,-0.0968,-0.1780,0.4149,411,-0.2549,-5.5330,-0.1110,300,-0.0518,-0.9792,-0.0772,0.0000,19:-0.27 20:-0.40 21:-0.14 22:-0.16 23:-0.32 24:-0.24 25:+0.09 26:-0.01,2019-02-01,2026-09-01
daily,index,D1,TSMOM3,10,not selected,805,96.6000,-0.1999,-6.0249,-0.0917,-0.2094,0.3826,496,-0.2025,-4.6038,-0.1031,309,-0.1957,-3.9185,-0.0736,0.0000,18:-0.15 19:-0.21 20:-0.08 21:-0.18 22:-0.38 23:-0.17 24:-0.29 25:-0.07 26:-0.25,2018-05-01,2026-09-01
daily,metal,D1,DON20,5,not selected,519,23.4000,-0.2551,-3.8644,-0.1907,-0.2952,0.2486,422,-0.3228,-4.7550,-0.2010,97,0.0395,0.2060,-0.1457,0.1765,04:-2.17 05:-1.45 06:-0.40 07:-0.69 08:-0.63 09:-0.37 10:-0.17 11:+0.13 12:+0.43 13:+0.22 14:-0.04 15:-0.18 16:-0.47 17:-0.68 18:-0.03 19:-0.33 20:-0.17 21:-0.24 22:-0.38 23:-0.49 24:-0.57 25:+0.81 26:-0.15,2004-08-20,2026-10-08
daily,metal,D1,DON20_long,5,not selected,274,12.4000,-0.2478,-2.3434,-0.1711,-0.2907,0.2445,222,-0.4271,-4.2048,-0.1969,52,0.5173,1.5564,-0.0610,0.1818,04:-2.17 05:-1.87 06:-0.28 07:-0.55 08:-1.01 09:-0.20 10:+0.13 11:+0.54 12:+0.59 13:-0.80 14:-0.53 15:-0.92 16:-0.45 17:-0.76 18:-0.35 19:-0.03 20:+0.27 21:-0.44 22:-0.68 23:-0.68 24:-0.31 25:+1.54 26:-0.66,2004-08-20,2026-09-23
daily,metal,D1,DON55,5,not selected,271,12.3000,-0.3655,-2.5879,-0.2111,-0.4059,0.1882,224,-0.5591,-5.2631,-0.2407,47,0.5575,0.8906,-0.0701,0.1000,04:-5.30 05:-1.32 06:-0.97 07:+0.24 08:-0.87 09:-0.82 10:-0.04 11:-0.68 12:+0.75 13:+0.26 14:-0.20 15:-0.67 16:-0.44 17:-1.12 18:+0.05 19:-0.81 20:-0.36 21:-0.60 22:-0.58 23:-0.96 24:-0.67 25:+2.68 26:-0.60,2004-10-01,2026-09-29
daily,metal,D1,HIGH52,5,not selected,123,5.9000,0.1969,1.2847,-0.1640,0.1599,0.3902,84,0.1508,0.8519,-0.1962,39,0.2963,0.9868,-0.0947,1.0000,05:+0.02 06:+0.27 07:+2.09 08:-0.57 09:+0.77 10:+0.49 11:+0.14 16:-0.64 17:-0.55 18:-0.50 19:+0.45 20:+0.75 21:-0.02 22:-0.88 23:-0.81 24:-0.14 25:+1.08 26:-1.06,2005-09-16,2026-09-10
daily,metal,D1,MA50_200,5,not selected,592,27.6000,-0.0520,-1.1228,-0.1121,-0.0796,0.1672,462,-0.1259,-3.2881,-0.1121,130,0.2105,1.3184,-0.1120,0.2105,05:-0.63 06:-0.24 07:-0.13 08:-0.28 09:-0.18 10:+0.19 11:+0.13 12:-0.24 13:+0.45 14:-0.17 15:-0.10 16:-0.30 17:-0.27 18:+0.01 19:-0.06 20:-0.02 21:-0.13 22:-0.22 23:-0.23 24:-0.03 25:+0.88 26:-0.15,2005-04-20,2026-10-09
daily,metal,D1,MA5_20_long,5,not selected,519,23.5000,-0.0997,-2.1765,-0.1196,-0.1274,0.2640,412,-0.1805,-4.0187,-0.1362,107,0.2112,1.5528,-0.0559,0.3125,04:-1.64 05:-0.81 06:-0.12 07:-0.30 08:-0.24 09:-0.07 10:+0.08 11:+0.22 12:+0.08 13:-0.18 14:-0.19 15:-0.44 16:-0.12 17:-0.13 18:-0.32 19:+0.00 20:+0.13 21:-0.21 22:-0.29 23:-0.39 24:-0.10 25:+0.89 26:-0.23,2004-08-11,2026-09-24
daily,metal,D1,MA5_20_vol_long,5,too few in-sample,20,1.1000,0.2773,1.2716,-0.1922,0.2529,0.5500,17,0.3526,1.3977,-0.2231,3,-0.1499,-1.1113,-0.0171,,07:-0.71 09:-0.28 11:+0.18 12:+0.05 13:-0.02 15:-1.02 16:+1.08 17:+0.11 21:+1.65 22:+0.91 23:+0.79 25:-0.15,2007-11-27,2025-11-14
daily,metal,D1,RSI2,5,not selected,619,29.1000,-0.0791,-4.5813,-0.0545,-0.1044,0.5493,509,-0.0904,-4.6981,-0.0555,110,-0.0268,-0.6927,-0.0498,0.2353,05:-0.15 06:-0.03 07:+0.09 08:-0.03 09:+0.06 10:+0.14 11:-0.01 12:-0.16 13:+0.05 14:-0.13 15:+0.01 16:-0.21 17:-0.32 18:-0.08 19:-0.03 20:-0.19 21:-0.00 22:-0.17 23:-0.12 24:-0.11 25:+0.01 26:+0.01,2005-06-29,2026-09-29
daily,metal,D1,RSI2_long,5,not selected,357,16.8000,-0.0567,-2.5329,-0.0611,-0.0780,0.5714,278,-0.0627,-2.4611,-0.0642,79,-0.0354,-0.7542,-0.0501,0.2500,05:-0.15 06:-0.04 07:+0.09 08:-0.07 09:+0.06 10:+0.14 11:+0.01 12:-0.19 13:-0.19 14:-0.07 15:+0.33 16:-0.17 17:-0.22 18:-0.11 19:-0.01 20:-0.17 21:-0.03 22:-0.10 23:-0.12 24:-0.07 25:+0.04 26:-0.06,2005-06-29,2026-09-29
daily,metal,D1,TOM,5,not selected,776,35.0000,-0.0198,-0.7902,-0.0586,-0.0606,0.4794,623,-0.0427,-1.5358,-0.0642,153,0.0732,1.2656,-0.0357,0.4211,04:-0.38 05:-0.30 06:+0.04 07:+0.16 08:-0.38 09:+0.38 10:+0.23 11:+0.14 12:-0.19 13:-0.21 14:-0.36 15:-0.15 16:+0.37 17:-0.12 18:-0.15 19:+0.04 20:+0.06 21:-0.03 22:-0.03 23:-0.32 24:-0.01 25:+0.27 26:-0.10,2004-07-30,2026-09-30
daily,metal,D1,TSMOM12,5,not selected,714,33.7000,-0.1089,-2.9485,-0.1553,-0.1350,0.4426,573,-0.1583,-3.9133,-0.1519,141,0.0921,1.0545,-0.1693,0.3333,05:-0.53 06:-0.27 07:-0.35 08:-0.36 09:+0.08 10:+0.26 11:+0.10 12:-0.37 13:+0.55 14:-0.16 15:+0.06 16:-0.45 17:-0.27 18:-0.38 19:-0.02 20:+0.08 21:-0.33 22:-0.29 23:-0.26 24:-0.13 25:+0.50 26:-0.11,2005-07-01,2026-09-01
daily,metal,D1,TSMOM3,5,not selected,759,34.6000,-0.1737,-4.8823,-0.1756,-0.2002,0.4071,609,-0.2269,-5.8545,-0.1840,150,0.0423,0.4951,-0.1417,0.2105,04:-0.66 05:-0.72 06:-0.17 07:-0.39 08:-0.42 09:-0.42 10:+0.24 11:+0.08 12:-0.31 13:+0.18 14:-0.76 15:-0.26 16:-0.06 17:-0.42 18:-0.19 19:-0.36 20:+0.04 21:-0.13 22:-0.25 23:-0.36 24:-0.22 25:+0.32 26:-0.03,2004-10-01,2026-09-01
daily,soft,D1,DON20,7,too few in-sample,179,50.3000,-0.1264,-0.7806,-0.1094,-0.2048,0.2793,31,-0.1915,-0.7148,0.1129,148,-0.1128,-0.5999,-0.1560,0.0000,23:-0.19 24:+0.66 25:-0.62 26:-0.03,2023-03-16,2026-10-05
daily,soft,D1,DON20_long,7,too few in-sample,84,23.8000,0.1170,0.3749,-0.0286,0.0428,0.2976,14,-0.0062,-0.0158,0.1679,70,0.1416,0.3859,-0.0679,0.0000,23:-0.01 24:+1.47 25:-0.79 26:+0.24,2023-03-28,2026-10-05
daily,soft,D1,DON55,7,too few in-sample,86,25.5000,-0.1160,-0.4898,-0.0548,-0.1786,0.2907,11,-0.3399,-0.8931,-0.0399,75,-0.0831,-0.3123,-0.0570,0.0000,23:-0.34 24:+0.67 25:-0.70 26:-0.15,2023-05-10,2026-09-22
daily,soft,D1,HIGH52,7,too few in-sample,30,11.3000,0.0486,0.1654,-0.0243,-0.0161,0.4333,0,,,,30,0.0486,0.1654,-0.0243,,24:+0.44 25:+0.43 26:-0.29,2024-02-09,2026-10-05
daily,soft,D1,MA50_200,7,too few in-sample,147,51.1000,0.0394,0.3221,-0.0914,-0.0117,0.2993,2,-0.3773,,0.1850,145,0.0452,0.3642,-0.0952,,23:-0.38 24:+0.42 25:-0.20 26:-0.10,2023-11-24,2026-10-09
daily,soft,D1,MA5_20_long,7,too few in-sample,170,47.9000,0.0120,0.1129,-0.0702,-0.0395,0.3000,25,-0.0599,-0.3611,0.0237,145,0.0244,0.2010,-0.0864,0.0000,23:-0.06 24:+0.41 25:-0.38 26:+0.38,2023-03-23,2026-10-08
daily,soft,D1,MA5_20_vol_long,4,too few in-sample,8,2.6000,-0.2191,-0.5467,-0.0737,-0.2435,0.2500,1,-0.9012,,-0.0731,7,-0.1216,-0.2710,-0.0737,,23:-0.90 24:-0.32 25:-0.87 26:+0.52,2023-07-21,2026-08-06
daily,soft,D1,RSI2,7,too few in-sample,160,56.7000,-0.1193,-3.2056,-0.0613,-0.1640,0.5125,2,0.2096,,0.0141,158,-0.1234,-3.2899,-0.0622,,23:+0.21 24:-0.03 25:-0.11 26:-0.21,2023-12-06,2026-10-01
daily,soft,D1,RSI2_long,7,too few in-sample,79,28.0000,-0.1074,-2.1263,-0.0037,-0.1366,0.5063,2,0.2096,,0.0141,77,-0.1156,-2.2517,-0.0041,,23:+0.21 24:-0.00 25:-0.20 26:-0.11,2023-12-06,2026-10-01
daily,soft,D1,TOM,7,too few in-sample,247,70.5000,-0.0775,-1.6449,-0.0582,-0.1470,0.4291,40,-0.0656,-0.5913,-0.0390,207,-0.0798,-1.5321,-0.0619,0.0000,23:-0.07 24:-0.01 25:-0.21 26:+0.03,2023-03-31,2026-09-30
daily,soft,D1,TSMOM12,7,too few in-sample,163,65.1000,-0.0827,-1.0134,-0.0668,-0.1271,0.4110,0,,,,163,-0.0827,-1.0134,-0.0668,,24:+0.11 25:-0.23 26:-0.06,2024-03-01,2026-09-01
daily,soft,D1,TSMOM3,7,too few in-sample,226,69.5000,-0.1782,-2.7266,-0.1086,-0.2216,0.3850,25,-0.0508,-0.2451,-0.1690,201,-0.1941,-2.8150,-0.1011,0.0000,23:-0.05 24:-0.01 25:-0.32 26:-0.22,2023-06-01,2026-09-01
daily,stock,D1,DON20,30,not selected,1890,98.1000,-0.3260,-8.0046,-0.1768,-0.3442,0.2614,1154,-0.4475,-8.7491,-0.1852,736,-0.1356,-2.0366,-0.1638,0.0000,07:-0.95 08:-0.58 09:-1.05 10:-1.74 11:-0.29 12:-1.99 13:-1.18 14:-2.61 15:-1.14 16:-0.95 17:-0.79 18:-0.58 19:-0.39 20:-0.21 21:-0.33 22:-0.32 23:-0.31 24:-0.13 25:-0.26 26:+0.02,2007-07-06,2026-10-08
daily,stock,D1,DON20_long,30,not selected,982,51.0000,-0.1844,-2.6907,-0.0834,-0.2031,0.2953,603,-0.4010,-4.7816,-0.1101,379,0.1602,1.3917,-0.0410,0.0000,07:-0.52 08:-0.35 09:-0.93 10:-1.90 11:+1.08 12:-2.09 13:-1.34 14:-3.61 15:-1.29 16:-0.77 17:-0.77 18:-0.76 19:-0.20 20:-0.15 21:-0.16 22:-0.49 23:-0.19 24:+0.27 25:-0.01 26:+0.26,2007-07-06,2026-10-08
daily,stock,D1,DON55,30,not selected,923,48.2000,-0.4811,-6.5382,-0.2219,-0.4991,0.2308,546,-0.6527,-6.0932,-0.2729,377,-0.2325,-2.5776,-0.1480,0.0000,07:-1.41 08:-1.16 09:-2.39 10:-2.49 11:-3.19 12:-1.02 13:-2.40 14:-4.27 15:-1.63 16:-2.45 17:+0.36 18:-0.63 19:-0.55 20:-0.38 21:-0.48 22:-0.43 23:-0.31 24:-0.14 25:-0.28 26:-0.29,2007-08-13,2026-10-06
daily,stock,D1,HIGH52,29,not selected,483,28.2000,0.0243,0.2168,-0.1031,0.0091,0.4017,239,-0.2541,-1.3883,-0.2394,244,0.2970,2.3029,0.0304,0.1667,09:-0.86 10:+0.61 11:-1.06 12:+1.09 13:-1.26 14:-5.03 15:-0.70 16:-0.83 17:-0.18 18:-0.78 19:+1.44 20:-0.04 21:+0.23 22:-0.25 23:-0.19 24:+0.48 25:+0.02 26:+0.35,2009-08-31,2026-10-06
daily,stock,D1,MA50_200,30,not selected,1894,101.9000,-0.1103,-4.0831,-0.0955,-0.1224,0.2270,1065,-0.1394,-3.6049,-0.1254,829,-0.0729,-1.9917,-0.0570,0.0667,08:-0.45 09:-0.66 10:-0.31 11:-0.31 12:-0.50 13:-0.51 14:-1.26 15:-0.50 16:-0.60 17:-0.66 18:-0.21 19:-0.05 20:-0.04 21:+0.02 22:-0.06 23:-0.05 24:-0.05 25:-0.09 26:-0.08,2008-03-06,2026-10-08
daily,stock,D1,MA5_20_long,30,not selected,1612,83.5000,-0.0757,-2.2974,-0.0689,-0.0881,0.3046,968,-0.1864,-4.9406,-0.0694,644,0.0906,1.5264,-0.0681,0.1250,07:-0.57 08:-0.45 09:-0.51 10:-0.69 11:-0.70 12:-1.09 13:-0.88 14:-0.78 15:-0.54 16:-0.25 17:-0.40 18:-0.19 19:+0.06 20:-0.06 21:-0.08 22:-0.32 23:+0.04 24:+0.19 25:+0.00 26:+0.08,2007-06-20,2026-10-07
daily,stock,D1,MA5_20_vol_long,24,too few in-sample,73,3.8000,-0.2515,-1.8846,-0.0706,-0.2666,0.3425,43,-0.4547,-2.4667,-0.0921,30,0.0398,0.2220,-0.0397,,07:-1.45 08:-0.64 09:-0.17 10:-1.94 11:-1.76 13:-0.45 14:-0.90 15:-0.70 16:-1.08 17:-0.67 19:+1.14 20:+0.52 21:-1.07 22:+0.21 23:-0.69 24:+0.10 25:-0.34 26:+0.18,2007-07-18,2026-08-20
daily,stock,D1,RSI2,30,not selected,2155,116.0000,-0.0077,-0.6901,-0.0406,-0.0197,0.5981,1214,-0.0194,-1.3430,-0.0528,941,0.0075,0.4336,-0.0249,0.3125,08:-0.22 09:+0.06 10:-0.02 11:-0.21 12:-0.25 13:-0.09 14:-0.13 15:-0.12 16:-0.13 17:+0.04 18:+0.02 19:-0.17 20:+0.03 21:+0.08 22:-0.01 23:-0.04 24:+0.07 25:-0.05 26:-0.00,2008-03-12,2026-10-08
daily,stock,D1,RSI2_long,30,not selected,1309,71.5000,0.0156,1.1416,-0.0150,0.0048,0.6234,660,-0.0030,-0.1558,-0.0190,649,0.0344,1.7691,-0.0110,0.6429,08:-0.19 09:+0.14 10:+0.06 11:-0.18 12:-0.27 13:+0.00 14:-0.09 15:+0.05 16:-0.14 17:+0.04 18:+0.02 19:+0.14 20:+0.06 21:+0.09 22:-0.15 23:+0.02 24:+0.07 25:-0.01 26:+0.05,2008-06-13,2026-10-08
daily,stock,D1,TOM,30,not selected,2571,133.5000,0.0143,0.8960,-0.0299,-0.0044,0.4893,1584,0.0314,1.5755,-0.0255,987,-0.0133,-0.5074,-0.0370,0.2941,07:-0.24 08:-0.21 09:-0.07 10:-0.03 11:-0.06 12:-0.14 13:-0.11 14:-0.30 15:-0.32 16:-0.21 17:-0.02 18:+0.04 19:+0.46 20:+0.27 21:+0.00 22:+0.01 23:-0.02 24:-0.10 25:-0.05 26:+0.14,2007-06-29,2026-09-30
daily,stock,D1,TSMOM12,30,not selected,2195,120.3000,-0.1261,-4.6567,-0.1530,-0.1384,0.4146,1221,-0.2289,-6.2172,-0.2037,974,0.0027,0.0678,-0.0895,0.1250,08:-0.45 09:-0.81 10:-0.60 11:-0.80 12:-0.68 13:-0.93 14:-1.62 15:-0.77 16:-0.53 17:-0.04 18:-0.25 19:-0.09 20:+0.00 21:+0.08 22:-0.17 23:-0.17 24:+0.08 25:-0.12 26:+0.07,2008-06-02,2026-09-01
daily,stock,D1,TSMOM3,30,not selected,2477,130.4000,-0.1860,-7.4668,-0.1597,-0.1985,0.3977,1494,-0.2634,-8.0193,-0.1828,983,-0.0685,-1.8121,-0.1246,0.0000,07:-0.32 08:-0.48 09:-0.37 10:-0.55 11:-1.02 12:-0.44 13:-0.65 14:-1.76 15:-0.75 16:-0.66 17:-0.04 18:-0.19 19:-0.40 20:-0.23 21:-0.23 22:-0.07 23:-0.20 24:+0.06 25:-0.18 26:-0.09,2007-09-04,2026-09-01
daily,us_index,D1,DON20,4,not selected,289,33.7000,-0.2679,-3.9126,-0.1669,-0.2734,0.2803,188,-0.2133,-2.3185,-0.1764,101,-0.3696,-3.8901,-0.1492,0.3333,18:-0.65 19:-0.56 20:+0.56 21:-0.65 22:-0.19 23:+0.29 24:-0.48 25:-0.34 26:-0.28,2018-03-12,2026-10-07
daily,us_index,D1,DON20_long,4,not selected,156,18.2000,-0.1945,-2.1702,-0.1669,-0.1997,0.3462,95,-0.1577,-1.2866,-0.1819,61,-0.2519,-1.9703,-0.1435,0.4000,18:-1.12 19:-0.41 20:+0.16 21:-0.46 22:-0.22 23:+0.97 24:-0.28 25:-0.34 26:-0.11,2018-03-12,2026-10-07
daily,us_index,D1,DON55,4,not selected,144,17.2000,-0.4558,-3.9387,-0.1442,-0.4617,0.2500,94,-0.4434,-2.7303,-0.1120,50,-0.4791,-3.5284,-0.2049,0.4000,18:-0.43 19:-1.33 20:+0.59 21:-0.83 22:-0.66 23:+0.01 24:-0.89 25:-0.26 26:-0.31,2018-05-17,2026-10-07
daily,us_index,D1,HIGH52,4,not selected,127,17.0000,-0.2775,-2.7796,-0.1220,-0.2827,0.3622,64,-0.3288,-2.1808,-0.1422,63,-0.2255,-1.7146,-0.1015,0.2500,19:-0.81 20:-0.12 21:-0.63 23:+0.81 24:-0.17 25:-0.38 26:-0.16,2019-04-22,2026-10-07
daily,us_index,D1,MA50_200,4,not selected,272,34.5000,-0.0952,-2.4118,-0.0995,-0.0989,0.2353,176,-0.1288,-2.4029,-0.0962,96,-0.0335,-0.6311,-0.1055,0.2000,18:+0.17 19:-0.45 20:-0.11 21:-0.18 22:-0.05 23:+0.04 24:-0.11 25:-0.01 26:+0.03,2018-11-23,2026-10-09
daily,us_index,D1,MA5_20_long,4,not selected,246,28.7000,-0.0598,-1.4197,-0.0893,-0.0631,0.3780,158,-0.0775,-1.4188,-0.0939,88,-0.0279,-0.4272,-0.0812,0.3333,18:-0.50 19:-0.08 20:+0.15 21:-0.11 22:-0.16 23:+0.14 24:-0.01 25:-0.04 26:-0.03,2018-02-21,2026-09-23
daily,us_index,D1,MA5_20_vol_long,2,too few in-sample,4,0.7000,-0.1819,-1.7816,0.0494,-0.1864,0.2500,2,-0.0069,,0.1321,2,-0.3569,,-0.0333,,20:-0.02 21:+0.01 24:-0.39 26:-0.32,2020-10-01,2026-03-03
daily,us_index,D1,RSI2,4,not selected,367,46.4000,0.0468,2.1418,-0.0212,0.0429,0.6730,233,0.0103,0.3533,-0.0280,134,0.1101,3.5811,-0.0093,0.6000,18:+0.06 19:-0.11 20:-0.11 21:+0.13 22:+0.07 23:+0.00 24:+0.06 25:+0.08 26:+0.20,2018-11-02,2026-10-02
daily,us_index,D1,RSI2_long,4,not selected,269,36.4000,0.0447,1.6326,-0.0197,0.0409,0.6989,144,-0.0174,-0.4132,-0.0312,125,0.1162,3.5629,-0.0064,0.5000,19:-0.13 20:-0.18 21:+0.13 22:-0.30 23:+0.02 24:+0.06 25:+0.10 26:+0.20,2019-05-10,2026-10-02
daily,us_index,D1,TOM,4,not selected,402,46.8000,-0.0003,-0.0090,-0.0152,-0.0061,0.5299,270,0.0020,0.0478,-0.0251,132,-0.0049,-0.0862,0.0050,0.3333,18:-0.00 19:-0.06 20:+0.14 21:-0.09 22:-0.05 23:+0.07 24:-0.06 25:-0.16 26:+0.27,2018-02-28,2026-09-30
daily,us_index,D1,TSMOM12,4,not selected,353,46.6000,-0.0539,-1.0676,-0.1214,-0.0577,0.4844,221,-0.0919,-1.4105,-0.1398,132,0.0098,0.1229,-0.0908,0.2000,19:-0.33 20:-0.18 21:+0.01 22:-0.03 23:-0.01 24:+0.00 25:+0.02 26:+0.00,2019-02-01,2026-09-01
daily,us_index,D1,TSMOM3,4,not selected,390,46.8000,-0.1159,-2.4550,-0.1466,-0.1198,0.4333,258,-0.1549,-2.6181,-0.1582,132,-0.0395,-0.5081,-0.1239,0.1667,18:-0.09 19:-0.41 20:-0.21 21:-0.18 22:+0.04 23:-0.08 24:-0.14 25:+0.15 26:-0.16,2018-05-01,2026-09-01
intraday,crypto,london24,ASIA_BO7,7,not selected,10012,1143.5000,-0.4812,-23.5995,-0.5276,-0.9793,0.3667,5804,-0.7267,-22.0396,-0.7909,4208,-0.1427,-9.2303,-0.1644,0.1667,18:-1.05 19:-2.94 20:-1.26 21:+0.04 22:-0.17 23:-0.19 24:-0.20 25:-0.16 26:-0.06,2018-01-03,2026-10-06
intraday,crypto,london24,ASIA_BO7_mid,7,not selected,10012,1143.5000,-0.9894,-25.1991,-1.0555,-1.9850,0.2963,5804,-1.5261,-23.8349,-1.6065,4208,-0.2491,-9.3915,-0.2955,0.1667,18:-2.16 19:-6.00 20:-2.59 21:+0.01 22:-0.37 23:-0.48 24:-0.36 25:-0.27 26:-0.10,2018-01-03,2026-10-06
intraday,crypto,london24,ASIA_BO8,7,not selected,9566,1091.9000,-0.4427,-22.7550,-0.4932,-0.9067,0.3618,5513,-0.6720,-21.2875,-0.7418,4053,-0.1307,-8.7566,-0.1550,0.1667,18:-1.02 19:-2.68 20:-1.09 21:+0.02 22:-0.15 23:-0.17 24:-0.19 25:-0.17 26:-0.02,2018-01-03,2026-10-08
intraday,crypto,us_cash,FHR0.5,7,not selected,497,57.5000,-1.1564,-8.3364,-0.9533,-2.0303,0.2294,238,-1.7342,-6.4241,-1.6646,259,-0.6255,-7.3750,-0.2996,0.0000,18:-4.38 19:-5.38 20:-1.75 21:-0.36 22:-0.28 23:-0.47 24:-0.91 25:-0.73 26:-0.30,2018-02-06,2026-09-30
intraday,crypto,us_cash,FHR0.8,7,not selected,122,14.6000,-1.7069,-4.3719,-1.5213,-3.0301,0.1885,64,-2.4018,-3.3114,-2.5078,58,-0.9401,-6.7630,-0.4328,0.0000,18:-7.60 19:-5.93 20:-1.62 21:+1.08 22:-0.25 23:-0.26 24:-1.17 25:-0.70 26:-0.89,2018-05-14,2026-09-24
intraday,crypto,us_cash,GAPfade0.5,7,not selected,4257,487.9000,-0.3275,-21.9944,-0.2825,-0.5959,0.3782,2562,-0.4482,-19.8016,-0.4189,1695,-0.1451,-10.3700,-0.0763,0.0000,18:-0.69 19:-1.39 20:-0.80 21:-0.07 22:-0.00 23:-0.16 24:-0.17 25:-0.14 26:-0.13,2018-01-16,2026-10-08
intraday,crypto,us_cash,GAPfade1.0,7,not selected,1574,180.4000,-0.2277,-12.4345,-0.2034,-0.4224,0.3977,1023,-0.3057,-11.7222,-0.2808,551,-0.0827,-4.5318,-0.0598,0.0000,18:-0.47 19:-0.97 20:-0.47 21:-0.01 22:-0.01 23:-0.07 24:-0.11 25:-0.03 26:-0.11,2018-01-16,2026-10-07
intraday,crypto,us_cash,GAPgo0.5,7,not selected,4257,487.9000,-0.2346,-14.8065,-0.2890,-0.5030,0.3963,2562,-0.3776,-15.9118,-0.4239,1695,-0.0183,-1.1557,-0.0852,0.0000,18:-0.56 19:-1.15 20:-0.70 21:-0.02 22:-0.14 23:-0.04 24:-0.02 25:-0.07 26:+0.04,2018-01-16,2026-10-08
intraday,crypto,us_cash,GAPgo1.0,7,not selected,1574,180.4000,-0.1731,-9.1752,-0.2047,-0.3679,0.3825,1023,-0.2497,-9.2290,-0.2879,551,-0.0310,-1.7142,-0.0502,0.0000,18:-0.25 19:-0.78 20:-0.44 21:-0.01 22:-0.07 23:-0.05 24:-0.02 25:-0.10 26:+0.04,2018-01-16,2026-10-07
intraday,crypto,us_cash,IMOM_30,7,not selected,11772,1349.1000,-0.9310,-39.6785,-0.9272,-1.8022,0.2279,7088,-1.3728,-36.3515,-1.3747,4684,-0.2625,-35.9164,-0.2501,0.0000,18:-2.29 19:-4.25 20:-2.54 21:-0.13 22:-0.25 23:-0.29 24:-0.28 25:-0.26 26:-0.25,2018-01-16,2026-10-08
intraday,crypto,us_cash,IMOM_day,7,not selected,11893,1363.0000,-0.9499,-39.1435,-0.9563,-1.8494,0.2295,7185,-1.4076,-36.1407,-1.4175,4708,-0.2513,-34.4609,-0.2525,0.0000,18:-2.32 19:-4.35 20:-2.60 21:-0.13 22:-0.23 23:-0.29 24:-0.27 25:-0.25 26:-0.22,2018-01-16,2026-10-08
intraday,crypto,us_cash,IMOM_ovn,7,not selected,11921,1366.2000,-0.9567,-39.4790,-0.9584,-1.8570,0.2310,7214,-1.4194,-36.5800,-1.4184,4707,-0.2477,-33.6222,-0.2534,0.0000,18:-2.30 19:-4.37 20:-2.59 21:-0.12 22:-0.28 23:-0.31 24:-0.28 25:-0.24 26:-0.22,2018-01-16,2026-10-08
intraday,crypto,us_cash,NB,7,not selected,6511,747.6000,-2.9899,-18.6230,-3.1814,-5.9887,0.2519,3878,-4.6659,-17.7291,-4.9034,2633,-0.5215,-8.8100,-0.6451,0.0000,18:-8.91 19:-16.72 20:-7.49 21:-0.32 22:-0.50 23:-0.44 24:-0.60 25:-0.42 26:-0.56,2018-01-22,2026-10-08
intraday,crypto,us_cash,OC15,7,not selected,11759,1341.8000,-3.9097,-21.2444,-3.9632,-7.8657,0.1937,7061,-6.1992,-20.5406,-6.2193,4698,-0.4686,-9.8982,-0.5723,0.0000,18:-9.79 19:-24.49 20:-9.00 21:-0.43 22:-0.41 23:-0.83 24:-0.63 25:-0.44 26:-0.32,2018-01-02,2026-10-08
intraday,crypto,us_cash,OC30,7,not selected,11819,1348.6000,-2.8880,-20.9850,-2.9282,-5.8148,0.2366,7126,-4.5545,-20.2607,-4.5759,4693,-0.3575,-9.6999,-0.4263,0.0000,18:-7.41 19:-17.19 20:-7.14 21:-0.20 22:-0.37 23:-0.54 24:-0.55 25:-0.31 26:-0.19,2018-01-02,2026-10-08
intraday,crypto,us_cash,OC30_2R,7,not selected,11819,1348.6000,-3.0287,-22.2042,-3.0386,-5.9556,0.3082,7126,-4.7337,-21.1919,-4.7283,4693,-0.4399,-17.8662,-0.4729,0.0000,18:-7.79 19:-17.52 20:-7.14 21:-0.28 22:-0.52 23:-0.76 24:-0.55 25:-0.45 26:-0.30,2018-01-02,2026-10-08
intraday,crypto,us_cash,OC60,7,not selected,11888,1356.5000,-1.9649,-21.1607,-2.0123,-3.9325,0.2890,7189,-3.0669,-20.2823,-3.1117,4699,-0.2789,-10.7685,-0.3305,0.0000,18:-5.46 19:-11.00 20:-4.73 21:-0.13 22:-0.24 23:-0.45 24:-0.35 25:-0.25 26:-0.24,2018-01-02,2026-10-08
intraday,crypto,us_cash,ORB15,7,not selected,11953,1363.9000,-2.6952,-19.1199,-2.7486,-5.4494,0.2448,7237,-4.2737,-18.5753,-4.3255,4716,-0.2728,-8.8836,-0.3289,0.0000,18:-6.27 19:-17.73 20:-5.79 21:-0.16 22:-0.17 23:-0.47 24:-0.42 25:-0.25 26:-0.14,2018-01-02,2026-10-08
intraday,crypto,us_cash,ORB30,7,not selected,11837,1350.7000,-1.7996,-19.5610,-1.8705,-3.6610,0.2980,7170,-2.8514,-19.0402,-2.9332,4667,-0.1836,-7.5545,-0.2378,0.0000,18:-4.05 19:-11.48 20:-4.19 21:-0.02 22:-0.16 23:-0.32 24:-0.26 25:-0.17 26:-0.12,2018-01-02,2026-10-08
intraday,crypto,us_cash,ORB30_mid,7,not selected,11837,1350.7000,-3.8135,-20.9354,-3.8336,-7.5331,0.1760,7170,-5.9508,-20.0358,-5.9796,4667,-0.5299,-13.9778,-0.5366,0.0000,18:-8.19 19:-23.25 20:-8.52 21:-0.41 22:-0.44 23:-1.06 24:-0.66 25:-0.50 26:-0.42,2018-01-02,2026-10-08
intraday,crypto,us_cash,ORB60,7,not selected,11234,1281.9000,-1.1673,-22.0161,-1.2450,-2.3813,0.3377,6816,-1.8306,-21.3745,-1.9243,4418,-0.1438,-7.9637,-0.1970,0.0000,18:-3.03 19:-6.78 20:-3.01 21:-0.05 22:-0.10 23:-0.07 24:-0.20 25:-0.11 26:-0.11,2018-01-02,2026-10-08
intraday,energy,nymex,FHR0.5,3,not selected,196,34.6000,-0.9858,-5.8846,-0.8220,-1.6942,0.1684,75,-0.6144,-4.5133,-0.2661,121,-1.2160,-4.7465,-1.1665,0.0000,21:-0.27 22:-0.54 23:-0.97 24:-0.78 25:-0.31 26:-2.88,2021-01-22,2026-09-25
intraday,energy,nymex,FHR0.8,3,too few in-sample,39,7.7000,-1.1528,-4.7179,-0.7296,-1.4817,0.0256,18,-1.0886,-84.1861,-0.2848,21,-1.2078,-2.6342,-1.1108,,21:-1.02 22:-1.08 23:-1.11 24:-0.54 25:-1.11 26:-3.17,2021-06-18,2026-07-09
intraday,energy,nymex,GAPfade0.5,3,not selected,1074,187.5000,-0.1090,-5.0946,-0.1219,-0.2230,0.4125,419,0.0056,0.1628,-0.0273,655,-0.1823,-6.7259,-0.1825,0.3333,21:-0.03 22:-0.02 23:+0.05 24:-0.05 25:-0.20 26:-0.26,2021-01-15,2026-10-08
intraday,energy,nymex,GAPfade1.0,3,not selected,241,42.2000,-0.0321,-1.0095,-0.0678,-0.0913,0.4730,74,0.0472,0.7517,0.0424,167,-0.0673,-1.8520,-0.1167,0.6667,21:-0.02 22:+0.06 23:+0.12 24:+0.06 25:-0.07 26:-0.10,2021-01-22,2026-10-08
intraday,energy,nymex,GAPgo0.5,3,not selected,1074,187.5000,-0.1227,-5.4281,-0.1069,-0.2367,0.4581,419,-0.0369,-1.0264,-0.0075,655,-0.1776,-6.1475,-0.1705,0.0000,21:-0.04 22:-0.02 23:-0.06 24:-0.06 25:-0.12 26:-0.32,2021-01-15,2026-10-08
intraday,energy,nymex,GAPgo1.0,3,not selected,241,42.2000,-0.0927,-2.8468,-0.0506,-0.1519,0.4191,74,-0.0649,-1.0062,-0.0533,167,-0.1050,-2.8084,-0.0495,0.3333,21:+0.00 22:-0.07 23:-0.15 24:-0.14 25:-0.12 26:-0.08,2021-01-22,2026-10-08
intraday,energy,nymex,IMOM_30,3,not selected,3199,558.5000,-0.3155,-20.1431,-0.3097,-0.6221,0.3867,1312,-0.0680,-4.0533,-0.0437,1887,-0.4876,-21.1600,-0.4946,0.0000,21:-0.07 22:-0.07 23:-0.07 24:-0.16 25:-0.44 26:-0.85,2021-01-15,2026-10-08
intraday,energy,nymex,IMOM_day,3,not selected,3214,561.1000,-0.3402,-21.5208,-0.3140,-0.6468,0.3687,1316,-0.0631,-3.7272,-0.0541,1898,-0.5322,-23.0939,-0.4942,0.0000,21:-0.01 22:-0.07 23:-0.09 24:-0.18 25:-0.48 26:-0.93,2021-01-15,2026-10-08
intraday,energy,nymex,IMOM_ovn,3,not selected,3211,560.6000,-0.3353,-21.2406,-0.3123,-0.6415,0.3728,1315,-0.0956,-5.6995,-0.0511,1896,-0.5015,-21.5044,-0.4934,0.0000,21:-0.09 22:-0.16 23:-0.04 24:-0.14 25:-0.44 26:-0.91,2021-01-15,2026-10-08
intraday,energy,nymex,NB,3,not selected,1914,336.1000,-0.6009,-10.0011,-0.5957,-1.1910,0.3260,785,-0.0959,-1.2375,-0.1078,1129,-0.9520,-11.2108,-0.9349,0.0000,21:-0.11 22:-0.09 23:-0.10 24:-0.09 25:-1.08 26:-1.57,2021-01-27,2026-10-08
intraday,energy,nymex,OC15,3,not selected,3219,558.0000,-0.5934,-11.6924,-0.6090,-1.2156,0.2227,1331,-0.1322,-2.1174,-0.0809,1888,-0.9186,-12.4800,-0.9814,0.3333,20:-1.02 21:-0.14 22:+0.03 23:-0.28 24:-0.27 25:-0.80 26:-1.69,2020-12-31,2026-10-08
intraday,energy,nymex,OC30,3,not selected,3228,559.6000,-0.4676,-11.2501,-0.4693,-0.9605,0.2677,1332,-0.0930,-1.7711,-0.0646,1896,-0.7308,-12.2470,-0.7537,0.3333,20:-1.02 21:-0.11 22:+0.02 23:-0.19 24:-0.31 25:-0.68 26:-1.20,2020-12-31,2026-10-08
intraday,energy,nymex,OC30_2R,3,not selected,3228,559.6000,-0.4946,-15.2605,-0.4926,-0.9875,0.3299,1332,-0.1148,-3.1739,-0.0701,1896,-0.7615,-15.8455,-0.7894,0.0000,20:-1.02 21:-0.16 22:-0.10 23:-0.10 24:-0.31 25:-0.70 26:-1.27,2020-12-31,2026-10-08
intraday,energy,nymex,OC60,3,not selected,3226,559.2000,-0.3449,-11.8963,-0.3059,-0.6703,0.3323,1334,-0.0237,-0.5829,-0.0103,1892,-0.5713,-14.4809,-0.5144,0.3333,20:-1.01 21:+0.02 22:-0.04 23:-0.03 24:-0.24 25:-0.53 26:-0.95,2020-12-31,2026-10-08
intraday,energy,nymex,ORB15,3,not selected,3243,562.2000,-0.3683,-11.0574,-0.3625,-0.7557,0.2825,1336,-0.0401,-0.8599,-0.0290,1907,-0.5982,-13.1282,-0.5961,0.3333,20:-1.01 21:-0.01 22:+0.04 23:-0.14 24:-0.22 25:-0.54 26:-1.04,2020-12-31,2026-10-08
intraday,energy,nymex,ORB30,3,not selected,3226,559.2000,-0.2700,-9.5807,-0.2820,-0.5679,0.3404,1333,-0.0089,-0.2227,0.0034,1893,-0.4539,-11.8202,-0.4830,0.6667,20:-1.01 21:+0.06 22:+0.06 23:-0.12 24:-0.21 25:-0.40 26:-0.75,2020-12-31,2026-10-08
intraday,energy,nymex,ORB30_mid,3,not selected,3226,559.2000,-0.6872,-15.8598,-0.6605,-1.2829,0.1981,1333,-0.1642,-2.7702,-0.1137,1893,-1.0555,-17.7446,-1.0455,0.3333,20:-1.02 21:-0.14 22:+0.00 23:-0.34 24:-0.45 25:-0.95 26:-1.76,2020-12-31,2026-10-08
intraday,energy,nymex,ORB60,3,not selected,3111,539.3000,-0.1956,-9.2494,-0.1840,-0.4074,0.3992,1273,0.0313,1.0374,0.0131,1838,-0.3527,-12.3805,-0.3205,0.6667,20:-1.01 21:+0.13 22:-0.00 23:+0.00 24:-0.17 25:-0.31 26:-0.58,2020-12-31,2026-10-08
intraday,forex,london24,ASIA_BO7,28,not selected,75021,6375.4000,-0.0579,-12.4574,-0.0718,-0.1126,0.4086,57718,-0.0597,-11.0823,-0.0728,17303,-0.0518,-5.6897,-0.0685,0.2222,15:-0.09 16:-0.07 17:-0.09 18:-0.07 19:-0.12 20:+0.02 21:-0.06 22:+0.01 23:-0.07 24:-0.06 25:-0.05 26:-0.04,2015-01-02,2026-10-09
intraday,forex,london24,ASIA_BO7_mid,28,not selected,75021,6375.4000,-0.1998,-29.4511,-0.1821,-0.3093,0.2763,57718,-0.2059,-26.4828,-0.1841,17303,-0.1794,-12.9318,-0.1752,0.0000,15:-0.30 16:-0.27 17:-0.26 18:-0.26 19:-0.28 20:-0.05 21:-0.16 22:-0.07 23:-0.22 24:-0.21 25:-0.19 26:-0.12,2015-01-02,2026-10-09
intraday,forex,london24,ASIA_BO8,28,not selected,71290,6058.3000,-0.0434,-10.6746,-0.0632,-0.0912,0.4344,55175,-0.0387,-8.2511,-0.0647,16115,-0.0594,-7.3572,-0.0580,0.2222,15:-0.04 16:-0.05 17:-0.07 18:-0.06 19:-0.07 20:+0.04 21:-0.06 22:+0.01 23:-0.05 24:-0.08 25:-0.06 26:-0.03,2015-01-02,2026-10-09
intraday,forex,ny_fx,FHR0.5,28,not selected,3477,296.6000,-0.1485,-4.8807,-0.1755,-0.2749,0.2896,2573,-0.1365,-3.7946,-0.1286,904,-0.1825,-3.2232,-0.3092,0.2222,15:-0.38 16:-0.02 17:-0.29 18:-0.16 19:-0.40 20:-0.08 21:-0.09 22:+0.15 23:+0.03 24:-0.15 25:-0.11 26:-0.37,2015-01-16,2026-10-07
intraday,forex,ny_fx,FHR0.8,28,not selected,902,77.3000,-0.2976,-4.9774,-0.1334,-0.4087,0.2350,643,-0.2804,-3.8367,-0.0673,259,-0.3405,-3.3250,-0.2974,0.0000,15:-0.22 16:-0.02 17:-0.59 18:-0.13 19:-0.77 20:-0.84 21:-0.67 22:-0.08 23:-0.01 24:-0.33 25:-0.45 26:-0.24,2015-01-30,2026-10-02
intraday,forex,ny_fx,GAPfade0.5,28,not selected,29107,2482.2000,-0.0440,-11.9883,-0.0409,-0.0741,0.4774,22302,-0.0462,-10.9900,-0.0427,6805,-0.0367,-4.8862,-0.0351,0.0000,15:-0.06 16:-0.05 17:-0.07 18:-0.05 19:-0.06 20:-0.02 21:-0.05 22:-0.03 23:-0.02 24:-0.06 25:+0.02 26:-0.08,2015-01-16,2026-10-08
intraday,forex,ny_fx,GAPfade1.0,28,not selected,7396,631.5000,-0.0147,-2.9038,-0.0265,-0.0336,0.4851,5585,-0.0211,-3.5890,-0.0283,1811,0.0048,0.4801,-0.0208,0.3333,15:-0.06 16:+0.03 17:-0.05 18:-0.04 19:-0.05 20:+0.02 21:-0.06 22:-0.00 23:+0.01 24:-0.05 25:+0.09 26:-0.04,2015-01-20,2026-10-07
intraday,forex,ny_fx,GAPgo0.5,28,not selected,29107,2482.2000,-0.0437,-11.0554,-0.0449,-0.0738,0.4631,22302,-0.0452,-10.0572,-0.0454,6805,-0.0386,-4.6683,-0.0432,0.0000,15:-0.05 16:-0.08 17:-0.04 18:-0.04 19:-0.08 20:-0.03 21:-0.03 22:-0.02 23:-0.04 24:-0.01 25:-0.10 26:+0.01,2015-01-16,2026-10-08
intraday,forex,ny_fx,GAPgo1.0,28,not selected,7396,631.5000,-0.0383,-7.4162,-0.0250,-0.0572,0.4594,5585,-0.0351,-5.9288,-0.0265,1811,-0.0484,-4.5558,-0.0206,0.1111,15:-0.02 16:-0.10 17:-0.01 18:-0.02 19:-0.03 20:-0.05 21:+0.01 22:-0.02 23:-0.05 24:+0.01 25:-0.13 26:-0.01,2015-01-20,2026-10-07
intraday,forex,ny_fx,IMOM_30,28,not selected,84297,7188.8000,-0.1271,-100.8858,-0.1308,-0.2235,0.3301,64282,-0.1309,-88.2366,-0.1367,20015,-0.1147,-49.2564,-0.1118,0.0000,15:-0.16 16:-0.17 17:-0.17 18:-0.15 19:-0.22 20:-0.07 21:-0.10 22:-0.06 23:-0.09 24:-0.12 25:-0.11 26:-0.11,2015-01-16,2026-10-08
intraday,forex,ny_fx,IMOM_day,28,not selected,84631,7217.2000,-0.1342,-106.9798,-0.1297,-0.2307,0.3241,64536,-0.1367,-92.4300,-0.1349,20095,-0.1261,-54.5664,-0.1129,0.0000,15:-0.18 16:-0.19 17:-0.18 18:-0.14 19:-0.23 20:-0.08 21:-0.08 22:-0.07 23:-0.07 24:-0.12 25:-0.13 26:-0.13,2015-01-16,2026-10-08
intraday,forex,ny_fx,IMOM_ovn,28,not selected,84644,7218.4000,-0.1344,-106.7483,-0.1310,-0.2309,0.3237,64541,-0.1418,-95.4524,-0.1366,20103,-0.1104,-47.9799,-0.1131,0.0000,15:-0.18 16:-0.18 17:-0.18 18:-0.16 19:-0.23 20:-0.08 21:-0.10 22:-0.08 23:-0.09 24:-0.11 25:-0.11 26:-0.11,2015-01-16,2026-10-08
intraday,forex,ny_fx,NB,28,not selected,54222,4630.5000,-0.5357,-40.3262,-0.3699,-0.8127,0.3062,41530,-0.5344,-35.5443,-0.3895,12692,-0.5399,-19.0831,-0.3059,0.0000,15:-0.64 16:-0.78 17:-0.74 18:-0.64 19:-0.72 20:-0.45 21:-0.41 22:-0.19 23:-0.23 24:-0.56 25:-0.56 26:-0.49,2015-01-22,2026-10-08
intraday,forex,ny_fx,OC15,28,not selected,84252,7161.5000,-0.4965,-44.2010,-0.4715,-0.8119,0.1508,64350,-0.5081,-38.9865,-0.4783,19902,-0.4590,-20.8326,-0.4497,0.0000,15:-0.55 16:-0.85 17:-0.64 18:-0.53 19:-0.77 20:-0.28 21:-0.41 22:-0.19 23:-0.35 24:-0.46 25:-0.45 26:-0.46,2015-01-02,2026-10-08
intraday,forex,ny_fx,OC30,28,not selected,84348,7169.7000,-0.3220,-34.1166,-0.2953,-0.5467,0.2122,64431,-0.3216,-29.4570,-0.3068,19917,-0.3234,-17.2729,-0.2578,0.0000,15:-0.36 16:-0.51 17:-0.37 18:-0.30 19:-0.52 20:-0.27 21:-0.32 22:-0.10 23:-0.17 24:-0.26 25:-0.36 26:-0.37,2015-01-02,2026-10-08
intraday,forex,ny_fx,OC30_2R,28,not selected,84348,7169.7000,-0.3690,-68.4797,-0.3425,-0.5936,0.3193,64431,-0.3725,-59.0062,-0.3530,19917,-0.3577,-35.1255,-0.3087,0.0000,15:-0.48 16:-0.51 17:-0.47 18:-0.38 19:-0.54 20:-0.21 21:-0.37 22:-0.15 23:-0.25 24:-0.35 25:-0.37 26:-0.35,2015-01-02,2026-10-08
intraday,forex,ny_fx,OC60,28,not selected,84755,7204.3000,-0.2044,-31.1231,-0.1849,-0.3401,0.3117,64705,-0.2144,-29.8834,-0.1962,20050,-0.1720,-11.2353,-0.1485,0.0000,15:-0.20 16:-0.38 17:-0.29 18:-0.17 19:-0.31 20:-0.19 21:-0.15 22:-0.09 23:-0.15 24:-0.16 25:-0.17 26:-0.19,2015-01-02,2026-10-08
intraday,forex,ny_fx,ORB15,28,not selected,85041,7228.6000,-0.3210,-38.9214,-0.3187,-0.5107,0.1999,64915,-0.3219,-33.8925,-0.3249,20126,-0.3180,-19.1472,-0.2985,0.0000,15:-0.37 16:-0.54 17:-0.44 18:-0.32 19:-0.48 20:-0.20 21:-0.22 22:-0.13 23:-0.20 24:-0.31 25:-0.34 26:-0.31,2015-01-02,2026-10-08
intraday,forex,ny_fx,ORB30,28,not selected,84967,7222.3000,-0.1988,-30.9400,-0.2153,-0.3280,0.2820,64855,-0.1964,-26.9055,-0.2206,20112,-0.2064,-15.2772,-0.1984,0.0000,15:-0.22 16:-0.37 17:-0.24 18:-0.14 19:-0.31 20:-0.18 21:-0.13 22:-0.05 23:-0.12 24:-0.15 25:-0.24 26:-0.24,2015-01-02,2026-10-08
intraday,forex,ny_fx,ORB30_mid,28,not selected,84967,7222.3000,-0.7406,-93.2158,-0.5924,-0.9985,0.1056,64855,-0.7482,-82.4494,-0.6082,20112,-0.7159,-43.5572,-0.5417,0.0000,15:-0.85 16:-0.97 17:-0.83 18:-0.74 19:-0.96 20:-0.63 21:-0.74 22:-0.49 23:-0.52 24:-0.68 25:-0.72 26:-0.76,2015-01-02,2026-10-08
intraday,forex,ny_fx,ORB60,28,not selected,83277,7078.6000,-0.1222,-27.5093,-0.1171,-0.2056,0.3845,63638,-0.1260,-24.8253,-0.1232,19639,-0.1097,-11.9645,-0.0975,0.0000,15:-0.13 16:-0.24 17:-0.16 18:-0.09 19:-0.17 20:-0.15 21:-0.08 22:-0.02 23:-0.09 24:-0.12 25:-0.10 26:-0.11,2015-01-02,2026-10-08
intraday,index,au_cash,FHR0.5,1,not selected,131,18.1000,-0.5963,-3.3720,-0.5649,-1.1885,0.2977,71,-0.7837,-2.6904,-0.8360,60,-0.3747,-2.1703,-0.2440,0.5000,19:+0.17 20:-2.14 21:-1.32 22:+0.06 23:+0.54 24:-0.14 25:-0.64 26:-0.27,2019-07-05,2026-10-01
intraday,index,au_cash,FHR0.8,1,too few in-sample,25,3.6000,-0.9152,-1.9531,-1.0354,-1.8813,0.2000,16,-1.0111,-1.4439,-1.3190,9,-0.7447,-1.7112,-0.5313,,19:-1.00 20:-2.33 21:-1.79 22:+0.71 23:+0.81 24:-1.15 25:-0.25 26:-1.13,2019-10-02,2026-10-01
intraday,index,au_cash,GAPfade0.5,1,not selected,697,93.5000,-0.1569,-6.6215,-0.1048,-0.2596,0.4161,406,-0.2254,-7.2079,-0.1593,291,-0.0614,-1.7235,-0.0288,0.0000,19:-0.26 20:-0.30 21:-0.37 22:-0.10 23:-0.20 24:-0.13 25:-0.03 26:+0.01,2019-04-24,2026-10-08
intraday,index,au_cash,GAPfade1.0,1,not selected,194,26.1000,-0.0312,-0.9294,-0.0594,-0.0899,0.4845,108,-0.0584,-1.3247,-0.0958,86,0.0030,0.0582,-0.0138,0.2000,19:-0.21 20:-0.08 21:-0.02 22:-0.02 23:+0.00 24:-0.11 25:+0.21 26:-0.03,2019-04-24,2026-10-01
intraday,index,au_cash,GAPgo0.5,1,not selected,697,93.5000,-0.0485,-1.8850,-0.1023,-0.1512,0.4491,406,-0.0955,-2.7677,-0.1607,291,0.0171,0.4462,-0.0208,0.4000,19:-0.26 20:-0.26 21:-0.38 22:+0.06 23:+0.15 24:+0.09 25:-0.01 26:-0.06,2019-04-24,2026-10-08
intraday,index,au_cash,GAPgo1.0,1,not selected,194,26.1000,-0.0891,-2.6758,-0.0612,-0.1478,0.4124,108,-0.1371,-3.2327,-0.0995,86,-0.0289,-0.5501,-0.0130,0.2000,19:-0.11 20:-0.26 21:-0.42 22:+0.00 23:-0.04 24:+0.07 25:-0.23 26:+0.02,2019-04-24,2026-10-01
intraday,index,au_cash,IMOM_30,1,not selected,1694,227.1000,-0.3421,-19.6896,-0.3381,-0.6812,0.3028,1000,-0.5195,-19.8775,-0.5227,694,-0.0865,-5.8090,-0.0720,0.0000,19:-0.91 20:-0.95 21:-0.91 22:-0.10 23:-0.08 24:-0.08 25:-0.11 26:-0.06,2019-04-24,2026-10-09
intraday,index,au_cash,IMOM_day,1,not selected,1719,230.4000,-0.3495,-19.9908,-0.3430,-0.6951,0.2955,1025,-0.5284,-20.2420,-0.5281,694,-0.0851,-5.7384,-0.0695,0.0000,19:-0.94 20:-0.93 21:-0.94 22:-0.07 23:-0.11 24:-0.12 25:-0.08 26:-0.05,2019-04-24,2026-10-09
intraday,index,au_cash,IMOM_ovn,1,not selected,1727,231.5000,-0.3395,-19.3853,-0.3457,-0.6853,0.3052,1028,-0.5144,-19.5807,-0.5332,699,-0.0823,-5.5322,-0.0700,0.0000,19:-0.97 20:-0.88 21:-0.95 22:-0.06 23:-0.09 24:-0.08 25:-0.07 26:-0.10,2019-04-24,2026-10-09
intraday,index,au_cash,NB,1,not selected,972,130.7000,-0.6052,-7.2553,-0.6754,-1.2888,0.2973,597,-0.9649,-8.1665,-0.9988,375,-0.0327,-0.3269,-0.1605,0.0000,19:-3.15 20:-1.28 21:-1.55 22:-0.12 23:-0.14 24:-0.02 25:-0.01 26:-0.08,2019-05-01,2026-10-07
intraday,index,au_cash,OC15,1,not selected,1684,224.4000,-0.5967,-9.3903,-0.6119,-1.2258,0.2571,1002,-0.9608,-10.4987,-0.9569,682,-0.0619,-0.8090,-0.1049,0.0000,19:-2.33 20:-1.46 21:-1.38 22:-0.15 23:-0.41 24:-0.21 25:+0.03 26:+0.01,2019-04-08,2026-10-09
intraday,index,au_cash,OC30,1,not selected,1703,226.9000,-0.3888,-7.3003,-0.4572,-0.8548,0.3071,1009,-0.6465,-9.0505,-0.7006,694,-0.0141,-0.1821,-0.1033,0.0000,19:-2.28 20:-0.90 21:-0.80 22:-0.13 23:-0.19 24:-0.12 25:+0.06 26:+0.03,2019-04-08,2026-10-09
intraday,index,au_cash,OC30_2R,1,not selected,1703,226.9000,-0.4533,-12.4098,-0.4857,-0.9194,0.3435,1009,-0.7036,-13.7400,-0.7280,694,-0.0894,-1.9178,-0.1335,0.0000,19:-2.08 20:-1.06 21:-0.96 22:-0.19 23:-0.16 24:-0.22 25:+0.00 26:-0.04,2019-04-08,2026-10-09
intraday,index,au_cash,OC60,1,not selected,1710,227.9000,-0.3625,-9.2926,-0.3640,-0.7353,0.3363,1020,-0.5821,-10.5799,-0.5576,690,-0.0379,-0.7612,-0.0777,0.0000,19:-1.45 20:-0.75 21:-0.93 22:-0.13 23:-0.21 24:-0.20 25:+0.15 26:-0.06,2019-04-08,2026-10-09
intraday,index,au_cash,ORB15,1,not selected,1740,231.9000,-0.3854,-8.7683,-0.3814,-0.7886,0.3080,1042,-0.6421,-11.1301,-0.5895,698,-0.0020,-0.0315,-0.0707,0.0000,19:-1.90 20:-0.96 21:-0.84 22:-0.17 23:-0.16 24:-0.06 25:+0.05 26:+0.00,2019-04-08,2026-10-09
intraday,index,au_cash,ORB30,1,not selected,1720,229.2000,-0.3116,-9.4326,-0.3159,-0.6250,0.3477,1031,-0.4973,-11.1356,-0.4802,689,-0.0336,-0.7251,-0.0702,0.0000,19:-1.58 20:-0.58 21:-0.64 22:-0.16 23:-0.18 24:-0.21 25:+0.11 26:+0.01,2019-04-08,2026-10-09
intraday,index,au_cash,ORB30_mid,1,not selected,1720,229.2000,-0.6637,-12.4697,-0.6349,-1.2888,0.2337,1031,-1.0336,-14.2543,-0.9573,689,-0.1102,-1.5355,-0.1525,0.0000,19:-3.12 20:-1.34 21:-1.24 22:-0.37 23:-0.38 24:-0.34 25:+0.06 26:-0.03,2019-04-08,2026-10-09
intraday,index,au_cash,ORB60,1,not selected,1631,217.3000,-0.2249,-8.6875,-0.2470,-0.4685,0.3789,982,-0.3454,-9.9291,-0.3705,649,-0.0425,-1.1456,-0.0601,0.0000,19:-1.13 20:-0.45 21:-0.51 22:-0.02 23:-0.09 24:-0.17 25:+0.12 26:-0.07,2019-04-08,2026-10-09
intraday,index,eu_cash,FHR0.5,5,not selected,465,82.8000,-0.0457,-0.4438,-0.1050,-0.2663,0.2624,214,-0.3570,-3.0186,-0.0880,251,0.2198,1.3728,-0.1195,0.0000,21:-0.52 22:-0.55 23:-0.14 24:+0.52 25:+0.17 26:-0.15,2021-02-23,2026-10-06
intraday,index,eu_cash,FHR0.8,5,too few in-sample,76,13.6000,0.0192,0.0572,-0.1339,-0.2280,0.2105,33,-0.5205,-1.8462,0.0752,43,0.4333,0.7940,-0.2944,0.0000,21:-0.67 22:-0.21 23:-0.93 24:+2.55 25:-1.00 26:-0.89,2021-02-23,2026-10-01
intraday,index,eu_cash,GAPfade0.5,5,not selected,1250,217.1000,-0.0790,-3.7611,-0.0472,-0.1237,0.4736,511,-0.0683,-2.0538,-0.0427,739,-0.0864,-3.1883,-0.0503,0.6667,21:+0.01 22:+0.10 23:-0.37 24:-0.09 25:-0.09 26:-0.08,2021-01-04,2026-10-08
intraday,index,eu_cash,GAPfade1.0,5,SURVIVOR,257,45.7000,0.1289,4.1550,-0.0203,0.1059,0.6109,79,0.2636,4.3948,0.0071,178,0.0691,1.9624,-0.0325,1.0000,21:+0.10 22:+0.39 23:+0.17 24:+0.02 25:+0.08 26:+0.09,2021-01-11,2026-08-28
intraday,index,eu_cash,GAPgo0.5,5,not selected,1250,217.1000,-0.0177,-0.7392,-0.0325,-0.0624,0.4576,511,0.0176,0.4495,-0.0084,739,-0.0421,-1.3996,-0.0491,0.3333,21:-0.08 22:-0.13 23:+0.31 24:-0.09 25:-0.05 26:+0.01,2021-01-04,2026-10-08
intraday,index,eu_cash,GAPgo1.0,5,not selected,257,45.7000,-0.1645,-4.7829,-0.0170,-0.1876,0.3502,79,-0.3144,-5.4523,-0.0584,178,-0.0980,-2.3501,0.0014,0.0000,21:-0.18 22:-0.42 23:-0.23 24:-0.09 25:-0.12 26:-0.07,2021-01-11,2026-08-28
intraday,index,eu_cash,IMOM_30,5,not selected,5928,1026.6000,-0.1284,-19.4056,-0.1228,-0.2530,0.3863,2564,-0.1192,-12.0225,-0.1013,3364,-0.1354,-15.2515,-0.1392,0.0000,20:-0.26 21:-0.16 22:-0.10 23:-0.12 24:-0.13 25:-0.19 26:-0.08,2020-12-29,2026-10-08
intraday,index,eu_cash,IMOM_day,5,not selected,5966,1033.2000,-0.1020,-15.2414,-0.1210,-0.2266,0.4147,2585,-0.0761,-7.7081,-0.0973,3381,-0.1218,-13.4310,-0.1391,0.0000,20:+0.26 21:-0.05 22:-0.03 23:-0.13 24:-0.10 25:-0.14 26:-0.13,2020-12-29,2026-10-08
intraday,index,eu_cash,IMOM_ovn,5,not selected,5963,1032.7000,-0.1225,-18.4915,-0.1262,-0.2469,0.3943,2592,-0.1294,-13.2343,-0.1004,3371,-0.1171,-13.0365,-0.1460,0.0000,20:-0.26 21:-0.12 22:-0.14 23:-0.12 24:-0.10 25:-0.15 26:-0.09,2020-12-29,2026-10-08
intraday,index,eu_cash,NB,5,not selected,4006,696.4000,-0.2313,-6.6145,-0.2485,-0.4861,0.3263,1719,-0.2570,-4.8890,-0.1970,2287,-0.2119,-4.5284,-0.2872,0.0000,21:-0.41 22:-0.13 23:-0.33 24:-0.12 25:-0.28 26:-0.24,2021-01-06,2026-10-08
intraday,index,eu_cash,OC15,5,not selected,5975,1026.0000,-0.1613,-5.2224,-0.1609,-0.3715,0.2634,2621,-0.1205,-2.6067,-0.1113,3354,-0.1932,-4.6548,-0.1996,0.0000,20:-1.00 21:-0.09 22:-0.01 23:-0.23 24:-0.15 25:-0.25 26:-0.17,2020-12-11,2026-10-08
intraday,index,eu_cash,OC30,5,not selected,5976,1026.2000,-0.1122,-4.3149,-0.1132,-0.2753,0.3109,2612,-0.0957,-2.5511,-0.0632,3364,-0.1250,-3.4865,-0.1520,0.2500,20:+0.04 21:-0.10 22:-0.01 23:-0.19 24:-0.10 25:-0.13 26:-0.15,2020-12-11,2026-10-08
intraday,index,eu_cash,OC30_2R,5,not selected,5976,1026.2000,-0.1627,-9.5559,-0.1571,-0.3258,0.3685,2612,-0.1362,-5.4462,-0.1353,3364,-0.1832,-7.9046,-0.1741,0.0000,20:-0.01 21:-0.13 22:-0.10 23:-0.17 24:-0.16 25:-0.21 26:-0.17,2020-12-11,2026-10-08
intraday,index,eu_cash,OC60,5,not selected,5990,1028.6000,-0.0480,-1.9668,-0.0723,-0.1779,0.3631,2622,-0.0695,-2.2009,-0.0699,3368,-0.0312,-0.8726,-0.0742,0.5000,20:-0.65 21:+0.02 22:+0.02 23:-0.19 24:-0.01 25:-0.08 26:+0.00,2020-12-11,2026-10-08
intraday,index,eu_cash,ORB15,5,not selected,6004,1031.0000,-0.0939,-4.3065,-0.0725,-0.2191,0.3308,2634,-0.0413,-1.2036,-0.0437,3370,-0.1349,-4.8108,-0.0950,0.2500,20:-0.62 21:-0.01 22:+0.08 23:-0.17 24:-0.07 25:-0.15 26:-0.19,2020-12-11,2026-10-08
intraday,index,eu_cash,ORB30,5,not selected,5924,1017.3000,-0.0468,-2.5044,-0.0527,-0.1466,0.3891,2601,0.0107,0.3739,-0.0488,3323,-0.0918,-3.7361,-0.0557,0.2500,20:-0.49 21:-0.04 22:+0.14 23:-0.10 24:-0.09 25:-0.09 26:-0.10,2020-12-11,2026-10-08
intraday,index,eu_cash,ORB30_mid,5,not selected,5924,1017.3000,-0.1304,-4.4973,-0.1116,-0.3297,0.2534,2601,-0.0211,-0.4615,-0.0913,3323,-0.2159,-5.7949,-0.1276,0.2500,20:-0.81 21:-0.07 22:+0.23 23:-0.24 24:-0.25 25:-0.19 26:-0.22,2020-12-11,2026-10-08
intraday,index,eu_cash,ORB60,5,not selected,5661,972.1000,-0.0154,-0.9575,-0.0518,-0.0964,0.4291,2472,0.0159,0.6624,-0.0322,3189,-0.0397,-1.8362,-0.0671,0.5000,20:-0.53 21:+0.06 22:+0.11 23:-0.10 24:+0.01 25:-0.04 26:-0.10,2020-12-11,2026-10-08
intraday,index,hk_cash,FHR0.5,1,not selected,197,39.5000,-0.1923,-1.6621,-0.1210,-0.2893,0.2538,72,-0.2724,-1.5163,-0.0357,125,-0.1461,-0.9709,-0.1702,0.0000,21:-0.36 22:-0.34 23:-0.17 24:-0.20 25:+0.06 26:-0.28,2021-09-28,2026-09-25
intraday,index,hk_cash,FHR0.8,1,too few in-sample,39,8.7000,-0.2248,-0.8456,-0.0268,-0.3234,0.2308,14,-0.0067,-0.0143,0.5076,25,-0.3470,-1.0626,-0.3260,,22:+0.36 23:-0.28 24:-0.28 25:+0.58 26:-1.13,2022-01-05,2026-07-08
intraday,index,hk_cash,GAPfade0.5,1,not selected,340,67.6000,-0.0614,-1.6035,-0.0206,-0.0814,0.4559,157,-0.0259,-0.4679,-0.0248,183,-0.0918,-1.7323,-0.0169,0.0000,21:-0.05 22:-0.03 23:-0.01 24:-0.11 25:-0.14 26:-0.03,2021-09-29,2026-10-09
intraday,index,hk_cash,GAPfade1.0,1,too few in-sample,59,12.0000,0.1129,1.7397,0.0054,0.1014,0.5593,26,0.1495,1.5646,-0.0041,33,0.0841,0.9418,0.0130,1.0000,21:+0.99 22:+0.04 23:+0.24 24:+0.05 25:+0.10 26:+0.09,2021-11-02,2026-10-02
intraday,index,hk_cash,GAPgo0.5,1,not selected,340,67.6000,0.0245,0.5961,-0.0095,0.0045,0.5147,157,0.0020,0.0334,0.0071,183,0.0438,0.7750,-0.0238,0.6667,21:+0.02 22:+0.03 23:-0.04 24:+0.12 25:+0.11 26:-0.08,2021-09-29,2026-10-09
intraday,index,hk_cash,GAPgo1.0,1,too few in-sample,59,12.0000,-0.1410,-2.2208,-0.0270,-0.1525,0.4407,26,-0.1686,-1.7607,-0.0161,33,-0.1193,-1.3878,-0.0357,0.0000,21:-1.01 22:-0.06 23:-0.27 24:-0.07 25:-0.13 26:-0.14,2021-11-02,2026-10-02
intraday,index,hk_cash,IMOM_30,1,not selected,1221,242.8000,-0.0621,-5.6152,-0.0492,-0.1190,0.4316,547,-0.0598,-3.5961,-0.0500,674,-0.0640,-4.3166,-0.0486,0.0000,21:-0.12 22:-0.05 23:-0.05 24:-0.05 25:-0.07 26:-0.07,2021-09-28,2026-10-09
intraday,index,hk_cash,IMOM_day,1,not selected,1221,242.8000,-0.0372,-3.2250,-0.0551,-0.0941,0.4488,548,-0.0376,-2.1612,-0.0484,673,-0.0368,-2.3921,-0.0606,0.0000,21:-0.15 22:-0.02 23:-0.03 24:-0.04 25:-0.01 26:-0.06,2021-09-28,2026-10-09
intraday,index,hk_cash,IMOM_ovn,1,not selected,1215,241.6000,-0.0649,-5.7718,-0.0556,-0.1219,0.4189,546,-0.0459,-2.6096,-0.0502,669,-0.0805,-5.5388,-0.0600,0.0000,21:-0.16 22:-0.02 23:-0.04 24:-0.09 25:-0.07 26:-0.09,2021-09-28,2026-10-09
intraday,index,hk_cash,NB,1,not selected,714,142.6000,-0.0271,-0.4881,-0.1228,-0.1176,0.3754,310,0.0031,0.0361,-0.1052,404,-0.0502,-0.6995,-0.1363,0.3333,21:-0.18 22:-0.03 23:+0.07 24:+0.11 25:-0.15 26:-0.12,2021-10-06,2026-10-09
intraday,index,hk_cash,OC15,1,not selected,1231,242.8000,-0.0061,-0.1097,-0.0235,-0.0807,0.3526,558,0.0734,0.7582,-0.0077,673,-0.0720,-1.1753,-0.0366,0.6667,21:-0.13 22:+0.13 23:+0.08 24:-0.11 25:+0.06 26:-0.19,2021-09-13,2026-10-09
intraday,index,hk_cash,OC30,1,not selected,1231,242.8000,-0.0091,-0.2258,-0.0436,-0.0684,0.4135,557,-0.0038,-0.0617,-0.0215,674,-0.0135,-0.2521,-0.0618,0.3333,21:-0.16 22:-0.01 23:+0.05 24:-0.01 25:+0.01 26:-0.05,2021-09-13,2026-10-09
intraday,index,hk_cash,OC30_2R,1,not selected,1231,242.8000,-0.0143,-0.4406,-0.0496,-0.0735,0.4387,557,-0.0039,-0.0796,-0.0255,674,-0.0229,-0.5301,-0.0695,0.3333,21:-0.18 22:-0.02 23:+0.07 24:+0.01 25:-0.05 26:-0.02,2021-09-13,2026-10-09
intraday,index,hk_cash,OC60,1,not selected,1230,242.6000,-0.0079,-0.2488,-0.0146,-0.0546,0.4439,558,0.0210,0.4479,-0.0018,672,-0.0319,-0.7353,-0.0252,0.6667,21:+0.04 22:-0.07 23:+0.11 24:-0.03 25:+0.04 26:-0.14,2021-09-13,2026-10-09
intraday,index,hk_cash,ORB15,1,not selected,1222,241.0000,-0.0348,-1.0266,-0.0233,-0.0812,0.4223,557,-0.0550,-1.0983,-0.0220,665,-0.0179,-0.3882,-0.0243,0.0000,21:-0.13 22:-0.06 23:-0.02 24:-0.02 25:+0.07 26:-0.14,2021-09-13,2026-10-09
intraday,index,hk_cash,ORB30,1,not selected,1170,230.7000,-0.0027,-0.0977,-0.0393,-0.0399,0.4786,538,0.0097,0.2305,-0.0324,632,-0.0133,-0.3547,-0.0452,0.3333,21:-0.06 22:-0.00 23:+0.04 24:+0.04 25:+0.01 26:-0.11,2021-09-13,2026-10-09
intraday,index,hk_cash,ORB30_mid,1,not selected,1170,230.7000,-0.0579,-1.2788,-0.0891,-0.1322,0.3573,538,-0.0148,-0.2080,-0.0476,632,-0.0946,-1.6278,-0.1244,0.3333,21:-0.07 22:+0.04 23:-0.06 24:+0.09 25:-0.19 26:-0.21,2021-09-13,2026-10-09
intraday,index,hk_cash,ORB60,1,not selected,1005,198.2000,0.0182,0.7411,-0.0318,-0.0123,0.4876,463,0.0445,1.2386,-0.0412,542,-0.0042,-0.1258,-0.0238,0.6667,21:-0.02 22:+0.03 23:+0.07 24:+0.08 25:-0.01 26:-0.10,2021-09-13,2026-10-09
intraday,index,jp_cash,FHR0.5,1,not selected,152,30.7000,-0.1152,-0.8160,-0.0309,-0.2039,0.2763,66,-0.3387,-1.7900,-0.1068,86,0.0564,0.2792,0.0273,0.0000,21:-0.50 22:-0.19 23:-0.45 24:-0.03 25:-0.12 26:+0.55,2021-10-04,2026-09-17
intraday,index,jp_cash,FHR0.8,1,too few in-sample,27,5.5000,-0.2245,-0.6232,-0.0578,-0.3203,0.2222,9,0.0492,0.0591,0.1380,18,-0.3614,-0.9970,-0.1557,,21:-1.10 22:-1.08 23:+0.96 24:+0.11 25:-1.05 26:+0.01,2021-10-04,2026-08-27
intraday,index,jp_cash,GAPfade0.5,1,not selected,524,104.2000,-0.0514,-1.8901,-0.0207,-0.0719,0.4542,238,-0.1267,-3.1947,-0.0333,286,0.0112,0.3018,-0.0102,0.0000,21:-0.07 22:-0.06 23:-0.23 24:+0.02 25:-0.03 26:+0.04,2021-09-29,2026-10-09
intraday,index,jp_cash,GAPfade1.0,1,too few in-sample,150,29.9000,-0.0102,-0.2887,-0.0046,-0.0216,0.4867,57,-0.0485,-0.8332,-0.0390,93,0.0132,0.2963,0.0164,0.0000,21:+0.15 22:-0.09 23:-0.07 24:-0.07 25:+0.07 26:+0.04,2021-09-29,2026-10-05
intraday,index,jp_cash,GAPgo0.5,1,not selected,524,104.2000,0.0150,0.5115,-0.0091,-0.0055,0.5115,238,0.0740,1.7011,-0.0148,286,-0.0340,-0.8581,-0.0043,0.6667,21:+0.19 22:-0.00 23:+0.14 24:-0.05 25:-0.01 26:-0.04,2021-09-29,2026-10-09
intraday,index,jp_cash,GAPgo1.0,1,too few in-sample,150,29.9000,-0.0108,-0.2953,-0.0188,-0.0221,0.5000,57,0.0090,0.1569,-0.0008,93,-0.0229,-0.4846,-0.0298,1.0000,21:-0.19 22:+0.05 23:+0.03 24:+0.09 25:-0.08 26:-0.06,2021-09-29,2026-10-05
intraday,index,jp_cash,IMOM_30,1,not selected,1294,257.3000,-0.0780,-6.1223,-0.0493,-0.1312,0.4127,580,-0.1204,-6.9082,-0.0758,714,-0.0436,-2.4013,-0.0278,0.0000,21:-0.20 22:-0.10 23:-0.12 24:-0.06 25:-0.04 26:-0.03,2021-09-28,2026-10-09
intraday,index,jp_cash,IMOM_day,1,not selected,1300,258.5000,-0.0516,-4.0255,-0.0516,-0.1048,0.4238,584,-0.0809,-4.5806,-0.0785,716,-0.0277,-1.5182,-0.0296,0.0000,21:-0.07 22:-0.11 23:-0.05 24:-0.03 25:-0.01 26:-0.04,2021-09-28,2026-10-09
intraday,index,jp_cash,IMOM_ovn,1,not selected,1295,257.5000,-0.0544,-4.3559,-0.0490,-0.1075,0.4309,582,-0.0717,-4.0750,-0.0682,713,-0.0402,-2.2944,-0.0334,0.0000,21:-0.08 22:-0.06 23:-0.08 24:+0.00 25:-0.07 26:-0.06,2021-09-28,2026-10-09
intraday,index,jp_cash,NB,1,not selected,685,136.7000,-0.0465,-0.7275,-0.0905,-0.1412,0.3723,313,0.0166,0.1784,-0.1331,372,-0.0996,-1.1317,-0.0546,0.6667,21:+0.02 22:+0.17 23:-0.12 24:-0.14 25:-0.18 26:+0.05,2021-10-04,2026-10-08
intraday,index,jp_cash,OC15,1,not selected,1303,257.1000,0.0099,0.1973,-0.0861,-0.0818,0.3599,591,-0.0672,-0.9245,-0.1297,712,0.0738,1.0725,-0.0500,0.0000,21:-0.15 22:-0.04 23:-0.07 24:+0.17 25:+0.02 26:+0.03,2021-09-14,2026-10-09
intraday,index,jp_cash,OC30,1,not selected,1303,257.1000,-0.0027,-0.0612,-0.0516,-0.0808,0.3991,589,-0.1008,-1.7772,-0.1177,714,0.0782,1.1822,0.0030,0.3333,21:-0.43 22:-0.15 23:+0.05 24:+0.10 25:+0.10 26:+0.02,2021-09-14,2026-10-09
intraday,index,jp_cash,OC30_2R,1,not selected,1303,257.1000,-0.0487,-1.5037,-0.0951,-0.1267,0.4229,589,-0.1144,-2.4225,-0.1454,714,0.0055,0.1251,-0.0535,0.3333,21:-0.29 22:-0.18 23:+0.00 24:+0.03 25:+0.05 26:-0.09,2021-09-14,2026-10-09
intraday,index,jp_cash,OC60,1,not selected,1306,257.7000,-0.0245,-0.7071,-0.0250,-0.0797,0.4380,592,-0.0323,-0.6676,-0.0600,714,-0.0180,-0.3672,0.0039,0.3333,21:-0.28 22:-0.02 23:+0.02 24:-0.08 25:-0.06 26:+0.10,2021-09-14,2026-10-09
intraday,index,jp_cash,ORB15,1,not selected,1301,256.7000,0.0068,0.1842,-0.0405,-0.0505,0.4320,590,0.0038,0.0694,-0.0680,711,0.0093,0.1861,-0.0178,0.3333,21:-0.04 22:-0.02 23:+0.04 24:+0.04 25:-0.01 26:-0.00,2021-09-14,2026-10-09
intraday,index,jp_cash,ORB30,1,not selected,1258,248.2000,0.0029,0.0958,-0.0146,-0.0424,0.4571,567,0.0144,0.3209,-0.0486,691,-0.0066,-0.1649,0.0133,0.3333,21:-0.03 22:-0.09 23:+0.13 24:+0.00 25:-0.03 26:+0.01,2021-09-14,2026-10-09
intraday,index,jp_cash,ORB30_mid,1,not selected,1258,248.2000,-0.0040,-0.0818,-0.0171,-0.0944,0.3490,567,0.0264,0.3556,-0.0551,691,-0.0289,-0.4520,0.0141,0.6667,21:+0.07 22:-0.11 23:+0.16 24:+0.02 25:-0.11 26:+0.01,2021-09-14,2026-10-09
intraday,index,jp_cash,ORB60,1,not selected,1140,225.0000,0.0202,0.8174,-0.0079,-0.0137,0.4737,516,0.0420,1.1079,-0.0367,624,0.0022,0.0665,0.0159,0.6667,21:+0.15 22:-0.03 23:+0.08 24:-0.02 25:-0.08 26:+0.13,2021-09-14,2026-10-09
intraday,index,uk_cash,FHR0.5,1,too few in-sample,104,20.8000,0.2529,1.0733,-0.0137,0.1686,0.2885,50,0.4978,1.4092,0.0485,54,0.0262,0.0833,-0.0713,1.0000,21:-0.61 22:+0.77 23:+0.67 24:+0.29 25:-0.27 26:+0.15,2021-09-29,2026-10-01
intraday,index,uk_cash,FHR0.8,1,too few in-sample,19,4.1000,0.9535,1.3022,0.2053,0.8721,0.3684,12,1.1779,1.2481,0.5298,7,0.5689,0.4602,-0.3509,,22:+1.52 23:+0.83 24:-1.10 25:-0.11 26:+1.80,2022-01-27,2026-10-01
intraday,index,uk_cash,GAPfade0.5,1,not selected,273,54.4000,0.0248,0.5221,-0.0188,0.0066,0.4945,121,0.0600,0.8390,-0.0158,152,-0.0032,-0.0510,-0.0212,0.6667,21:+0.05 22:+0.15 23:-0.05 24:+0.02 25:-0.15 26:+0.19,2021-10-01,2026-10-08
intraday,index,uk_cash,GAPfade1.0,1,too few in-sample,45,9.0000,-0.0553,-0.6279,0.0128,-0.0650,0.4222,18,-0.0530,-0.3687,0.0165,27,-0.0569,-0.5009,0.0104,1.0000,21:+0.06 22:+0.19 23:-0.60 24:-0.00 25:-0.10 26:-0.11,2021-10-01,2026-10-01
intraday,index,uk_cash,GAPgo0.5,1,not selected,273,54.4000,-0.0837,-1.6460,-0.0304,-0.1019,0.4725,121,-0.1186,-1.5467,-0.0324,152,-0.0559,-0.8214,-0.0289,0.3333,21:-0.07 22:-0.27 23:+0.06 24:-0.08 25:+0.05 26:-0.18,2021-10-01,2026-10-08
intraday,index,uk_cash,GAPgo1.0,1,too few in-sample,45,9.0000,0.0143,0.1663,-0.0262,0.0046,0.5778,18,-0.0170,-0.1315,-0.0275,27,0.0351,0.3031,-0.0254,0.0000,21:-0.08 22:-0.21 23:+0.40 24:+0.02 25:+0.04 26:+0.07,2021-10-01,2026-10-01
intraday,index,uk_cash,IMOM_30,1,not selected,1255,249.7000,-0.0459,-2.9373,-0.0481,-0.0929,0.4303,560,-0.0358,-1.6275,-0.0413,695,-0.0540,-2.4600,-0.0536,0.3333,21:+0.02 22:-0.08 23:-0.01 24:-0.07 25:-0.02 26:-0.08,2021-09-28,2026-10-08
intraday,index,uk_cash,IMOM_day,1,not selected,1258,250.3000,-0.0559,-3.7716,-0.0389,-0.1029,0.4746,562,-0.0423,-1.9030,-0.0331,696,-0.0669,-3.3625,-0.0435,0.3333,21:-0.04 22:+0.01 23:-0.09 24:-0.06 25:-0.06 26:-0.08,2021-09-28,2026-10-08
intraday,index,uk_cash,IMOM_ovn,1,not selected,1254,249.5000,-0.0621,-3.9941,-0.0426,-0.1091,0.4506,558,-0.0704,-3.1785,-0.0435,696,-0.0555,-2.5581,-0.0419,0.3333,21:+0.04 22:-0.14 23:-0.03 24:-0.07 25:+0.03 26:-0.14,2021-09-28,2026-10-08
intraday,index,uk_cash,NB,1,not selected,825,164.8000,-0.0747,-0.9138,-0.0911,-0.1649,0.3406,361,-0.1350,-1.0721,-0.0909,464,-0.0278,-0.2586,-0.0912,0.0000,21:-0.12 22:-0.08 23:-0.19 24:-0.25 25:-0.00 26:+0.23,2021-10-04,2026-10-07
intraday,index,uk_cash,OC15,1,not selected,1256,248.0000,0.0003,0.0046,-0.0691,-0.0743,0.2826,566,-0.0053,-0.0542,-0.0673,690,0.0049,0.0537,-0.0706,0.3333,21:-0.23 22:+0.10 23:-0.04 24:-0.15 25:+0.03 26:+0.17,2021-09-14,2026-10-08
intraday,index,uk_cash,OC30,1,not selected,1265,249.8000,-0.0869,-1.7330,-0.1008,-0.1459,0.3059,570,-0.0947,-1.3192,-0.0302,695,-0.0806,-1.1536,-0.1587,0.3333,21:-0.16 22:+0.02 23:-0.19 24:-0.18 25:+0.00 26:-0.06,2021-09-14,2026-10-08
intraday,index,uk_cash,OC30_2R,1,not selected,1265,249.8000,-0.0686,-1.8987,-0.0696,-0.1275,0.3652,570,-0.0397,-0.7404,-0.0367,695,-0.0923,-1.8868,-0.0965,0.3333,21:-0.19 22:+0.03 23:-0.07 24:-0.16 25:-0.10 26:+0.01,2021-09-14,2026-10-08
intraday,index,uk_cash,OC60,1,not selected,1268,250.3000,-0.0172,-0.3039,-0.0352,-0.0659,0.3478,572,-0.0608,-0.9466,-0.0693,696,0.0187,0.2105,-0.0073,0.3333,21:-0.30 22:+0.06 23:-0.11 24:-0.09 25:+0.07 26:+0.09,2021-09-14,2026-10-08
intraday,index,uk_cash,ORB15,1,not selected,1259,248.6000,-0.0447,-0.9988,-0.0522,-0.0887,0.3503,569,0.0140,0.1964,-0.0327,690,-0.0931,-1.6365,-0.0682,0.3333,21:-0.16 22:+0.18 23:-0.10 24:-0.23 25:-0.04 26:+0.01,2021-09-14,2026-10-08
intraday,index,uk_cash,ORB30,1,not selected,1241,245.0000,-0.0462,-1.2182,-0.0499,-0.0822,0.3900,559,0.0051,0.0860,-0.0413,682,-0.0882,-1.8115,-0.0568,0.3333,21:-0.21 22:+0.19 23:-0.11 24:-0.20 25:-0.01 26:-0.04,2021-09-14,2026-10-08
intraday,index,uk_cash,ORB30_mid,1,not selected,1241,245.0000,-0.0664,-1.1082,-0.0974,-0.1383,0.2562,559,0.0254,0.2630,-0.0410,682,-0.1415,-1.8881,-0.1437,0.3333,21:-0.44 22:+0.20 23:-0.00 24:-0.22 25:-0.12 26:-0.06,2021-09-14,2026-10-08
intraday,index,uk_cash,ORB60,1,not selected,1187,234.5000,-0.0434,-1.3710,-0.0443,-0.0729,0.4280,523,-0.0127,-0.2674,-0.0263,664,-0.0676,-1.5911,-0.0585,0.3333,21:-0.17 22:+0.12 23:-0.09 24:-0.11 25:-0.04 26:-0.05,2021-09-15,2026-10-08
intraday,index,us_cash,FHR0.5,2,too few in-sample,102,20.5000,-0.1331,-0.7189,-0.0859,-0.3162,0.2941,29,-0.3310,-1.1832,0.1756,73,-0.0545,-0.2327,-0.1898,0.5000,21:+0.19 22:-0.87 23:+0.16 24:+0.34 25:-0.37 26:-0.00,2021-09-28,2026-09-23
intraday,index,us_cash,FHR0.8,2,too few in-sample,14,5.0000,0.0206,0.0380,0.0947,-0.1487,0.2857,1,1.6820,,0.3024,13,-0.1072,-0.1879,0.0787,,23:+1.68 24:+0.80 25:-0.25 26:-0.57,2023-10-30,2026-08-28
intraday,index,us_cash,GAPfade0.5,2,not selected,753,149.8000,-0.0426,-2.0528,-0.0265,-0.0781,0.4568,236,-0.0303,-0.8220,-0.0280,517,-0.0483,-1.9182,-0.0259,0.3333,21:-0.04 22:-0.10 23:+0.03 24:-0.09 25:-0.03 26:-0.04,2021-09-28,2026-10-08
intraday,index,us_cash,GAPfade1.0,2,not selected,243,48.5000,-0.0145,-0.5357,-0.0344,-0.0334,0.4527,84,-0.0483,-1.0971,-0.0381,159,0.0034,0.1000,-0.0324,0.3333,21:+0.09 22:-0.06 23:-0.07 24:-0.09 25:+0.05 26:+0.00,2021-10-04,2026-10-07
intraday,index,us_cash,GAPgo0.5,2,not selected,753,149.8000,-0.0263,-1.2073,-0.0433,-0.0617,0.5020,236,-0.0139,-0.3690,-0.0172,517,-0.0319,-1.1985,-0.0552,0.3333,21:-0.03 22:+0.06 23:-0.08 24:+0.05 25:-0.07 26:-0.04,2021-09-28,2026-10-08
intraday,index,us_cash,GAPgo1.0,2,not selected,243,48.5000,-0.0180,-0.6379,0.0042,-0.0370,0.5185,84,0.0181,0.4080,0.0178,159,-0.0371,-1.0216,-0.0031,0.6667,21:-0.12 22:+0.03 23:+0.04 24:+0.06 25:-0.10 26:-0.02,2021-10-04,2026-10-07
intraday,index,us_cash,IMOM_30,2,not selected,1683,334.8000,-0.1028,-9.1020,-0.1062,-0.2127,0.3832,542,-0.0693,-3.3102,-0.0765,1141,-0.1188,-8.8935,-0.1202,0.0000,21:-0.10 22:-0.07 23:-0.06 24:-0.08 25:-0.14 26:-0.12,2021-09-28,2026-10-08
intraday,index,us_cash,IMOM_day,2,not selected,1703,338.8000,-0.1070,-9.6981,-0.1035,-0.2167,0.3823,552,-0.0588,-2.8085,-0.0776,1151,-0.1301,-10.1471,-0.1159,0.0000,21:-0.22 22:-0.04 23:-0.04 24:-0.14 25:-0.12 26:-0.13,2021-09-28,2026-10-08
intraday,index,us_cash,IMOM_ovn,2,not selected,1705,339.2000,-0.0854,-7.5124,-0.0966,-0.1951,0.3930,551,-0.0380,-1.8613,-0.0621,1154,-0.1081,-7.9220,-0.1131,0.0000,21:-0.01 22:-0.02 23:-0.06 24:-0.05 25:-0.14 26:-0.10,2021-09-28,2026-10-08
intraday,index,us_cash,NB,2,not selected,940,187.6000,-0.2084,-2.6454,-0.2863,-0.4825,0.3713,317,-0.0657,-0.5407,-0.1747,623,-0.2810,-2.7697,-0.3430,0.6667,21:-0.70 22:+0.01 23:+0.00 24:+0.26 25:-0.50 26:-0.35,2021-10-04,2026-10-08
intraday,index,us_cash,OC15,2,not selected,1686,332.9000,-0.3073,-5.5071,-0.3139,-0.6119,0.2527,537,-0.0714,-0.7080,-0.1739,1149,-0.4176,-6.2570,-0.3793,0.3333,21:+0.15 22:-0.07 23:-0.14 24:-0.31 25:-0.42 26:-0.49,2021-09-14,2026-10-08
intraday,index,us_cash,OC30,2,not selected,1694,334.5000,-0.2458,-5.4066,-0.2003,-0.4729,0.3182,550,-0.0913,-1.1444,-0.0786,1144,-0.3201,-5.7958,-0.2588,0.0000,21:-0.04 22:-0.16 23:-0.04 24:-0.30 25:-0.24 26:-0.44,2021-09-14,2026-10-08
intraday,index,us_cash,OC30_2R,2,not selected,1694,334.5000,-0.2048,-5.7120,-0.2104,-0.4318,0.3813,550,-0.1183,-2.1182,-0.1210,1144,-0.2464,-5.3832,-0.2533,0.0000,21:-0.06 22:-0.15 23:-0.11 24:-0.18 25:-0.18 26:-0.38,2021-09-14,2026-10-08
intraday,index,us_cash,OC60,2,not selected,1713,338.2000,-0.1165,-3.4615,-0.1547,-0.2517,0.3987,562,-0.0218,-0.3872,-0.1095,1151,-0.1627,-3.8943,-0.1768,0.3333,21:-0.12 22:+0.03 23:-0.05 24:-0.13 25:-0.08 26:-0.29,2021-09-14,2026-10-08
intraday,index,us_cash,ORB15,2,not selected,1732,342.0000,-0.1223,-2.7145,-0.1343,-0.3073,0.3199,568,0.0170,0.2213,-0.0252,1164,-0.1903,-3.4251,-0.1875,0.6667,21:+0.09 22:+0.04 23:-0.02 24:-0.21 25:-0.14 26:-0.24,2021-09-14,2026-10-08
intraday,index,us_cash,ORB30,2,not selected,1720,339.6000,-0.0721,-2.0667,-0.1135,-0.2033,0.3948,564,-0.0056,-0.0962,-0.0522,1156,-0.1045,-2.4112,-0.1434,0.6667,21:+0.01 22:+0.05 23:-0.07 24:-0.04 25:-0.08 26:-0.18,2021-09-14,2026-10-08
intraday,index,us_cash,ORB30_mid,2,not selected,1720,339.6000,-0.2701,-5.2203,-0.2529,-0.5319,0.2523,564,-0.2184,-2.6348,-0.1659,1156,-0.2954,-4.5076,-0.2954,0.0000,21:-0.44 22:-0.04 23:-0.33 24:-0.06 25:-0.33 26:-0.42,2021-09-14,2026-10-08
intraday,index,us_cash,ORB60,2,not selected,1602,316.3000,-0.0647,-2.5605,-0.0779,-0.1555,0.4438,530,-0.0111,-0.2609,-0.0653,1072,-0.0912,-2.9093,-0.0841,0.3333,21:+0.10 22:-0.02 23:-0.04 24:-0.06 25:-0.08 26:-0.12,2021-09-14,2026-10-08
intraday,metal,london24,ASIA_BO7,5,not selected,9632,819.3000,-0.2334,-16.6991,-0.2442,-0.4948,0.3654,6919,-0.2542,-14.5192,-0.2694,2713,-0.1804,-8.3414,-0.1802,0.0000,15:-0.01 16:-0.12 17:-0.32 18:-0.36 19:-0.37 20:-0.21 21:-0.07 22:-0.25 23:-0.38 24:-0.19 25:-0.22 26:-0.11,2015-01-05,2026-10-08
intraday,metal,london24,ASIA_BO7_mid,5,not selected,9632,819.3000,-0.5146,-23.0776,-0.4992,-1.0368,0.2496,6919,-0.5777,-20.8230,-0.5618,2713,-0.3539,-10.0094,-0.3395,0.0000,15:-0.32 16:-0.33 17:-0.73 18:-0.72 19:-0.76 20:-0.51 21:-0.34 22:-0.52 23:-0.71 24:-0.38 25:-0.42 26:-0.22,2015-01-05,2026-10-08
intraday,metal,london24,ASIA_BO8,5,not selected,9025,767.9000,-0.1902,-14.6423,-0.2169,-0.4154,0.3802,6504,-0.2038,-12.6040,-0.2371,2521,-0.1551,-7.5534,-0.1648,0.0000,15:-0.07 16:-0.08 17:-0.25 18:-0.24 19:-0.29 20:-0.20 21:-0.08 22:-0.17 23:-0.32 24:-0.17 25:-0.21 26:-0.06,2015-01-06,2026-10-08
intraday,metal,us_cash,FHR0.5,5,not selected,991,85.3000,-0.4557,-8.0925,-0.5018,-0.9522,0.3027,714,-0.5213,-8.2210,-0.5235,277,-0.2865,-2.4415,-0.4458,0.0000,15:-0.26 16:-0.54 17:-0.35 18:-1.17 19:-0.84 20:-0.43 21:-0.20 22:-0.66 23:-0.50 24:-0.26 25:-0.49 26:+0.33,2015-01-16,2026-08-28
intraday,metal,us_cash,FHR0.8,5,not selected,242,20.8000,-0.5205,-4.8433,-0.4747,-0.9628,0.2810,185,-0.6452,-6.0224,-0.5257,57,-0.1156,-0.3972,-0.3092,0.0000,15:-0.72 16:-1.04 17:-0.54 18:-0.56 19:-0.65 20:-0.69 21:-0.58 22:-0.67 23:-0.49 24:-0.60 25:-0.46 26:+1.68,2015-01-16,2026-08-28
intraday,metal,us_cash,GAPfade0.5,5,not selected,4107,350.3000,-0.1285,-13.4775,-0.1298,-0.2533,0.4142,2807,-0.1353,-11.4774,-0.1457,1300,-0.1137,-7.0671,-0.0953,0.0000,15:-0.13 16:-0.06 17:-0.14 18:-0.20 19:-0.19 20:-0.11 21:-0.16 22:-0.08 23:-0.10 24:-0.17 25:-0.10 26:-0.07,2015-01-16,2026-10-07
intraday,metal,us_cash,GAPfade1.0,5,not selected,1256,107.3000,-0.1009,-7.7734,-0.0832,-0.1754,0.3965,852,-0.1078,-6.5351,-0.0919,404,-0.0864,-4.2197,-0.0649,0.0000,15:-0.12 16:-0.02 17:-0.05 18:-0.18 19:-0.22 20:-0.13 21:-0.04 22:-0.06 23:-0.10 24:-0.04 25:-0.12 26:-0.08,2015-01-21,2026-10-07
intraday,metal,us_cash,GAPgo0.5,5,not selected,4107,350.3000,-0.1259,-12.3171,-0.1283,-0.2507,0.4137,2807,-0.1461,-11.5703,-0.1369,1300,-0.0823,-4.7703,-0.1099,0.0000,15:-0.10 16:-0.10 17:-0.18 18:-0.19 19:-0.13 20:-0.10 21:-0.13 22:-0.18 23:-0.16 24:-0.02 25:-0.10 26:-0.12,2015-01-16,2026-10-07
intraday,metal,us_cash,GAPgo1.0,5,not selected,1256,107.3000,-0.0523,-3.9679,-0.0679,-0.1268,0.4546,852,-0.0615,-3.6634,-0.0748,404,-0.0330,-1.5958,-0.0534,0.1111,15:-0.05 16:-0.09 17:-0.15 18:-0.07 19:+0.02 20:-0.01 21:-0.09 22:-0.12 23:-0.02 24:-0.11 25:+0.01 26:-0.04,2015-01-21,2026-10-07
intraday,metal,us_cash,IMOM_30,5,not selected,10975,935.9000,-0.4289,-85.5669,-0.4293,-0.8557,0.1871,7763,-0.4723,-76.9299,-0.4754,3212,-0.3239,-39.1940,-0.3181,0.0000,15:-0.42 16:-0.29 17:-0.54 18:-0.63 19:-0.54 20:-0.41 21:-0.44 22:-0.48 23:-0.39 24:-0.33 25:-0.34 26:-0.29,2015-01-16,2026-10-08
intraday,metal,us_cash,IMOM_day,5,not selected,10991,937.3000,-0.4317,-85.4783,-0.4312,-0.8589,0.1916,7774,-0.4731,-75.8558,-0.4778,3217,-0.3317,-40.7604,-0.3185,0.0000,15:-0.43 16:-0.31 17:-0.58 18:-0.64 19:-0.53 20:-0.39 21:-0.43 22:-0.49 23:-0.37 24:-0.36 25:-0.36 26:-0.27,2015-01-16,2026-10-08
intraday,metal,us_cash,IMOM_ovn,5,not selected,10996,937.7000,-0.4275,-84.7980,-0.4296,-0.8546,0.1855,7778,-0.4781,-78.0158,-0.4758,3218,-0.3053,-36.2692,-0.3179,0.0000,15:-0.43 16:-0.30 17:-0.55 18:-0.64 19:-0.52 20:-0.41 21:-0.46 22:-0.48 23:-0.41 24:-0.32 25:-0.34 26:-0.24,2015-01-16,2026-10-08
intraday,metal,us_cash,NB,5,not selected,6120,523.1000,-0.8845,-28.2445,-0.8105,-1.6967,0.2580,4327,-0.9669,-25.5878,-0.8946,1793,-0.6856,-12.3544,-0.6074,0.0000,15:-0.97 16:-0.43 17:-1.34 18:-1.35 19:-0.81 20:-0.93 21:-0.93 22:-0.94 23:-0.80 24:-0.68 25:-0.63 26:-0.77,2015-01-26,2026-10-08
intraday,metal,us_cash,OC15,5,not selected,11005,935.4000,-0.8376,-29.7111,-0.8123,-1.6740,0.2281,7784,-0.9154,-24.8782,-0.9150,3221,-0.6496,-17.6423,-0.5642,0.0000,15:-0.75 16:-0.34 17:-0.98 18:-1.34 19:-1.13 20:-0.97 21:-1.02 22:-0.71 23:-0.64 24:-0.65 25:-0.55 26:-0.78,2015-01-02,2026-10-08
intraday,metal,us_cash,OC30,5,not selected,10985,933.7000,-0.5442,-22.9164,-0.5485,-1.1162,0.2862,7766,-0.6009,-19.4002,-0.6124,3219,-0.4075,-13.0425,-0.3945,0.0000,15:-0.55 16:-0.34 17:-0.84 18:-1.03 19:-0.88 20:-0.63 21:-0.16 22:-0.35 23:-0.50 24:-0.38 25:-0.33 26:-0.53,2015-01-02,2026-10-08
intraday,metal,us_cash,OC30_2R,5,not selected,10985,933.7000,-0.5787,-35.1689,-0.5621,-1.1508,0.3326,7766,-0.6463,-30.7285,-0.6386,3219,-0.4158,-17.4536,-0.3777,0.0000,15:-0.58 16:-0.35 17:-0.82 18:-1.05 19:-0.89 20:-0.61 21:-0.31 22:-0.49 23:-0.55 24:-0.37 25:-0.39 26:-0.49,2015-01-02,2026-10-08
intraday,metal,us_cash,OC60,5,not selected,11042,938.6000,-0.4130,-30.1702,-0.4008,-0.8211,0.3280,7816,-0.4457,-26.3103,-0.4462,3226,-0.3338,-14.8042,-0.2909,0.0000,15:-0.39 16:-0.30 17:-0.59 18:-0.62 19:-0.53 20:-0.46 21:-0.42 22:-0.32 23:-0.30 24:-0.32 25:-0.30 26:-0.39,2015-01-02,2026-10-08
intraday,metal,us_cash,ORB15,5,not selected,11005,935.4000,-0.4392,-25.2587,-0.4626,-0.9170,0.3005,7787,-0.4668,-21.4635,-0.5243,3218,-0.3724,-13.4678,-0.3133,0.0000,15:-0.41 16:-0.14 17:-0.55 18:-0.73 19:-0.48 20:-0.44 21:-0.53 22:-0.35 23:-0.38 24:-0.41 25:-0.24 26:-0.49,2015-01-02,2026-10-08
intraday,metal,us_cash,ORB30,5,not selected,10820,919.7000,-0.3136,-21.8048,-0.3292,-0.6485,0.3446,7634,-0.3425,-18.8947,-0.3715,3186,-0.2444,-10.9578,-0.2279,0.0000,15:-0.28 16:-0.19 17:-0.49 18:-0.58 19:-0.39 20:-0.35 21:-0.19 22:-0.28 23:-0.24 24:-0.28 25:-0.17 26:-0.31,2015-01-02,2026-10-08
intraday,metal,us_cash,ORB30_mid,5,not selected,10820,919.7000,-0.7795,-33.2859,-0.7350,-1.4480,0.2162,7634,-0.8591,-28.7357,-0.8215,3186,-0.5888,-17.1550,-0.5276,0.0000,15:-0.89 16:-0.68 17:-1.10 18:-1.24 19:-0.97 20:-0.79 21:-0.61 22:-0.77 23:-0.63 24:-0.68 25:-0.45 26:-0.67,2015-01-02,2026-10-08
intraday,metal,us_cash,ORB60,5,not selected,9793,832.4000,-0.2471,-21.8834,-0.2234,-0.4988,0.3526,6888,-0.2720,-18.6989,-0.2460,2905,-0.1881,-11.7131,-0.1696,0.0000,15:-0.25 16:-0.23 17:-0.25 18:-0.45 19:-0.28 20:-0.30 21:-0.21 22:-0.23 23:-0.19 24:-0.22 25:-0.16 26:-0.19,2015-01-02,2026-10-08
intraday,stock,us_cash,FHR0.5,30,not selected,6591,563.5000,-0.0613,-2.7566,-0.0695,-0.1630,0.3127,3430,-0.0059,-0.1918,0.0166,3161,-0.1215,-3.7707,-0.1629,0.7778,15:-0.26 16:+0.16 17:+0.12 18:+0.07 19:+0.07 20:+0.39 21:+0.03 22:+0.05 23:-0.12 24:-0.10 25:-0.06 26:-0.22,2015-01-27,2026-10-08
intraday,stock,us_cash,FHR0.8,30,not selected,1643,142.4000,-0.0997,-1.9953,-0.1127,-0.2140,0.2708,856,-0.0640,-0.9558,-0.0479,787,-0.1385,-1.8542,-0.1831,0.3750,15:-0.52 16:+0.01 17:-0.15 18:-0.31 19:-0.11 20:+0.84 21:+0.06 22:+0.00 23:-0.17 24:-0.10 25:-0.08 26:-0.24,2015-03-25,2026-10-08
intraday,stock,us_cash,GAPfade0.5,30,not selected,8490,724.7000,-0.0238,-2.9920,-0.0283,-0.0461,0.4898,3783,-0.0342,-2.7998,-0.0121,4707,-0.0155,-1.4780,-0.0414,0.5556,15:+0.03 16:-0.01 17:+0.14 18:+0.01 19:-0.07 20:+0.10 21:-0.10 22:-0.05 23:+0.00 24:+0.03 25:-0.01 26:-0.07,2015-01-20,2026-10-08
intraday,stock,us_cash,GAPfade1.0,30,not selected,1828,156.3000,-0.0022,-0.1715,-0.0186,-0.0142,0.4984,769,-0.0247,-1.2330,-0.0104,1059,0.0141,0.8592,-0.0246,0.4444,15:+0.09 16:+0.07 17:-0.11 18:-0.08 19:+0.05 20:-0.01 21:-0.02 22:+0.00 23:-0.07 24:+0.02 25:+0.03 26:-0.01,2015-01-27,2026-10-08
intraday,stock,us_cash,GAPgo0.5,30,not selected,8490,724.7000,-0.0314,-3.5322,-0.0210,-0.0537,0.4686,3783,0.0086,0.6248,-0.0024,4707,-0.0636,-5.4782,-0.0360,0.4444,15:+0.04 16:-0.04 17:-0.10 18:-0.01 19:+0.08 20:-0.07 21:+0.07 22:+0.02 23:-0.04 24:-0.07 25:-0.07 26:-0.06,2015-01-20,2026-10-08
intraday,stock,us_cash,GAPgo1.0,30,not selected,1828,156.3000,-0.0244,-1.8341,-0.0072,-0.0365,0.4819,769,0.0181,0.8567,0.0029,1059,-0.0552,-3.2403,-0.0146,0.3333,15:-0.09 16:-0.07 17:-0.01 18:+0.12 19:-0.04 20:-0.00 21:+0.01 22:-0.03 23:+0.08 24:-0.04 25:-0.06 26:-0.06,2015-01-27,2026-10-08
intraday,stock,us_cash,IMOM_30,30,not selected,40330,3439.3000,-0.0772,-26.0784,-0.0685,-0.1377,0.4417,20425,-0.0448,-11.3365,-0.0245,19905,-0.1104,-25.0568,-0.1136,0.1111,15:-0.00 16:-0.04 17:-0.06 18:-0.01 19:+0.01 20:-0.05 21:-0.04 22:-0.04 23:-0.06 24:-0.04 25:-0.11 26:-0.20,2015-01-16,2026-10-08
intraday,stock,us_cash,IMOM_day,30,not selected,40512,3454.8000,-0.0721,-24.2518,-0.0675,-0.1327,0.4463,20549,-0.0255,-6.4029,-0.0234,19963,-0.1201,-27.2798,-0.1128,0.3333,15:+0.00 16:-0.05 17:-0.06 18:+0.04 19:-0.01 20:+0.01 21:-0.02 22:-0.00 23:-0.06 24:-0.04 25:-0.14 26:-0.20,2015-01-16,2026-10-08
intraday,stock,us_cash,IMOM_ovn,30,not selected,40336,3439.8000,-0.0809,-27.4773,-0.0692,-0.1416,0.4432,20439,-0.0502,-12.8693,-0.0264,19897,-0.1124,-25.4815,-0.1132,0.2222,15:+0.03 16:-0.07 17:-0.11 18:-0.01 19:+0.03 20:-0.01 21:-0.06 22:-0.05 23:-0.05 24:-0.04 25:-0.13 26:-0.19,2015-01-16,2026-10-08
intraday,stock,us_cash,NB,30,not selected,24027,2053.8000,-0.0666,-6.1508,-0.0979,-0.1572,0.3707,12367,0.0074,0.5200,-0.0306,11660,-0.1451,-8.8334,-0.1692,0.7778,15:+0.19 16:-0.13 17:+0.03 18:+0.22 19:+0.04 20:+0.12 21:+0.01 22:+0.02 23:-0.03 24:-0.01 25:-0.17 26:-0.28,2015-01-26,2026-10-08
intraday,stock,us_cash,OC15,30,not selected,40412,3435.1000,-0.0553,-4.8015,-0.0731,-0.1433,0.3141,20579,0.0274,1.5493,-0.0008,19833,-0.1412,-9.6794,-0.1481,0.8889,15:+0.09 16:+0.01 17:+0.07 18:+0.09 19:-0.11 20:+0.07 21:+0.02 22:+0.05 23:+0.01 24:+0.01 25:-0.19 26:-0.27,2015-01-02,2026-10-08
intraday,stock,us_cash,OC30,30,not selected,40601,3451.1000,-0.0600,-7.8965,-0.0624,-0.1253,0.3773,20690,-0.0029,-0.2792,-0.0031,19911,-0.1193,-10.6896,-0.1239,0.4444,15:+0.02 16:-0.03 17:+0.06 18:+0.06 19:-0.08 20:-0.00 21:-0.02 22:+0.01 23:-0.01 24:-0.02 25:-0.15 26:-0.21,2015-01-02,2026-10-08
intraday,stock,us_cash,OC30_2R,30,not selected,40601,3451.1000,-0.0678,-11.5401,-0.0709,-0.1331,0.4067,20690,-0.0113,-1.4134,-0.0165,19911,-0.1265,-14.7341,-0.1273,0.3333,15:-0.02 16:-0.06 17:+0.07 18:+0.02 19:-0.00 20:+0.03 21:-0.01 22:-0.00 23:-0.03 24:-0.04 25:-0.16 26:-0.19,2015-01-02,2026-10-08
intraday,stock,us_cash,OC60,30,not selected,40695,3459.1000,-0.0450,-7.4927,-0.0546,-0.0958,0.4231,20778,0.0037,0.4513,-0.0150,19917,-0.0958,-11.0181,-0.0959,0.6667,15:+0.01 16:-0.08 17:+0.09 18:+0.00 19:+0.00 20:+0.01 21:-0.00 22:+0.02 23:-0.01 24:-0.01 25:-0.12 26:-0.16,2015-01-02,2026-10-08
intraday,stock,us_cash,ORB15,30,FAILED out of sample,40565,3448.1000,-0.0249,-3.4759,-0.0528,-0.0781,0.3882,20628,0.0302,3.0669,-0.0009,19937,-0.0818,-7.8893,-0.1065,0.7778,15:+0.04 16:+0.01 17:+0.02 18:+0.06 19:-0.06 20:-0.00 21:+0.06 22:+0.05 23:+0.00 24:+0.02 25:-0.10 26:-0.18,2015-01-02,2026-10-08
intraday,stock,us_cash,ORB30,30,not selected,39200,3332.0000,-0.0204,-3.5623,-0.0405,-0.0597,0.4442,19892,0.0196,2.3206,0.0004,19308,-0.0617,-7.9619,-0.0827,0.7778,15:+0.02 16:+0.01 17:+0.25 18:+0.01 19:-0.08 20:-0.03 21:+0.03 22:+0.02 23:+0.01 24:+0.02 25:-0.09 26:-0.12,2015-01-02,2026-10-08
intraday,stock,us_cash,ORB30_mid,30,not selected,39200,3332.0000,-0.1107,-12.7162,-0.1084,-0.1892,0.3156,19892,-0.0256,-2.0585,-0.0283,19308,-0.1985,-16.3202,-0.1910,0.2222,15:-0.03 16:-0.06 17:+0.19 18:+0.04 19:-0.16 20:-0.10 21:-0.01 22:-0.03 23:-0.04 24:-0.04 25:-0.28 26:-0.30,2015-01-02,2026-10-08
intraday,stock,us_cash,ORB60,30,FAILED out of sample,34691,2948.8000,-0.0180,-4.1748,-0.0338,-0.0499,0.4700,17569,0.0263,4.3522,-0.0073,17122,-0.0635,-10.3096,-0.0611,0.7778,15:+0.04 16:-0.04 17:+0.03 18:+0.03 19:-0.03 20:+0.05 21:+0.03 22:+0.04 23:+0.02 24:-0.00 25:-0.08 26:-0.12,2015-01-02,2026-10-08
intraday,us_index,us_cash,FHR0.5,4,not selected,832,96.0000,-0.0222,-0.3448,0.0904,-0.0802,0.2800,432,-0.1747,-2.1299,0.0392,400,0.1425,1.4264,0.1457,0.0000,18:-0.16 19:-0.12 20:-0.18 21:-0.14 22:-0.29 23:-0.14 24:+0.27 25:+0.06 26:+0.08,2018-02-06,2026-10-06
intraday,us_index,us_cash,FHR0.8,4,not selected,172,19.9000,0.0527,0.3098,0.3133,-0.0102,0.2849,90,-0.1677,-0.8490,0.2907,82,0.2946,1.0446,0.3381,0.2500,18:+0.31 19:+0.19 20:-0.36 21:-0.10 22:-0.32 23:-0.54 24:+0.84 25:-0.32 26:+0.21,2018-02-06,2026-09-23
intraday,us_index,us_cash,GAPfade0.5,4,not selected,1383,159.6000,0.0117,0.5822,-0.0092,0.0012,0.4881,718,-0.0186,-0.6438,-0.0161,665,0.0443,1.6123,-0.0018,0.3333,18:+0.02 19:-0.08 20:+0.02 21:-0.01 22:-0.04 23:-0.02 24:+0.01 25:+0.12 26:+0.01,2018-02-06,2026-10-07
intraday,us_index,us_cash,GAPfade1.0,4,not selected,220,25.6000,0.0921,2.3416,-0.0218,0.0865,0.5455,100,0.1070,1.6630,-0.0412,120,0.0797,1.6449,-0.0056,1.0000,18:+1.00 19:+0.04 20:+0.13 21:+0.23 22:+0.01 23:+0.06 24:+0.02 25:+0.12 26:+0.09,2018-02-06,2026-09-17
intraday,us_index,us_cash,GAPgo0.5,4,not selected,1383,159.6000,-0.0374,-1.6960,0.0034,-0.0479,0.4866,718,-0.0205,-0.6466,0.0000,665,-0.0558,-1.8177,0.0071,0.1667,18:-0.18 19:+0.13 20:-0.03 21:-0.02 22:-0.05 23:-0.01 24:-0.01 25:-0.16 26:+0.01,2018-02-06,2026-10-07
intraday,us_index,us_cash,GAPgo1.0,4,not selected,220,25.6000,-0.0992,-2.4448,0.0260,-0.1048,0.4500,100,-0.1129,-1.7333,0.0387,120,-0.0877,-1.7178,0.0153,0.0000,18:-1.00 19:-0.10 20:-0.11 21:-0.23 22:-0.02 23:-0.10 24:-0.04 25:-0.14 26:-0.07,2018-02-06,2026-09-17
intraday,us_index,us_cash,IMOM_30,4,not selected,6378,735.8000,-0.0332,-4.2454,-0.0253,-0.0634,0.4630,3626,-0.0220,-2.0473,-0.0208,2752,-0.0481,-4.2287,-0.0312,0.1667,18:-0.06 19:-0.03 20:+0.07 21:-0.07 22:-0.03 23:-0.02 24:-0.03 25:-0.05 26:-0.07,2018-02-06,2026-10-08
intraday,us_index,us_cash,IMOM_day,4,not selected,6385,736.6000,-0.0291,-3.6084,-0.0243,-0.0592,0.4641,3629,0.0169,1.5235,-0.0211,2756,-0.0896,-7.7625,-0.0285,0.6667,18:+0.01 19:-0.04 20:+0.07 21:+0.00 22:+0.06 23:-0.02 24:-0.05 25:-0.12 26:-0.10,2018-02-06,2026-10-08
intraday,us_index,us_cash,IMOM_ovn,4,not selected,6378,735.8000,-0.0415,-5.2795,-0.0227,-0.0716,0.4606,3626,-0.0468,-4.4180,-0.0161,2752,-0.0344,-2.9466,-0.0313,0.0000,18:-0.08 19:-0.04 20:-0.04 21:-0.08 22:-0.05 23:-0.02 24:-0.02 25:-0.05 26:-0.03,2018-02-06,2026-10-08
intraday,us_index,us_cash,NB,4,not selected,3934,454.7000,0.0268,0.9064,-0.0656,-0.0251,0.4095,2280,0.0580,1.5527,-0.0523,1654,-0.0164,-0.3429,-0.0841,0.8333,18:+0.08 19:+0.08 20:-0.11 21:+0.04 22:+0.08 23:+0.11 24:+0.12 25:-0.09 26:-0.12,2018-02-12,2026-10-08
intraday,us_index,us_cash,OC15,4,not selected,6415,737.0000,0.0101,0.3783,-0.0039,-0.0367,0.3063,3664,0.0247,0.7539,0.0159,2751,-0.0092,-0.2068,-0.0302,0.5000,18:-0.08 19:+0.04 20:-0.02 21:+0.08 22:+0.11 23:-0.05 24:+0.04 25:+0.01 26:-0.10,2018-01-24,2026-10-08
intraday,us_index,us_cash,OC30,4,not selected,6408,736.0000,0.0152,0.7152,0.0006,-0.0208,0.3761,3663,0.0148,0.5526,0.0217,2745,0.0158,0.4571,-0.0276,0.6667,18:-0.09 19:-0.02 20:+0.07 21:+0.01 22:+0.02 23:+0.02 24:+0.08 25:+0.08 26:-0.15,2018-01-23,2026-10-08
intraday,us_index,us_cash,OC30_2R,4,not selected,6408,736.0000,0.0015,0.1003,-0.0235,-0.0345,0.4168,3663,0.0145,0.7115,-0.0018,2745,-0.0157,-0.6738,-0.0525,0.6667,18:+0.01 19:+0.02 20:+0.11 21:-0.01 22:+0.01 23:-0.01 24:+0.01 25:+0.01 26:-0.08,2018-01-23,2026-10-08
intraday,us_index,us_cash,OC60,4,not selected,6424,737.9000,0.0244,1.5116,-0.0165,-0.0023,0.4430,3672,0.0294,1.4435,-0.0070,2752,0.0177,0.6784,-0.0292,0.5000,18:-0.05 19:-0.02 20:+0.07 21:-0.02 22:+0.03 23:+0.07 24:+0.02 25:+0.11 26:-0.11,2018-01-23,2026-10-08
intraday,us_index,us_cash,ORB15,4,WATCH,6404,735.6000,0.0446,2.3493,0.0078,0.0157,0.3913,3657,0.0717,2.8416,0.0312,2747,0.0086,0.2967,-0.0234,0.8333,18:-0.02 19:+0.03 20:+0.11 21:+0.10 22:+0.14 23:+0.01 24:+0.01 25:+0.05 26:-0.05,2018-01-23,2026-10-08
intraday,us_index,us_cash,ORB30,4,WATCH,6295,723.0000,0.0457,2.9259,-0.0037,0.0235,0.4542,3590,0.0604,2.8999,0.0224,2705,0.0262,1.1108,-0.0382,0.8333,18:+0.01 19:-0.01 20:+0.06 21:+0.04 22:+0.10 23:+0.07 24:+0.06 25:+0.06 26:-0.06,2018-01-23,2026-10-08
intraday,us_index,us_cash,ORB30_mid,4,not selected,6295,723.0000,-0.0363,-1.5567,-0.0593,-0.0808,0.2999,3590,-0.0294,-0.9396,-0.0235,2705,-0.0456,-1.3003,-0.1068,0.1667,18:-0.06 19:-0.14 20:-0.00 21:-0.04 22:+0.09 23:-0.11 24:+0.04 25:-0.05 26:-0.16,2018-01-23,2026-10-08
intraday,us_index,us_cash,ORB60,4,FAILED out of sample,5778,663.7000,0.0258,2.1512,-0.0125,0.0091,0.4995,3304,0.0491,3.0965,-0.0020,2474,-0.0053,-0.2873,-0.0266,0.8333,18:+0.06 19:-0.04 20:+0.04 21:+0.03 22:+0.10 23:+0.04 24:+0.02 25:+0.04 26:-0.09,2018-01-23,2026-10-08
xsec,stock,D1,XSMOM,30,not selected,815,123.9000,-0.0899,-2.0801,-0.0773,-0.1030,0.4098,419,-0.1241,-2.2844,-0.0825,396,-0.0538,-0.7917,-0.0718,0.2500,20:+0.02 21:-0.10 22:-0.11 23:-0.19 24:+0.02 25:-0.22 26:+0.08,2020-02-03,2026-09-01
xsec,stock,D1,XSREV,30,not selected,3932,524.7000,-0.0535,-5.5386,-0.0585,-0.0660,0.4509,2204,-0.0640,-5.0723,-0.0529,1728,-0.0401,-2.6797,-0.0656,0.2000,19:-0.06 20:+0.05 21:-0.10 22:-0.05 23:-0.09 24:-0.03 25:-0.04 26:-0.05,2019-04-01,2026-09-28
