cell,n,per_yr,avgR,t,win,coin,longs,shorts,IS,OOS,n_OOS,yrs_pos,worst_yr,last60,stop_pct,med_risk_bp,years
WVB TSLA k=0.3 exit close,1227,204.5,0.11179229854903193,3.2003449707978353,0.46536267318663405,-0.07893020897421259,0.10875842408776701,0.11477225924765724,0.18143106421627977,0.052162130065427866,661,5/6,-0.035293992271125035,0.1289329250974844,0.3333333333333333,187.32595904359863,21:+0.20 22:+0.21 23:+0.14 24:-0.04 25:+0.11 26:+0.09
WVB TSLA k=0.3 exit next open,1219,203.2,0.18441088642879636,4.073454501663743,0.4610336341263331,-0.10263889169751106,0.22024322109582734,0.1491037814230085,0.2743783525223345,0.10745241467146237,657,5/6,-0.02456989272923377,0.10750693891242082,0.33305988515176377,187.45218056618126,21:+0.31 22:+0.22 23:+0.32 24:+0.17 25:+0.15 26:-0.02
WVB TSLA k=0.5 exit close,981,163.5,0.01999919495868493,0.5536930229131682,0.436289500509684,-0.08771018686934517,0.017695355640388346,0.02231716826052936,0.08523289899258234,-0.03736147582974211,522,4/6,-0.14297596710584665,-0.039895953949624,0.3384301732925586,178.7809760474904,21:-0.09 22:+0.08 23:+0.16 24:-0.14 25:+0.04 26:+0.01
WVB TSLA k=0.5 exit next open,975,162.5,0.1034431354036152,1.9289959154957619,0.44,-0.14141884822978268,0.13970271727140077,0.06695972895639886,0.18670173207076557,0.03029107359201485,519,5/6,-0.04616985419843694,0.08738934008767556,0.3394871794871795,178.90225356007264,21:+0.09 22:+0.04 23:+0.37 24:-0.05 25:+0.09 26:+0.05
WVB TSLA k=0.7 exit close,717,119.5,0.08185466489928396,1.9344673711696767,0.4686192468619247,-0.08892348166626649,0.029219317171506876,0.13673938646158143,0.19435696230832375,-0.0173599595874283,381,3/6,-0.026409434907571454,0.06993323691739393,0.3054393305439331,167.17470754400796,21:+0.15 22:+0.27 23:+0.13 24:-0.03 25:-0.02 26:-0.00
WVB TSLA k=0.7 exit next open,712,118.7,0.1735312286334237,2.620648967281965,0.46769662921348315,-0.2034763953624817,0.18257891817347735,0.1640675533673906,0.3044853403584313,0.05782045266476632,378,5/6,-0.03486829933643356,0.02201776875160539,0.30758426966292135,167.1054490019303,21:+0.32 22:+0.24 23:+0.36 24:+0.04 25:+0.14 26:-0.03
WVB AAPL k=0.3 exit close,1224,204.0,-0.018798651814885395,-0.5629901445862991,0.4256535947712418,-0.037783645155692394,0.03419171053487349,-0.08749722664355965,0.08114083743804386,-0.10533162421681196,656,2/6,-0.11794136441565266,-0.04138154441864771,0.3709150326797386,86.13372709995826,21:+0.07 22:+0.17 23:-0.00 24:-0.09 25:-0.12 26:-0.10
WVB AAPL k=0.3 exit next open,1216,202.7,-0.020519034618507615,-0.47355230960630645,0.39473684210526316,-0.02438018702843168,-0.0022634914723862875,-0.04422708403511505,0.07748907908231406,-0.1052990593535742,652,2/6,-0.19903946304281994,0.10491770978397096,0.3684210526315789,86.3222521491993,21:-0.04 22:+0.19 23:+0.01 24:-0.05 25:-0.20 26:-0.06
WVB AAPL k=0.5 exit close,1001,166.8,-0.10714259039429884,-3.0915681362478593,0.4045954045954046,-0.05724360683021752,-0.09276831509890814,-0.12418458053708743,-0.05066167934494407,-0.1569349725035985,532,1/6,-0.22092015387929764,-0.07276972341810735,0.4025974025974026,81.37180962965947,21:+0.14 22:-0.02 23:-0.16 24:-0.13 25:-0.22 26:-0.11
WVB AAPL k=0.5 exit next open,993,165.5,-0.09937848360231738,-2.1557254717063983,0.37361530715005037,-0.05133241321288556,-0.09378204852433115,-0.10594235494104959,-0.025772682711415928,-0.16420177415964535,528,2/6,-0.3483153483255951,-0.07849438307746179,0.40181268882175225,81.5463606161288,21:+0.17 22:+0.02 23:-0.15 24:-0.08 25:-0.35 26:-0.05
WVB AAPL k=0.7 exit close,702,117.0,-0.059542511131298,-1.398238254246546,0.41595441595441596,-0.10265390587955732,-0.018887478270912337,-0.10511053889928317,0.020124484241861192,-0.12589700597212775,383,2/6,-0.17666405869834545,0.027736065908658965,0.37037037037037035,76.16266814991303,21:+0.12 22:+0.16 23:-0.15 24:-0.14 25:-0.18 26:-0.04
WVB AAPL k=0.7 exit next open,698,116.3,-0.00454141986138279,-0.0760061071546227,0.41260744985673353,-0.17252527845468393,-0.01612282808051621,0.008299597710889025,0.059615279306212826,-0.05792114069111458,381,3/6,-0.1526231762559648,0.054138699681161355,0.36962750716332377,76.18999161758543,21:+0.15 22:+0.18 23:-0.09 24:-0.11 25:-0.15 26:+0.13
WVB US100 k=0.3 exit close,336,168.0,0.029289199928484153,0.4847133646804577,0.4732142857142857,-0.13188792737575983,-0.01700685315866933,0.07842550167129124,,0.029289199928484153,336,1/2,-0.01530501809030821,-0.09231238557395559,0.36904761904761907,55.52171317162703,25:+0.08 26:-0.02
WVB US100 k=0.3 exit next open,334,167.0,0.02516815738068689,0.31892598561302915,0.39820359281437123,-0.1576199091955563,0.034972655648000894,0.014758443170946102,,0.02516815738068689,334,1/2,-0.02467999858839409,0.010784010366858927,0.36826347305389223,55.674558990950835,25:+0.08 26:-0.02
WVB US100 k=0.5 exit close,271,135.5,-0.04662489045969881,-0.8021727378659981,0.4354243542435424,-0.12715261152221422,0.01770746501526477,-0.11143378190114356,,-0.04662489045969881,271,0/2,-0.09490169622049452,-0.2225569727502303,0.3247232472324723,51.774871652272076,25:-0.09 26:-0.01
WVB US100 k=0.5 exit next open,269,134.5,0.029007980197008884,0.34655245736073587,0.41263940520446096,-0.2074415169125256,0.14429196084944845,-0.08713632866925487,,0.029007980197008884,269,1/2,-0.036899724132422415,0.06400274365460025,0.32342007434944237,51.774871652272076,25:-0.04 26:+0.09
WVB US100 k=0.7 exit close,193,96.5,-0.08625130581523624,-1.2471565979165342,0.39378238341968913,-0.1341375965313441,-0.0015955192123164067,-0.15720091744435,,-0.08625130581523624,193,0/2,-0.11529435940144825,-0.2264472175130365,0.34196891191709844,48.8507402500144,25:-0.05 26:-0.12
WVB US100 k=0.7 exit next open,191,95.5,-0.029630639551353925,-0.2841894751082328,0.44502617801047123,-0.20728718260385728,0.20262813903635662,-0.21986163915652635,,-0.029630639551353925,191,1/2,-0.11332279474669463,-0.23597072178319678,0.34554973821989526,48.8507402500144,25:+0.07 26:-0.11
WVB US500 k=0.3 exit close,341,170.5,0.014428227927217884,0.23963365117224839,0.44868035190615835,-0.06835541934495297,0.0554156636441459,-0.026800310352750913,,0.014428227927217884,341,1/2,-0.008538407391790188,-0.148134648066624,0.3489736070381232,40.255914445481956,25:+0.04 26:-0.01
WVB US500 k=0.3 exit next open,338,169.0,-0.0027749639653644243,-0.03529237686202589,0.40532544378698226,-0.06315682747962226,0.09535580687060194,-0.10090573480133079,,-0.0027749639653644243,338,1/2,-0.04098185622508119,-0.11856843229002893,0.34911242603550297,40.4568992753707,25:+0.04 26:-0.04
WVB US500 k=0.5 exit close,271,135.5,-0.04390234175376343,-0.7066215733646952,0.4317343173431734,-0.050396661598397056,-0.04192234073895962,-0.04586778393757601,,-0.04390234175376343,271,0/2,-0.04525530436777328,-0.2927817433561756,0.33579335793357934,37.50874359225753,25:-0.05 26:-0.04
WVB US500 k=0.5 exit next open,269,134.5,-0.06171921388603182,-0.7474694794407643,0.39776951672862454,-0.12588715909370524,-0.024209815724421112,-0.09895076465385282,,-0.06171921388603182,269,0/2,-0.11719136394077545,-0.12652882463861845,0.3345724907063197,37.57389407754648,25:-0.12 26:-0.01
WVB US500 k=0.7 exit close,196,98.0,-0.09433279043343057,-1.324989681976695,0.42857142857142855,0.0013238839570135406,0.03958782994775664,-0.2057247083205863,,-0.09433279043343057,196,0/2,-0.11847556131416503,-0.31876253609958044,0.35714285714285715,34.45326247652969,25:-0.12 26:-0.07
WVB US500 k=0.7 exit next open,195,97.5,-0.14105653195247275,-1.402781510033765,0.38974358974358975,-0.1563279366896317,0.09461798091515917,-0.3348822995445438,,-0.14105653195247275,195,0/2,-0.1481760612086461,-0.23477147361683443,0.358974358974359,34.53922334416713,25:-0.13 26:-0.15
