symbol,group,rule,days,first,all_n,all_avgR,all_t,all_is_,all_oos,nr7_n,nr7_avgR,nr7_t,nr7_is_,nr7_oos,other_n,other_avgR,other_t,other_is_,other_oos,gap_against_n,gap_against_avgR,gap_against_t,gap_against_is_,gap_against_oos,gap_with_n,gap_with_avgR,gap_with_t,gap_with_is_,gap_with_oos
AAPL,stock,OC30,2469,2015-01-02,2461,-0.0311,-1.1062,-0.0097,-0.0864,403,0.1089,1.4071,0.1687,-0.0543,2058,-0.0585,-1.9518,-0.0453,-0.0924,210,-0.0888,-0.9195,-0.0979,-0.0707,224,-0.0091,-0.0969,0.0400,-0.0943
AAPL,stock,ORB30,2469,2015-01-02,2311,0.0008,0.0393,0.0090,-0.0193,373,0.1166,2.2762,0.1809,-0.0498,1938,-0.0214,-0.9177,-0.0246,-0.0137,188,0.0048,0.0624,-0.0274,0.0616,214,0.0446,0.6658,0.0687,0.0042
AMD,stock,OC30,1405,2020-10-22,1396,-0.1464,-3.9088,0.0113,-0.3197,208,-0.0465,-0.4245,0.1110,-0.2039,1188,-0.1638,-4.1373,-0.0052,-0.3412,175,-0.2124,-2.3004,-0.0303,-0.3253,174,-0.1287,-1.1076,0.0913,-0.2804
AMD,stock,ORB30,1405,2020-10-22,1367,-0.0996,-3.4250,0.0488,-0.2637,206,-0.0348,-0.4345,0.0968,-0.1639,1161,-0.1111,-3.5665,0.0408,-0.2827,160,-0.0838,-1.0576,-0.0014,-0.1447,183,-0.0275,-0.3272,0.2678,-0.2063
AMZN,stock,OC30,1285,2021-08-02,1277,-0.0251,-0.6095,0.0574,-0.0962,186,0.1378,0.9205,0.3675,-0.0556,1091,-0.0529,-1.2936,0.0054,-0.1032,119,-0.2347,-2.3644,-0.0592,-0.3078,142,-0.0667,-0.6592,-0.0255,-0.0897
AMZN,stock,ORB30,1285,2021-08-02,1225,0.0165,0.5378,0.0974,-0.0521,178,0.1600,1.4875,0.3124,0.0297,1047,-0.0079,-0.2570,0.0607,-0.0660,113,-0.1549,-1.9616,0.1157,-0.2440,135,-0.0786,-1.0348,-0.0386,-0.1052
AUS200.cash,index,OC30,1744,2019-04-08,1703,-0.3888,-7.3003,-0.6465,-0.0141,266,-0.5732,-5.3018,-0.8385,-0.1729,1437,-0.3546,-5.9277,-0.6103,0.0146,311,-0.4561,-3.9836,-0.7914,0.0046,367,-0.1884,-1.3828,-0.4704,0.1889
AUS200.cash,index,ORB30,1744,2019-04-08,1720,-0.3116,-9.4326,-0.4973,-0.0336,272,-0.4065,-5.3779,-0.5805,-0.1341,1448,-0.2938,-8.0327,-0.4814,-0.0154,322,-0.3805,-5.6250,-0.6310,-0.0508,365,-0.2660,-3.6388,-0.4661,0.0241
AVGO,stock,OC30,1202,2020-12-07,1126,0.0885,1.7114,0.1399,0.0492,192,0.0857,0.6171,0.2252,-0.0538,934,0.0891,1.6061,0.1191,0.0674,123,-0.0571,-0.4141,0.1141,-0.1427,155,0.3730,2.1507,0.9397,0.0614
AVGO,stock,ORB30,1202,2020-12-07,1173,0.0229,0.6561,0.0110,0.0334,204,0.0926,1.0350,0.1782,0.0001,969,0.0083,0.2180,-0.0290,0.0396,136,-0.1292,-1.4470,-0.0084,-0.1972,153,0.2901,2.5176,0.5226,0.1442
BA,stock,OC30,1367,2020-10-22,1360,0.0024,0.0587,0.0331,-0.0313,210,0.0624,0.6052,0.2022,-0.0747,1150,-0.0085,-0.1885,0.0042,-0.0229,121,-0.0237,-0.1837,0.1695,-0.2405,146,0.1341,0.9570,0.0758,0.2087
BA,stock,ORB30,1367,2020-10-22,1324,0.0110,0.3453,0.0527,-0.0357,207,0.0287,0.3405,0.1693,-0.1160,1117,0.0077,0.2239,0.0320,-0.0200,114,-0.0086,-0.0917,0.1552,-0.2183,149,-0.0213,-0.2289,-0.0372,-0.0018
BABA,stock,OC30,1285,2021-08-02,1276,-0.0802,-2.3099,-0.0513,-0.1053,207,-0.0439,-0.4740,0.0861,-0.1520,1069,-0.0872,-2.3338,-0.0771,-0.0961,253,-0.0010,-0.0122,0.1579,-0.1193,222,-0.0474,-0.5676,-0.0301,-0.0593
BABA,stock,ORB30,1285,2021-08-02,1168,-0.0353,-1.3481,-0.0252,-0.0435,187,-0.0667,-0.9595,-0.0134,-0.1048,981,-0.0293,-1.0383,-0.0272,-0.0310,229,-0.0791,-1.4964,0.0020,-0.1345,213,0.0049,0.0780,-0.0150,0.0184
BAC,stock,OC30,1288,2021-07-28,1269,-0.2546,-6.3951,-0.0602,-0.4230,202,-0.3431,-3.5966,-0.1718,-0.4953,1067,-0.2378,-5.4340,-0.0387,-0.4095,138,-0.2124,-1.9249,-0.2152,-0.2104,135,-0.3558,-3.4381,-0.0060,-0.6904
BAC,stock,ORB30,1288,2021-07-28,1225,-0.1267,-4.5414,-0.0527,-0.1882,196,-0.1968,-2.9615,-0.1304,-0.2532,1029,-0.1133,-3.6917,-0.0377,-0.1759,130,-0.0662,-0.7942,-0.2162,0.0370,135,-0.2276,-2.8114,-0.1851,-0.2694
CVX,stock,OC30,1382,2020-10-22,1372,-0.0516,-1.2305,-0.0339,-0.0717,212,0.0315,0.3478,0.1048,-0.0491,1160,-0.0668,-1.4280,-0.0588,-0.0759,185,0.1442,0.9055,0.2230,0.0662,193,-0.2221,-2.3421,-0.2345,-0.2045
CVX,stock,ORB30,1382,2020-10-22,1352,-0.0237,-0.8214,-0.0156,-0.0331,205,0.0939,1.2228,0.1742,0.0028,1147,-0.0448,-1.4368,-0.0494,-0.0395,181,0.0709,0.9477,0.0628,0.0791,185,-0.1686,-2.5037,-0.1480,-0.1989
DIS,stock,OC30,1369,2020-10-22,1360,-0.0423,-1.0441,-0.0274,-0.0587,219,-0.2189,-2.7190,-0.1204,-0.3476,1141,-0.0083,-0.1828,-0.0080,-0.0088,144,0.1072,0.8877,-0.0258,0.2197,135,-0.0859,-0.7343,-0.0350,-0.1516
DIS,stock,ORB30,1369,2020-10-22,1329,-0.0183,-0.6059,0.0157,-0.0570,215,-0.0591,-0.7907,0.0272,-0.1743,1114,-0.0104,-0.3156,0.0133,-0.0366,146,0.1010,1.0080,0.1405,0.0647,124,-0.0429,-0.5032,0.0467,-0.1591
DXY.cash,index,OC30,473,2024-11-26,464,-0.5911,-5.6567,,-0.5911,65,-0.6787,-2.6565,,-0.6787,399,-0.5768,-5.0478,,-0.5768,95,-0.5640,-1.6934,,-0.5640,92,-0.5430,-3.1028,,-0.5430
DXY.cash,index,ORB30,473,2024-11-26,472,-0.2919,-3.9178,,-0.2919,65,-0.5337,-3.3866,,-0.5337,407,-0.2533,-3.0678,,-0.2533,95,-0.2025,-1.4404,,-0.2025,94,-0.4091,-2.8996,,-0.4091
EU50.cash,index,OC30,1293,2021-09-14,1257,-0.0999,-1.6249,-0.0667,-0.1272,194,0.0206,0.1123,0.1694,-0.1110,1063,-0.1219,-1.8874,-0.1117,-0.1301,134,-0.1510,-0.9444,-0.3492,-0.0292,156,-0.2730,-1.8780,-0.1957,-0.3327
EU50.cash,index,ORB30,1293,2021-09-14,1281,-0.0588,-1.3677,0.0301,-0.1329,200,-0.1400,-1.2180,0.0178,-0.2857,1081,-0.0438,-0.9457,0.0325,-0.1062,145,-0.1547,-1.2587,-0.2759,-0.0784,145,-0.1231,-1.0071,-0.1364,-0.1125
FRA40.cash,index,OC30,1293,2021-09-14,1284,-0.0304,-0.5777,-0.0513,-0.0131,202,-0.0625,-0.4829,0.0027,-0.1148,1082,-0.0245,-0.4239,-0.0611,0.0062,136,-0.1455,-1.1233,-0.4705,0.0621,131,-0.1838,-1.2340,-0.2765,-0.0897
FRA40.cash,index,ORB30,1293,2021-09-14,1272,-0.0207,-0.5405,0.0376,-0.0695,202,-0.0622,-0.6851,0.0101,-0.1203,1070,-0.0129,-0.3049,0.0426,-0.0597,133,-0.1598,-1.6137,-0.2454,-0.1082,125,-0.1622,-1.3528,-0.2140,-0.1042
GER40.cash,index,OC30,1218,2021-12-29,1218,0.0679,1.0751,0.0267,0.0981,173,-0.0104,-0.0609,-0.1053,0.0525,1045,0.0809,1.1899,0.0472,0.1060,116,-0.1084,-0.5724,0.1235,-0.2401,130,-0.0552,-0.3485,0.0901,-0.1431
GER40.cash,index,ORB30,1218,2021-12-29,1193,0.0892,2.0198,0.1432,0.0497,171,0.0851,0.6411,0.2256,-0.0100,1022,0.0899,1.9308,0.1302,0.0601,113,-0.0405,-0.3050,0.2831,-0.1740,129,-0.0372,-0.3071,0.0932,-0.1341
GOOG,stock,OC30,1288,2021-08-02,1284,-0.0013,-0.0309,0.0508,-0.0467,175,-0.0588,-0.6008,0.0478,-0.1571,1109,0.0077,0.1600,0.0513,-0.0298,155,0.0210,0.1817,0.0574,0.0026,129,-0.0665,-0.6094,-0.0417,-0.0855
GOOG,stock,ORB30,1288,2021-08-02,1220,0.0064,0.2076,0.0396,-0.0218,164,0.0583,0.7126,0.1202,0.0022,1056,-0.0017,-0.0512,0.0265,-0.0254,136,-0.0708,-0.8664,-0.0669,-0.0723,128,-0.1087,-1.4552,-0.2151,-0.0206
HK50.cash,index,OC30,1232,2021-09-13,1231,-0.0091,-0.2258,-0.0038,-0.0135,191,-0.1411,-1.7672,-0.2180,-0.0665,1040,0.0151,0.3318,0.0397,-0.0046,161,0.0752,0.5848,0.4344,-0.2229,178,0.0078,0.0663,-0.0741,0.0793
HK50.cash,index,ORB30,1232,2021-09-13,1170,-0.0027,-0.0977,0.0097,-0.0133,182,-0.0300,-0.4552,-0.0223,-0.0374,988,0.0023,0.0737,0.0160,-0.0092,159,0.0511,0.5955,0.2293,-0.1205,165,0.0416,0.5621,0.0871,0.0037
INTC,stock,OC30,1357,2020-12-08,1339,0.0714,1.4433,0.0440,0.1015,207,0.0675,0.3829,0.1128,0.0119,1132,0.0721,1.4751,0.0306,0.1168,149,-0.0076,-0.0600,-0.1356,0.0740,144,0.2886,2.1000,0.3477,0.2343
INTC,stock,ORB30,1357,2020-12-08,1319,0.0656,2.0437,0.0490,0.0841,203,0.0079,0.1043,0.0334,-0.0223,1116,0.0761,2.1519,0.0519,0.1026,133,0.0243,0.2740,-0.0117,0.0497,152,0.1290,1.4436,0.2801,0.0000
JNJ,stock,OC30,1369,2020-10-22,1359,-0.0511,-1.1401,-0.0859,-0.0126,222,-0.0722,-0.7950,0.0020,-0.1610,1137,-0.0470,-0.9292,-0.1038,0.0150,129,0.2539,1.0309,-0.0021,0.4565,126,-0.2204,-1.8423,-0.0847,-0.3437
JNJ,stock,ORB30,1369,2020-10-22,1318,-0.0243,-0.8543,-0.0256,-0.0228,214,-0.0258,-0.3640,0.0025,-0.0599,1104,-0.0240,-0.7728,-0.0312,-0.0159,134,0.0206,0.2604,-0.1270,0.1403,109,-0.0425,-0.4588,-0.0487,-0.0366
JP225.cash,index,OC30,1311,2021-09-14,1303,-0.0027,-0.0612,-0.1008,0.0782,206,0.0214,0.1809,-0.1264,0.1555,1097,-0.0072,-0.1511,-0.0957,0.0644,262,0.0037,0.0398,-0.1891,0.1569,262,0.0669,0.6583,0.0081,0.1182
JP225.cash,index,ORB30,1311,2021-09-14,1258,0.0029,0.0958,0.0144,-0.0066,200,-0.1060,-1.4888,-0.1048,-0.1070,1058,0.0234,0.7126,0.0384,0.0114,245,0.0516,0.7417,-0.0666,0.1417,259,0.0259,0.4155,0.0672,-0.0108
JPM,stock,OC30,1372,2020-10-22,1362,-0.0192,-0.4672,-0.0125,-0.0266,226,-0.0095,-0.0903,0.0575,-0.0881,1136,-0.0211,-0.4737,-0.0268,-0.0148,143,-0.0112,-0.1047,-0.1780,0.1678,153,-0.2227,-2.3799,-0.2010,-0.2505
JPM,stock,ORB30,1372,2020-10-22,1334,-0.0145,-0.4957,-0.0179,-0.0107,222,-0.0442,-0.6461,-0.0658,-0.0183,1112,-0.0086,-0.2658,-0.0081,-0.0092,140,0.1516,1.7477,0.0426,0.2605,152,-0.1840,-2.6361,-0.1579,-0.2209
KO,stock,OC30,1373,2020-10-22,1353,-0.0744,-1.6399,0.0131,-0.1719,215,0.0946,0.6662,0.2597,-0.0784,1138,-0.1063,-2.2728,-0.0319,-0.1903,137,-0.0010,-0.0059,-0.0723,0.0879,121,-0.0351,-0.2306,0.1762,-0.2429
KO,stock,ORB30,1373,2020-10-22,1340,-0.0051,-0.1548,0.0333,-0.0477,215,0.0829,0.8614,0.1889,-0.0262,1125,-0.0219,-0.6334,0.0048,-0.0520,135,0.1232,1.0167,0.1832,0.0603,118,0.0270,0.2586,0.0298,0.0234
MCD,stock,OC30,640,2024-03-12,638,-0.1221,-1.7681,,-0.1221,98,0.0937,0.6045,,0.0937,540,-0.1613,-2.1072,,-0.1613,65,-0.1254,-0.8598,,-0.1254,58,-0.1658,-1.0717,,-0.1658
MCD,stock,ORB30,640,2024-03-12,615,-0.0243,-0.5666,,-0.0243,97,0.1811,1.6600,,0.1811,518,-0.0627,-1.3510,,-0.0627,52,0.0387,0.2867,,0.0387,61,-0.2585,-2.4570,,-0.2585
META,stock,OC30,1282,2021-08-02,1279,-0.0270,-0.6418,0.0485,-0.0919,179,-0.1339,-1.0266,-0.2390,-0.0390,1100,-0.0096,-0.2181,0.0968,-0.1002,127,0.0990,0.7439,0.0202,0.1394,126,-0.0846,-0.7022,0.0992,-0.1609
META,stock,ORB30,1282,2021-08-02,1228,-0.0018,-0.0620,0.0632,-0.0563,170,-0.0956,-1.2955,-0.1358,-0.0590,1058,0.0133,0.4222,0.0968,-0.0558,135,0.0630,0.7127,0.0074,0.0840,111,0.0981,0.9476,-0.0013,0.1478
MSFT,stock,OC30,2460,2015-01-02,2444,0.0207,0.6991,0.0640,-0.0903,406,-0.0118,-0.1733,0.0701,-0.2243,2038,0.0272,0.8283,0.0628,-0.0639,226,-0.0132,-0.1358,0.0260,-0.0922,182,-0.0247,-0.2278,0.1287,-0.2591
MSFT,stock,ORB30,2460,2015-01-02,2307,0.0378,0.9002,0.0717,-0.0470,377,0.0306,0.5652,0.0731,-0.0795,1930,0.0393,0.7991,0.0714,-0.0408,186,0.0815,1.0105,0.0873,0.0703,206,-0.0620,-0.9215,0.0088,-0.1782
MSTR,stock,OC30,1101,2020-12-08,1088,0.0001,0.0023,-0.0763,0.0532,162,0.1367,0.9175,0.4032,-0.0329,926,-0.0238,-0.4405,-0.1552,0.0689,126,0.0471,0.3677,-0.0208,0.0875,131,0.0978,0.6932,-0.0104,0.1668
MSTR,stock,ORB30,1101,2020-12-08,1081,0.0848,2.1673,0.0611,0.1017,158,0.2920,2.3378,0.4515,0.1917,923,0.0494,1.2201,-0.0004,0.0854,126,0.0642,0.6844,0.0332,0.0827,130,0.1168,1.0010,0.0600,0.1547
N25.cash,index,OC30,924,2020-12-11,919,-0.4160,-7.1178,-0.2852,-0.4972,140,-0.4295,-2.8661,-0.2488,-0.5363,779,-0.4136,-6.5118,-0.2916,-0.4900,128,-0.2480,-1.4177,0.0986,-0.4702,88,-0.4304,-2.0934,-0.3337,-0.5040
N25.cash,index,ORB30,924,2020-12-11,905,-0.2078,-4.5852,-0.1199,-0.2640,137,-0.2664,-2.2536,-0.0844,-0.3813,768,-0.1973,-4.0202,-0.1261,-0.2430,122,-0.1527,-1.2988,0.0558,-0.2975,89,-0.2467,-1.6304,-0.1836,-0.2937
NFLX,stock,OC30,1285,2021-08-02,1276,-0.0605,-1.3594,0.0329,-0.1411,186,-0.0165,-0.1200,0.0939,-0.1114,1090,-0.0680,-1.4609,0.0226,-0.1462,92,-0.1305,-0.9257,0.3621,-0.3043,100,-0.1379,-0.8351,0.2931,-0.3407
NFLX,stock,ORB30,1285,2021-08-02,1209,-0.0322,-1.1376,0.0015,-0.0601,173,-0.0040,-0.0532,0.0214,-0.0250,1036,-0.0369,-1.2091,-0.0018,-0.0660,81,-0.0032,-0.0295,0.4977,-0.1463,104,-0.0509,-0.6001,0.0744,-0.1066
NKE,stock,OC30,1370,2020-10-22,1355,0.0288,0.6618,0.0325,0.0248,191,0.3136,2.3437,0.1295,0.4919,1164,-0.0179,-0.3920,0.0178,-0.0585,171,-0.0700,-0.6697,-0.1630,0.0285,144,-0.0599,-0.4903,0.0217,-0.1562
NKE,stock,ORB30,1370,2020-10-22,1321,-0.0092,-0.3183,0.0157,-0.0374,184,0.1391,1.6636,0.0817,0.1978,1137,-0.0332,-1.0812,0.0057,-0.0779,153,0.0318,0.3775,-0.0125,0.0766,153,-0.0792,-0.9356,-0.0075,-0.1688
NVDA,stock,OC30,1284,2021-08-02,1272,0.0046,0.1096,0.0339,-0.0205,192,-0.0047,-0.0440,-0.0034,-0.0058,1080,0.0062,0.1373,0.0405,-0.0231,136,-0.2110,-2.1113,-0.2099,-0.2115,158,-0.0506,-0.4400,0.0839,-0.1186
NVDA,stock,ORB30,1284,2021-08-02,1229,0.0208,0.7295,0.0504,-0.0045,185,-0.0491,-0.6539,-0.0735,-0.0275,1044,0.0332,1.0779,0.0729,-0.0005,122,-0.0699,-0.7707,-0.1150,-0.0525,154,-0.0878,-1.1050,-0.0276,-0.1203
PFE,stock,OC30,1288,2021-07-28,1265,-0.4351,-10.3983,-0.1105,-0.7171,183,-0.3353,-3.0452,-0.0026,-0.6054,1082,-0.4520,-9.9911,-0.1280,-0.7367,100,-0.3362,-2.5637,-0.1333,-0.4316,92,-0.6751,-5.1734,-0.4120,-0.8024
PFE,stock,ORB30,1288,2021-07-28,1197,-0.2626,-9.4566,-0.0457,-0.4438,170,-0.3020,-3.9493,-0.0837,-0.4828,1027,-0.2560,-8.5936,-0.0395,-0.4373,96,-0.2984,-3.0911,-0.0573,-0.3879,85,-0.5010,-5.4312,-0.1991,-0.6743
PLTR,stock,OC30,1357,2020-12-08,1331,0.0150,0.3659,0.0322,-0.0034,198,0.1343,1.2255,0.0811,0.1982,1133,-0.0059,-0.1338,0.0231,-0.0360,136,0.2715,1.7921,0.0767,0.4078,141,0.0368,0.3537,0.0549,0.0218
PLTR,stock,ORB30,1357,2020-12-08,1325,0.0229,0.8387,0.0402,0.0040,202,0.1424,1.8660,-0.0096,0.3394,1123,0.0013,0.0464,0.0501,-0.0500,138,0.1480,1.8374,0.1041,0.1818,139,-0.0002,-0.0031,0.0151,-0.0122
QCOM,stock,OC30,1368,2020-10-22,1364,0.0218,0.4611,-0.0254,0.0745,205,-0.0124,-0.1045,-0.0028,-0.0238,1159,0.0278,0.5409,-0.0296,0.0913,173,-0.1036,-0.9226,-0.2136,-0.0045,171,0.1100,0.8636,0.0534,0.1610
QCOM,stock,ORB30,1368,2020-10-22,1327,0.0822,2.4719,0.0476,0.1207,202,0.0766,0.9531,0.0090,0.1542,1125,0.0832,2.2804,0.0547,0.1148,154,0.0647,0.7468,-0.0068,0.1242,179,0.1203,1.4314,0.0250,0.2146
SPN35.cash,index,OC30,1301,2021-08-30,1298,-0.1590,-3.0185,-0.1606,-0.1576,188,-0.3425,-2.6717,-0.3193,-0.3682,1110,-0.1279,-2.2203,-0.1289,-0.1271,113,-0.1497,-0.7484,0.2291,-0.4194,112,-0.3357,-2.2273,-0.1908,-0.4260
SPN35.cash,index,ORB30,1301,2021-08-30,1273,-0.0738,-1.9387,-0.0709,-0.0762,185,-0.1498,-1.4812,-0.1676,-0.1306,1088,-0.0609,-1.4816,-0.0518,-0.0682,109,-0.1147,-0.8211,0.1850,-0.3254,108,-0.1807,-1.5121,-0.0875,-0.2355
T,stock,OC30,1300,2021-06-18,1255,-0.4671,-11.8067,-0.2543,-0.6541,195,-0.4808,-4.5875,-0.2586,-0.6793,1060,-0.4646,-10.8776,-0.2535,-0.6495,102,-0.4716,-2.3989,-0.4005,-0.5234,98,-0.4337,-3.5733,-0.1108,-0.6212
T,stock,ORB30,1300,2021-06-18,1225,-0.2788,-9.9646,-0.1046,-0.4283,187,-0.3609,-4.9728,-0.1573,-0.5381,1038,-0.2640,-8.7094,-0.0950,-0.4087,88,-0.0615,-0.5488,-0.0732,-0.0554,104,-0.2339,-2.4079,-0.0079,-0.3932
TSLA,stock,OC30,1285,2021-08-02,1283,0.0742,1.8921,0.0852,0.0647,182,0.2288,2.0232,0.3160,0.1525,1101,0.0486,1.1672,0.0467,0.0503,128,0.0042,0.0392,0.0462,-0.0201,130,-0.0290,-0.2549,-0.0743,-0.0096
TSLA,stock,ORB30,1285,2021-08-02,1242,0.0785,2.7009,0.0978,0.0619,174,0.1916,2.2146,0.3113,0.0849,1068,0.0601,1.9566,0.0622,0.0582,114,0.1188,1.2207,0.2538,0.0458,134,0.0140,0.1627,0.0099,0.0161
UK100.cash,index,OC30,1270,2021-09-14,1265,-0.0869,-1.7330,-0.0947,-0.0806,200,-0.2154,-2.0685,-0.0802,-0.3352,1065,-0.0628,-1.1164,-0.0976,-0.0347,140,-0.1151,-0.9036,-0.3616,0.0697,132,-0.0238,-0.1571,-0.1240,0.0623
UK100.cash,index,ORB30,1270,2021-09-14,1241,-0.0462,-1.2182,0.0051,-0.0882,193,-0.0728,-0.8609,-0.0299,-0.1128,1048,-0.0412,-0.9799,0.0121,-0.0840,143,-0.1048,-1.0779,-0.1822,-0.0403,127,-0.0864,-0.8208,-0.1161,-0.0638
US100.cash,us_index,OC30,1255,2021-09-14,1252,0.0773,1.6292,0.0521,0.0981,188,0.1405,1.0422,0.0758,0.1917,1064,0.0662,1.3092,0.0481,0.0812,155,0.3853,2.3050,0.2952,0.4335,143,-0.0258,-0.2549,-0.0780,0.0109
US100.cash,us_index,ORB30,1255,2021-09-14,1237,0.0882,2.5457,0.0974,0.0806,184,0.1544,1.6445,0.2109,0.1128,1053,0.0766,2.0568,0.0789,0.0747,140,0.3363,2.9429,0.3611,0.3238,157,0.0689,0.7996,0.0502,0.0824
US2000.cash,us_index,OC30,2153,2018-01-23,2147,0.0122,0.3457,0.0073,0.0226,347,-0.0956,-1.1859,-0.1133,-0.0553,1800,0.0329,0.8455,0.0311,0.0368,206,0.1349,0.9302,0.0181,0.3081,204,-0.1811,-2.2712,-0.1162,-0.2777
US2000.cash,us_index,ORB30,2153,2018-01-23,2096,0.0157,0.6457,0.0183,0.0103,340,-0.0163,-0.2854,0.0047,-0.0619,1756,0.0219,0.8146,0.0209,0.0240,212,-0.0138,-0.1882,-0.0061,-0.0235,191,-0.1267,-1.9003,-0.0952,-0.1811
US30.cash,us_index,OC30,1765,2019-02-08,1762,-0.0547,-1.4982,-0.0539,-0.0561,270,-0.0062,-0.0692,0.0076,-0.0267,1492,-0.0635,-1.5899,-0.0647,-0.0616,190,0.0211,0.1594,-0.0029,0.0587,193,-0.0736,-0.7982,0.0135,-0.2301
US30.cash,us_index,ORB30,1765,2019-02-08,1715,0.0358,1.1840,0.0593,-0.0012,261,0.1161,1.4541,0.1478,0.0682,1454,0.0214,0.6546,0.0437,-0.0141,172,0.0197,0.2085,0.0134,0.0291,205,0.0196,0.2604,0.0316,-0.0041
US500.cash,us_index,OC30,1255,2021-09-14,1247,0.0571,0.9824,0.1283,-0.0014,212,0.0757,0.6581,0.0802,0.0723,1035,0.0533,0.8078,0.1376,-0.0172,136,0.6248,1.9666,0.9803,0.3979,154,0.1117,0.8272,0.3581,-0.0682
US500.cash,us_index,ORB30,1255,2021-09-14,1247,0.0676,1.6729,0.1322,0.0146,211,0.2171,2.1290,0.3017,0.1542,1036,0.0372,0.8457,0.0999,-0.0153,132,0.2580,1.7478,0.4297,0.1392,157,0.0495,0.4994,0.1424,-0.0144
V,stock,OC30,1243,2021-08-02,1242,-0.1056,-2.4598,-0.0498,-0.1506,194,-0.0673,-0.5451,0.0980,-0.1909,1048,-0.1127,-2.4774,-0.0759,-0.1428,113,-0.0851,-0.6300,-0.0161,-0.1307,92,-0.0775,-0.4323,-0.0842,-0.0739
V,stock,ORB30,1243,2021-08-02,1156,-0.1111,-4.1830,-0.0786,-0.1360,179,-0.1340,-2.0508,0.0038,-0.2289,977,-0.1069,-3.6777,-0.0927,-0.1180,95,-0.0682,-0.7264,-0.0165,-0.1027,86,-0.1353,-1.6402,-0.1877,-0.1113
WMT,stock,OC30,1283,2021-08-02,1264,-0.1347,-3.4443,-0.0750,-0.1862,196,-0.1326,-1.2882,-0.0531,-0.1935,1068,-0.1351,-3.1954,-0.0787,-0.1847,93,-0.1007,-0.6286,0.0183,-0.1692,72,-0.2260,-1.5960,-0.2790,-0.1995
WMT,stock,ORB30,1283,2021-08-02,1200,-0.0084,-0.3025,0.0175,-0.0291,189,-0.0279,-0.4010,0.0864,-0.1119,1011,-0.0047,-0.1560,0.0054,-0.0129,79,-0.0288,-0.2593,0.0322,-0.0571,73,-0.0147,-0.1232,-0.0605,0.0092
XOM,stock,OC30,1380,2020-10-22,1373,0.0323,0.7337,0.0553,0.0062,213,0.1901,1.8029,0.3129,0.0638,1160,0.0033,0.0685,0.0105,-0.0050,171,0.0770,0.6456,0.2275,-0.0553,200,-0.0250,-0.2527,-0.0176,-0.0352
XOM,stock,ORB30,1380,2020-10-22,1343,-0.0051,-0.1839,0.0229,-0.0369,211,0.0964,1.4773,0.1544,0.0368,1132,-0.0240,-0.7850,-0.0002,-0.0515,173,0.0275,0.3666,0.0435,0.0128,185,-0.0384,-0.5228,-0.0703,0.0053
ZM,stock,OC30,1285,2021-08-02,1278,-0.1766,-4.9186,-0.0762,-0.2637,204,-0.2991,-3.2755,-0.2246,-0.3639,1074,-0.1533,-3.9291,-0.0479,-0.2447,99,-0.1867,-1.5314,0.0065,-0.3412,91,-0.1818,-1.5086,-0.0668,-0.2383
ZM,stock,ORB30,1285,2021-08-02,1190,-0.0707,-2.7396,-0.0088,-0.1232,193,-0.1180,-1.7042,-0.1120,-0.1230,997,-0.0616,-2.2187,0.0110,-0.1233,90,-0.0383,-0.4064,0.1056,-0.1387,82,0.0451,0.4495,0.1396,-0.0039
