firm,oc,gf,nb,edge,pass_1m,pass_2m,pass_3m,pass_6m,pass_12m,fail,median_months,keep12m,payout_10k,hist_maxDD,worst_day,avg_month
FTMO Swing,0.0025,0.0000,0.0000,full,0.0000,0.0003,0.0030,0.0837,0.3937,0.0173,8.3333,0.9613,86.5697,-0.0706,-0.0054,0.0096
FTMO Swing,0.0025,0.0000,0.0000,half,0.0000,0.0000,0.0003,0.0273,0.1810,0.0713,8.7143,0.8847,58.1884,-0.1021,-0.0056,0.0048
FTMO Swing,0.0025,0.0000,0.0000,zero,0.0000,0.0000,0.0003,0.0083,0.0637,0.2057,9.0476,,,,,
FTMO Swing,0.0025,0.0000,0.0025,full,0.0000,0.0047,0.0260,0.2293,0.6717,0.0263,7.0952,0.9507,129.7552,-0.0742,-0.0198,0.0152
FTMO Swing,0.0025,0.0000,0.0025,half,0.0000,0.0010,0.0107,0.0990,0.3480,0.1170,7.7619,0.8200,81.8287,-0.0931,-0.0203,0.0076
FTMO Swing,0.0025,0.0000,0.0025,zero,0.0000,0.0000,0.0020,0.0323,0.1220,0.3303,8.1667,,,,,
FTMO Swing,0.0025,0.0000,0.0050,full,0.0007,0.0320,0.1103,0.4280,0.7973,0.0623,5.7619,0.8840,171.5126,-0.0920,-0.0344,0.0208
FTMO Swing,0.0025,0.0000,0.0050,half,0.0013,0.0133,0.0493,0.1980,0.4883,0.2157,6.7619,0.6573,102.3918,-0.1204,-0.0352,0.0103
FTMO Swing,0.0025,0.0000,0.0050,zero,0.0000,0.0063,0.0197,0.0873,0.1997,0.4993,6.4762,,,,,
FTMO Swing,0.0025,0.0025,0.0000,full,0.0000,0.0000,0.0040,0.0887,0.4297,0.0150,8.3810,0.9647,91.5921,-0.0693,-0.0078,0.0102
FTMO Swing,0.0025,0.0025,0.0000,half,0.0000,0.0000,0.0010,0.0347,0.1973,0.0697,8.8571,0.8827,59.6626,-0.1042,-0.0082,0.0051
FTMO Swing,0.0025,0.0025,0.0000,zero,0.0000,0.0000,0.0003,0.0130,0.0610,0.2180,8.0952,,,,,
FTMO Swing,0.0025,0.0025,0.0025,full,0.0000,0.0040,0.0313,0.2490,0.6933,0.0237,7.0476,0.9633,134.1451,-0.0725,-0.0198,0.0158
FTMO Swing,0.0025,0.0025,0.0025,half,0.0000,0.0017,0.0113,0.1013,0.3533,0.1100,7.7143,0.8153,81.9703,-0.0950,-0.0203,0.0079
FTMO Swing,0.0025,0.0025,0.0025,zero,0.0000,0.0000,0.0027,0.0307,0.1127,0.3447,8.1429,,,,,
FTMO Swing,0.0025,0.0025,0.0050,full,0.0007,0.0347,0.1087,0.4470,0.8127,0.0573,5.6190,0.8933,176.1295,-0.0927,-0.0344,0.0214
FTMO Swing,0.0025,0.0025,0.0050,half,0.0007,0.0103,0.0457,0.2073,0.5040,0.2090,6.6667,0.6587,104.3058,-0.1223,-0.0352,0.0106
FTMO Swing,0.0025,0.0025,0.0050,zero,0.0003,0.0063,0.0210,0.0843,0.1937,0.4987,6.6190,,,,,
FTMO Swing,0.0025,0.0050,0.0000,full,0.0000,0.0007,0.0063,0.1010,0.4587,0.0150,8.0476,0.9647,95.7851,-0.0681,-0.0128,0.0109
FTMO Swing,0.0025,0.0050,0.0000,half,0.0000,0.0000,0.0013,0.0420,0.2123,0.0683,8.6190,0.8860,61.7554,-0.1063,-0.0136,0.0054
FTMO Swing,0.0025,0.0050,0.0000,zero,0.0000,0.0000,0.0007,0.0137,0.0687,0.2227,8.4762,,,,,
FTMO Swing,0.0025,0.0050,0.0025,full,0.0000,0.0030,0.0383,0.2620,0.7157,0.0193,6.9524,0.9673,138.1289,-0.0740,-0.0198,0.0165
FTMO Swing,0.0025,0.0050,0.0025,half,0.0000,0.0013,0.0117,0.1110,0.3733,0.1140,7.8095,0.8167,84.0196,-0.0969,-0.0203,0.0082
FTMO Swing,0.0025,0.0050,0.0025,zero,0.0000,0.0003,0.0043,0.0347,0.1147,0.3500,7.3571,,,,,
FTMO Swing,0.0025,0.0050,0.0050,full,0.0023,0.0380,0.1160,0.4573,0.8270,0.0490,5.6190,0.8980,182.4674,-0.0935,-0.0344,0.0221
FTMO Swing,0.0025,0.0050,0.0050,half,0.0010,0.0163,0.0503,0.2170,0.5067,0.2000,6.5714,0.6773,106.9357,-0.1241,-0.0352,0.0109
FTMO Swing,0.0025,0.0050,0.0050,zero,0.0003,0.0070,0.0190,0.0887,0.1993,0.5097,6.5476,,,,,
FTMO Swing,0.0025,0.0075,0.0000,full,0.0000,0.0000,0.0067,0.1223,0.5013,0.0143,8.0000,0.9667,101.3101,-0.0694,-0.0179,0.0116
FTMO Swing,0.0025,0.0075,0.0000,half,0.0000,0.0000,0.0017,0.0503,0.2367,0.0753,8.7143,0.8847,64.8194,-0.1085,-0.0189,0.0057
FTMO Swing,0.0025,0.0075,0.0000,zero,0.0000,0.0000,0.0007,0.0167,0.0767,0.2383,8.1905,,,,,
FTMO Swing,0.0025,0.0075,0.0025,full,0.0000,0.0097,0.0453,0.2793,0.7403,0.0227,6.9048,0.9633,143.7237,-0.0755,-0.0215,0.0172
FTMO Swing,0.0025,0.0075,0.0025,half,0.0000,0.0023,0.0140,0.1267,0.3890,0.1143,7.5238,0.8120,85.7449,-0.0988,-0.0225,0.0085
FTMO Swing,0.0025,0.0075,0.0025,zero,0.0000,0.0003,0.0037,0.0397,0.1163,0.3617,7.4762,,,,,
FTMO Swing,0.0025,0.0075,0.0050,full,0.0020,0.0357,0.1180,0.4763,0.8377,0.0510,5.5238,0.9013,186.2793,-0.0943,-0.0344,0.0228
FTMO Swing,0.0025,0.0075,0.0050,half,0.0017,0.0173,0.0593,0.2343,0.5253,0.2003,6.5238,0.6887,109.5323,-0.1260,-0.0352,0.0112
FTMO Swing,0.0025,0.0075,0.0050,zero,0.0003,0.0063,0.0193,0.0910,0.1980,0.5140,6.4762,,,,,
FTMO Swing,0.0050,0.0000,0.0000,full,0.0033,0.0467,0.1383,0.4353,0.6950,0.2087,5.0476,0.6247,155.2275,-0.1275,-0.0107,0.0187
FTMO Swing,0.0050,0.0000,0.0000,half,0.0017,0.0260,0.0807,0.2647,0.4677,0.3943,5.4762,0.4200,100.5329,-0.1849,-0.0112,0.0092
FTMO Swing,0.0050,0.0000,0.0000,zero,0.0003,0.0147,0.0473,0.1447,0.2583,0.6170,5.3810,,,,,
FTMO Swing,0.0050,0.0000,0.0025,full,0.0110,0.0860,0.2100,0.5400,0.7523,0.2010,4.3810,0.6080,190.6276,-0.1315,-0.0250,0.0242
FTMO Swing,0.0050,0.0000,0.0025,half,0.0047,0.0457,0.1190,0.3387,0.5170,0.3967,4.7619,0.3707,114.9259,-0.1662,-0.0257,0.0119
FTMO Swing,0.0050,0.0000,0.0025,zero,0.0030,0.0270,0.0653,0.1717,0.2677,0.6527,4.9524,,,,,
FTMO Swing,0.0050,0.0000,0.0050,full,0.0187,0.1527,0.3000,0.6130,0.7607,0.2223,3.5714,0.5393,218.4344,-0.1411,-0.0396,0.0298
FTMO Swing,0.0050,0.0000,0.0050,half,0.0123,0.0887,0.1720,0.3877,0.5247,0.4353,4.0000,0.2880,128.6115,-0.1795,-0.0406,0.0146
FTMO Swing,0.0050,0.0000,0.0050,zero,0.0047,0.0413,0.0840,0.1950,0.2750,0.6913,4.3333,,,,,
FTMO Swing,0.0050,0.0025,0.0000,full,0.0023,0.0540,0.1490,0.4520,0.7043,0.2040,5.0000,0.6413,160.3291,-0.1263,-0.0126,0.0193
FTMO Swing,0.0050,0.0025,0.0000,half,0.0017,0.0293,0.0797,0.2683,0.4703,0.3907,5.3810,0.4113,100.8809,-0.1868,-0.0132,0.0095
FTMO Swing,0.0050,0.0025,0.0000,zero,0.0003,0.0133,0.0450,0.1500,0.2607,0.6217,5.3810,,,,,
FTMO Swing,0.0050,0.0025,0.0025,full,0.0113,0.0930,0.2233,0.5440,0.7643,0.1883,4.3810,0.6140,196.4542,-0.1280,-0.0250,0.0249
FTMO Swing,0.0050,0.0025,0.0025,half,0.0053,0.0513,0.1303,0.3370,0.5217,0.4000,4.7143,0.3640,115.2000,-0.1681,-0.0257,0.0122
FTMO Swing,0.0050,0.0025,0.0025,zero,0.0017,0.0270,0.0697,0.1697,0.2660,0.6573,4.8333,,,,,
FTMO Swing,0.0050,0.0025,0.0050,full,0.0227,0.1497,0.3020,0.6157,0.7657,0.2193,3.5714,0.5533,223.7766,-0.1403,-0.0396,0.0305
FTMO Swing,0.0050,0.0025,0.0050,half,0.0123,0.0867,0.1770,0.3890,0.5287,0.4347,4.0476,0.2887,128.4787,-0.1812,-0.0406,0.0149
FTMO Swing,0.0050,0.0025,0.0050,zero,0.0060,0.0430,0.0887,0.2017,0.2763,0.6910,4.2381,,,,,
FTMO Swing,0.0050,0.0050,0.0000,full,0.0040,0.0553,0.1487,0.4680,0.7170,0.1943,4.9524,0.6307,161.0060,-0.1251,-0.0155,0.0200
FTMO Swing,0.0050,0.0050,0.0000,half,0.0020,0.0293,0.0877,0.2753,0.4817,0.3860,5.3333,0.4200,102.2746,-0.1887,-0.0165,0.0098
FTMO Swing,0.0050,0.0050,0.0000,zero,0.0000,0.0117,0.0393,0.1467,0.2620,0.6270,5.5714,,,,,
FTMO Swing,0.0050,0.0050,0.0025,full,0.0127,0.0963,0.2340,0.5587,0.7703,0.1873,4.2857,0.6233,198.2578,-0.1245,-0.0250,0.0256
FTMO Swing,0.0050,0.0050,0.0025,half,0.0050,0.0457,0.1270,0.3503,0.5253,0.3957,4.6429,0.3640,116.2276,-0.1700,-0.0257,0.0125
FTMO Swing,0.0050,0.0050,0.0025,zero,0.0010,0.0240,0.0673,0.1663,0.2707,0.6567,5.0952,,,,,
FTMO Swing,0.0050,0.0050,0.0050,full,0.0223,0.1540,0.3157,0.6357,0.7743,0.2110,3.5238,0.5620,229.7886,-0.1410,-0.0396,0.0312
FTMO Swing,0.0050,0.0050,0.0050,half,0.0140,0.0880,0.1790,0.4033,0.5323,0.4323,4.0000,0.2813,128.4163,-0.1830,-0.0406,0.0152
FTMO Swing,0.0050,0.0050,0.0050,zero,0.0053,0.0433,0.0900,0.1960,0.2747,0.6913,4.1905,,,,,
FTMO Swing,0.0050,0.0075,0.0000,full,0.0040,0.0593,0.1560,0.4893,0.7260,0.1877,4.8095,0.6520,166.8794,-0.1240,-0.0206,0.0207
FTMO Swing,0.0050,0.0075,0.0000,half,0.0027,0.0333,0.0967,0.2840,0.4887,0.3830,5.2619,0.4147,103.9511,-0.1907,-0.0218,0.0101
FTMO Swing,0.0050,0.0075,0.0000,zero,0.0003,0.0163,0.0453,0.1497,0.2613,0.6333,5.3333,,,,,
FTMO Swing,0.0050,0.0075,0.0025,full,0.0130,0.1077,0.2467,0.5693,0.7767,0.1800,4.1905,0.6407,201.3684,-0.1232,-0.0265,0.0263
FTMO Swing,0.0050,0.0075,0.0025,half,0.0053,0.0493,0.1270,0.3537,0.5300,0.3963,4.6667,0.3620,118.2739,-0.1720,-0.0277,0.0128
FTMO Swing,0.0050,0.0075,0.0025,zero,0.0023,0.0243,0.0623,0.1633,0.2687,0.6647,5.1190,,,,,
FTMO Swing,0.0050,0.0075,0.0050,full,0.0217,0.1623,0.3217,0.6403,0.7830,0.1987,3.4762,0.5733,235.7567,-0.1418,-0.0396,0.0319
FTMO Swing,0.0050,0.0075,0.0050,half,0.0137,0.0897,0.1837,0.4087,0.5367,0.4297,3.9524,0.2840,130.7440,-0.1847,-0.0406,0.0155
FTMO Swing,0.0050,0.0075,0.0050,zero,0.0057,0.0423,0.0863,0.1963,0.2757,0.6937,4.2381,,,,,
FTMO Swing,0.0075,0.0000,0.0000,full,0.0363,0.1760,0.3153,0.5497,0.6283,0.3663,3.0000,0.3040,185.8843,-0.1724,-0.0161,0.0274
FTMO Swing,0.0075,0.0000,0.0000,half,0.0207,0.1187,0.2163,0.3847,0.4477,0.5443,3.0952,0.1373,114.7237,-0.2634,-0.0168,0.0133
FTMO Swing,0.0075,0.0000,0.0000,zero,0.0133,0.0720,0.1293,0.2387,0.2780,0.7143,3.1905,,,,,
FTMO Swing,0.0075,0.0000,0.0025,full,0.0437,0.2157,0.3717,0.5873,0.6467,0.3503,2.6667,0.2840,213.2363,-0.1754,-0.0296,0.0330
FTMO Swing,0.0075,0.0000,0.0025,half,0.0317,0.1430,0.2497,0.4107,0.4613,0.5337,2.8571,0.1227,125.3818,-0.2340,-0.0306,0.0159
FTMO Swing,0.0075,0.0000,0.0025,zero,0.0183,0.0850,0.1530,0.2463,0.2740,0.7227,2.7619,,,,,
FTMO Swing,0.0075,0.0000,0.0050,full,0.0607,0.2600,0.4233,0.6113,0.6497,0.3493,2.3810,0.2440,232.3173,-0.1895,-0.0442,0.0386
FTMO Swing,0.0075,0.0000,0.0050,half,0.0407,0.1717,0.2740,0.4243,0.4557,0.5433,2.5238,0.1007,132.6377,-0.2387,-0.0455,0.0186
FTMO Swing,0.0075,0.0000,0.0050,zero,0.0263,0.1073,0.1733,0.2500,0.2670,0.7307,2.3333,,,,,
FTMO Swing,0.0075,0.0025,0.0000,full,0.0343,0.1810,0.3210,0.5497,0.6287,0.3643,2.9524,0.3067,190.0037,-0.1712,-0.0177,0.0281
FTMO Swing,0.0075,0.0025,0.0000,half,0.0227,0.1193,0.2183,0.3827,0.4500,0.5407,3.0952,0.1360,118.7167,-0.2629,-0.0185,0.0136
FTMO Swing,0.0075,0.0025,0.0000,zero,0.0143,0.0747,0.1303,0.2393,0.2800,0.7123,3.1905,,,,,
FTMO Swing,0.0075,0.0025,0.0025,full,0.0500,0.2170,0.3787,0.6000,0.6593,0.3373,2.7143,0.2947,215.2233,-0.1721,-0.0296,0.0337
FTMO Swing,0.0075,0.0025,0.0025,half,0.0270,0.1437,0.2467,0.4103,0.4613,0.5353,2.8571,0.1240,125.7345,-0.2357,-0.0306,0.0163
FTMO Swing,0.0075,0.0025,0.0025,zero,0.0210,0.0893,0.1550,0.2467,0.2720,0.7230,2.6667,,,,,
FTMO Swing,0.0075,0.0025,0.0050,full,0.0663,0.2713,0.4313,0.6167,0.6550,0.3440,2.3333,0.2460,236.5846,-0.1902,-0.0442,0.0393
FTMO Swing,0.0075,0.0025,0.0050,half,0.0423,0.1730,0.2747,0.4217,0.4580,0.5407,2.5238,0.1007,132.0770,-0.2403,-0.0455,0.0189
FTMO Swing,0.0075,0.0025,0.0050,zero,0.0293,0.1080,0.1733,0.2497,0.2650,0.7330,2.3333,,,,,
FTMO Swing,0.0075,0.0050,0.0000,full,0.0387,0.1897,0.3243,0.5593,0.6400,0.3540,3.0000,0.3113,194.8759,-0.1701,-0.0202,0.0288
FTMO Swing,0.0075,0.0050,0.0000,half,0.0237,0.1227,0.2167,0.3860,0.4517,0.5410,3.1429,0.1440,119.6871,-0.2625,-0.0211,0.0139
FTMO Swing,0.0075,0.0050,0.0000,zero,0.0130,0.0757,0.1333,0.2353,0.2757,0.7167,3.0952,,,,,
FTMO Swing,0.0075,0.0050,0.0025,full,0.0523,0.2217,0.3837,0.6017,0.6593,0.3370,2.6667,0.3000,218.7436,-0.1722,-0.0296,0.0344
FTMO Swing,0.0075,0.0050,0.0025,half,0.0273,0.1500,0.2520,0.4180,0.4650,0.5313,2.8571,0.1260,125.8778,-0.2375,-0.0306,0.0166
FTMO Swing,0.0075,0.0050,0.0025,zero,0.0223,0.0897,0.1523,0.2463,0.2723,0.7233,2.6667,,,,,
FTMO Swing,0.0075,0.0050,0.0050,full,0.0667,0.2717,0.4327,0.6220,0.6613,0.3373,2.3333,0.2467,240.1777,-0.1910,-0.0442,0.0400
FTMO Swing,0.0075,0.0050,0.0050,half,0.0440,0.1733,0.2790,0.4240,0.4573,0.5410,2.4286,0.0953,131.2197,-0.2420,-0.0455,0.0192
FTMO Swing,0.0075,0.0050,0.0050,zero,0.0330,0.1097,0.1740,0.2473,0.2653,0.7333,2.3333,,,,,
FTMO Swing,0.0075,0.0075,0.0000,full,0.0413,0.1880,0.3307,0.5680,0.6463,0.3490,3.0000,0.3153,198.6301,-0.1690,-0.0233,0.0295
FTMO Swing,0.0075,0.0075,0.0000,half,0.0267,0.1317,0.2243,0.3917,0.4577,0.5340,3.0952,0.1480,119.7712,-0.2621,-0.0247,0.0142
FTMO Swing,0.0075,0.0075,0.0000,zero,0.0160,0.0787,0.1383,0.2357,0.2770,0.7167,3.0476,,,,,
FTMO Swing,0.0075,0.0075,0.0025,full,0.0510,0.2233,0.3800,0.6047,0.6640,0.3330,2.7143,0.3040,222.9086,-0.1729,-0.0315,0.0351
FTMO Swing,0.0075,0.0075,0.0025,half,0.0300,0.1507,0.2500,0.4163,0.4650,0.5323,2.8571,0.1260,127.5058,-0.2393,-0.0330,0.0169
FTMO Swing,0.0075,0.0075,0.0025,zero,0.0247,0.0903,0.1503,0.2420,0.2697,0.7257,2.7143,,,,,
FTMO Swing,0.0075,0.0075,0.0050,full,0.0690,0.2727,0.4343,0.6257,0.6663,0.3317,2.3333,0.2560,244.5566,-0.1917,-0.0442,0.0407
FTMO Swing,0.0075,0.0075,0.0050,half,0.0477,0.1777,0.2800,0.4257,0.4597,0.5377,2.4286,0.0967,132.8788,-0.2436,-0.0455,0.0196
FTMO Swing,0.0075,0.0075,0.0050,zero,0.0330,0.1117,0.1730,0.2467,0.2630,0.7357,2.3333,,,,,
FTMO Swing,0.0100,0.0000,0.0000,full,0.0950,0.2817,0.4100,0.5430,0.5603,0.4390,2.0000,0.1233,192.8408,-0.2203,-0.0210,0.0360
FTMO Swing,0.0100,0.0000,0.0000,half,0.0620,0.2077,0.2997,0.3913,0.4023,0.5977,2.0000,0.0413,117.1659,-0.3345,-0.0219,0.0174
FTMO Swing,0.0100,0.0000,0.0000,zero,0.0477,0.1493,0.2177,0.2690,0.2740,0.7260,1.8571,,,,,
FTMO Swing,0.0100,0.0000,0.0025,full,0.1127,0.3180,0.4393,0.5587,0.5713,0.4283,1.8571,0.1240,210.7456,-0.2197,-0.0322,0.0416
FTMO Swing,0.0100,0.0000,0.0025,half,0.0773,0.2313,0.3213,0.4013,0.4120,0.5880,1.8095,0.0360,123.4811,-0.3056,-0.0334,0.0201
FTMO Swing,0.0100,0.0000,0.0025,zero,0.0537,0.1553,0.2207,0.2640,0.2670,0.7330,1.8095,,,,,
FTMO Swing,0.0100,0.0000,0.0050,full,0.1317,0.3620,0.4820,0.5743,0.5800,0.4200,1.6667,0.0973,221.9163,-0.2376,-0.0467,0.0472
FTMO Swing,0.0100,0.0000,0.0050,half,0.0960,0.2587,0.3403,0.4073,0.4127,0.5873,1.6667,0.0233,121.0043,-0.2937,-0.0481,0.0227
FTMO Swing,0.0100,0.0000,0.0050,zero,0.0617,0.1620,0.2213,0.2650,0.2670,0.7327,1.7143,,,,,
FTMO Swing,0.0100,0.0025,0.0000,full,0.0990,0.2877,0.4160,0.5477,0.5643,0.4353,2.0000,0.1167,193.8620,-0.2192,-0.0228,0.0367
FTMO Swing,0.0100,0.0025,0.0000,half,0.0643,0.2047,0.2957,0.3953,0.4073,0.5923,2.0000,0.0433,120.3787,-0.3341,-0.0238,0.0178
FTMO Swing,0.0100,0.0025,0.0000,zero,0.0500,0.1457,0.2180,0.2677,0.2737,0.7263,1.9048,,,,,
FTMO Swing,0.0100,0.0025,0.0025,full,0.1080,0.3253,0.4440,0.5627,0.5757,0.4243,1.8095,0.1267,215.7057,-0.2204,-0.0322,0.0423
FTMO Swing,0.0100,0.0025,0.0025,half,0.0797,0.2340,0.3230,0.4033,0.4133,0.5867,1.8095,0.0380,124.9443,-0.3051,-0.0334,0.0204
FTMO Swing,0.0100,0.0025,0.0025,zero,0.0540,0.1563,0.2193,0.2643,0.2683,0.7317,1.8095,,,,,
FTMO Swing,0.0100,0.0025,0.0050,full,0.1277,0.3607,0.4797,0.5750,0.5800,0.4200,1.6905,0.0993,222.4198,-0.2382,-0.0467,0.0479
FTMO Swing,0.0100,0.0025,0.0050,half,0.0980,0.2593,0.3420,0.4090,0.4140,0.5860,1.6667,0.0220,119.8179,-0.2952,-0.0481,0.0230
FTMO Swing,0.0100,0.0025,0.0050,zero,0.0610,0.1617,0.2217,0.2633,0.2647,0.7353,1.7143,,,,,
FTMO Swing,0.0100,0.0050,0.0000,full,0.1020,0.2950,0.4187,0.5533,0.5700,0.4297,1.9524,0.1213,198.9410,-0.2182,-0.0253,0.0374
FTMO Swing,0.0100,0.0050,0.0000,half,0.0667,0.2093,0.2987,0.3983,0.4097,0.5903,2.0000,0.0447,120.7882,-0.3337,-0.0264,0.0181
FTMO Swing,0.0100,0.0050,0.0000,zero,0.0510,0.1440,0.2113,0.2647,0.2710,0.7287,1.9048,,,,,
FTMO Swing,0.0100,0.0050,0.0025,full,0.1103,0.3210,0.4497,0.5693,0.5813,0.4187,1.8571,0.1300,220.3573,-0.2211,-0.0343,0.0430
FTMO Swing,0.0100,0.0050,0.0025,half,0.0813,0.2407,0.3283,0.4063,0.4163,0.5837,1.8095,0.0420,128.0279,-0.3047,-0.0359,0.0207
FTMO Swing,0.0100,0.0050,0.0025,zero,0.0543,0.1513,0.2140,0.2590,0.2630,0.7370,1.8571,,,,,
FTMO Swing,0.0100,0.0050,0.0050,full,0.1283,0.3620,0.4840,0.5783,0.5830,0.4170,1.6667,0.1007,219.4040,-0.2389,-0.0467,0.0486
FTMO Swing,0.0100,0.0050,0.0050,half,0.0970,0.2623,0.3420,0.4087,0.4147,0.5853,1.6667,0.0220,118.3387,-0.2967,-0.0481,0.0234
FTMO Swing,0.0100,0.0050,0.0050,zero,0.0610,0.1630,0.2213,0.2613,0.2623,0.7377,1.6667,,,,,
FTMO Swing,0.0100,0.0075,0.0000,full,0.1047,0.3007,0.4283,0.5563,0.5750,0.4247,1.9524,0.1260,201.9762,-0.2196,-0.0278,0.0381
FTMO Swing,0.0100,0.0075,0.0000,half,0.0713,0.2087,0.3000,0.4030,0.4130,0.5870,2.0000,0.0460,119.3993,-0.3333,-0.0290,0.0184
FTMO Swing,0.0100,0.0075,0.0000,zero,0.0490,0.1417,0.2090,0.2630,0.2693,0.7303,1.9048,,,,,
FTMO Swing,0.0100,0.0075,0.0025,full,0.1127,0.3230,0.4483,0.5693,0.5817,0.4183,1.8571,0.1300,221.4760,-0.2218,-0.0366,0.0437
FTMO Swing,0.0100,0.0075,0.0025,half,0.0810,0.2377,0.3280,0.4070,0.4163,0.5837,1.8095,0.0427,127.2979,-0.3043,-0.0383,0.0211
FTMO Swing,0.0100,0.0075,0.0025,zero,0.0570,0.1547,0.2120,0.2560,0.2607,0.7393,1.7619,,,,,
FTMO Swing,0.0100,0.0075,0.0050,full,0.1330,0.3667,0.4823,0.5790,0.5833,0.4167,1.6667,0.0927,217.3112,-0.2396,-0.0467,0.0493
FTMO Swing,0.0100,0.0075,0.0050,half,0.0970,0.2583,0.3373,0.4073,0.4133,0.5867,1.6667,0.0227,118.1150,-0.2983,-0.0482,0.0237
FTMO Swing,0.0100,0.0075,0.0050,zero,0.0637,0.1613,0.2210,0.2583,0.2593,0.7403,1.6667,,,,,
FTMO Standard,0.0025,0.0000,0.0000,full,0.0000,0.0003,0.0023,0.0770,0.3827,0.0180,8.3810,0.9613,85.3261,-0.0741,-0.0063,0.0094
FTMO Standard,0.0025,0.0000,0.0000,half,0.0000,0.0000,0.0010,0.0277,0.1740,0.0763,8.7143,0.8740,57.1447,-0.1056,-0.0066,0.0047
FTMO Standard,0.0025,0.0000,0.0000,zero,0.0000,0.0000,0.0003,0.0097,0.0607,0.2147,9.0238,,,,,
FTMO Standard,0.0025,0.0000,0.0025,full,0.0000,0.0050,0.0287,0.2283,0.6660,0.0280,7.1429,0.9500,128.1774,-0.0768,-0.0198,0.0150
FTMO Standard,0.0025,0.0000,0.0025,half,0.0000,0.0007,0.0110,0.0967,0.3400,0.1180,7.7857,0.8100,80.2496,-0.0931,-0.0203,0.0074
FTMO Standard,0.0025,0.0000,0.0025,zero,0.0000,0.0000,0.0023,0.0327,0.1133,0.3390,7.9762,,,,,
FTMO Standard,0.0025,0.0000,0.0050,full,0.0007,0.0300,0.1063,0.4240,0.7960,0.0627,5.8095,0.8767,170.1462,-0.0920,-0.0344,0.0206
FTMO Standard,0.0025,0.0000,0.0050,half,0.0013,0.0140,0.0510,0.1933,0.4833,0.2177,6.8095,0.6553,101.2074,-0.1204,-0.0352,0.0101
FTMO Standard,0.0025,0.0000,0.0050,zero,0.0000,0.0060,0.0193,0.0830,0.1963,0.5033,6.6667,,,,,
FTMO Standard,0.0025,0.0025,0.0000,full,0.0000,0.0000,0.0030,0.0853,0.4213,0.0157,8.3333,0.9673,90.5754,-0.0729,-0.0078,0.0101
FTMO Standard,0.0025,0.0025,0.0000,half,0.0000,0.0000,0.0003,0.0330,0.1910,0.0723,8.4762,0.8847,59.0856,-0.1077,-0.0082,0.0050
FTMO Standard,0.0025,0.0025,0.0000,zero,0.0000,0.0000,0.0007,0.0123,0.0623,0.2210,8.1905,,,,,
FTMO Standard,0.0025,0.0025,0.0025,full,0.0000,0.0043,0.0293,0.2397,0.6873,0.0250,7.0952,0.9607,133.1702,-0.0730,-0.0198,0.0157
FTMO Standard,0.0025,0.0025,0.0025,half,0.0000,0.0013,0.0110,0.1023,0.3497,0.1107,7.6667,0.8020,80.4116,-0.0950,-0.0203,0.0077
FTMO Standard,0.0025,0.0025,0.0025,zero,0.0000,0.0000,0.0030,0.0290,0.1093,0.3507,8.0952,,,,,
FTMO Standard,0.0025,0.0025,0.0050,full,0.0007,0.0333,0.1053,0.4400,0.8100,0.0593,5.6667,0.8913,176.0091,-0.0927,-0.0344,0.0213
FTMO Standard,0.0025,0.0025,0.0050,half,0.0007,0.0113,0.0430,0.2023,0.4967,0.2123,6.7143,0.6573,103.2528,-0.1223,-0.0352,0.0105
FTMO Standard,0.0025,0.0025,0.0050,zero,0.0003,0.0063,0.0193,0.0850,0.1900,0.5067,6.5714,,,,,
FTMO Standard,0.0025,0.0050,0.0000,full,0.0000,0.0003,0.0057,0.1017,0.4543,0.0153,8.0476,0.9633,95.0584,-0.0716,-0.0128,0.0108
FTMO Standard,0.0025,0.0050,0.0000,half,0.0000,0.0000,0.0007,0.0407,0.2070,0.0687,8.8095,0.8853,60.9532,-0.1098,-0.0136,0.0053
FTMO Standard,0.0025,0.0050,0.0000,zero,0.0000,0.0000,0.0007,0.0130,0.0660,0.2257,8.3333,,,,,
FTMO Standard,0.0025,0.0050,0.0025,full,0.0000,0.0030,0.0350,0.2580,0.7090,0.0193,7.0000,0.9627,136.4883,-0.0740,-0.0198,0.0164
FTMO Standard,0.0025,0.0050,0.0025,half,0.0000,0.0013,0.0100,0.1077,0.3677,0.1150,7.8095,0.8107,82.6150,-0.0969,-0.0203,0.0080
FTMO Standard,0.0025,0.0050,0.0025,zero,0.0000,0.0003,0.0037,0.0323,0.1143,0.3613,7.7619,,,,,
FTMO Standard,0.0025,0.0050,0.0050,full,0.0017,0.0367,0.1113,0.4530,0.8263,0.0523,5.6190,0.8900,181.0716,-0.0935,-0.0344,0.0220
FTMO Standard,0.0025,0.0050,0.0050,half,0.0013,0.0147,0.0507,0.2157,0.5040,0.2037,6.5714,0.6720,106.1479,-0.1241,-0.0352,0.0108
FTMO Standard,0.0025,0.0050,0.0050,zero,0.0007,0.0070,0.0187,0.0887,0.1980,0.5153,6.4524,,,,,
FTMO Standard,0.0025,0.0075,0.0000,full,0.0000,0.0000,0.0063,0.1253,0.4917,0.0143,8.0000,0.9720,100.0743,-0.0704,-0.0179,0.0114
FTMO Standard,0.0025,0.0075,0.0000,half,0.0000,0.0000,0.0010,0.0483,0.2313,0.0763,8.5714,0.8733,63.2357,-0.1120,-0.0189,0.0056
FTMO Standard,0.0025,0.0075,0.0000,zero,0.0000,0.0000,0.0007,0.0170,0.0717,0.2407,8.0476,,,,,
FTMO Standard,0.0025,0.0075,0.0025,full,0.0000,0.0087,0.0430,0.2793,0.7320,0.0233,6.8571,0.9593,142.4125,-0.0755,-0.0215,0.0170
FTMO Standard,0.0025,0.0075,0.0025,half,0.0000,0.0023,0.0133,0.1200,0.3837,0.1113,7.6667,0.8153,83.7832,-0.0988,-0.0225,0.0083
FTMO Standard,0.0025,0.0075,0.0025,zero,0.0000,0.0000,0.0040,0.0413,0.1150,0.3640,7.5238,,,,,
FTMO Standard,0.0025,0.0075,0.0050,full,0.0020,0.0363,0.1190,0.4700,0.8327,0.0533,5.5238,0.8987,185.3610,-0.0943,-0.0344,0.0227
FTMO Standard,0.0025,0.0075,0.0050,half,0.0017,0.0190,0.0590,0.2307,0.5173,0.2027,6.4286,0.6860,108.4480,-0.1260,-0.0352,0.0111
FTMO Standard,0.0025,0.0075,0.0050,zero,0.0003,0.0063,0.0183,0.0920,0.1953,0.5163,6.3095,,,,,
FTMO Standard,0.0050,0.0000,0.0000,full,0.0043,0.0523,0.1417,0.4550,0.6980,0.2147,4.8571,0.6013,156.8608,-0.1422,-0.0113,0.0189
FTMO Standard,0.0050,0.0000,0.0000,half,0.0027,0.0310,0.0887,0.2743,0.4733,0.4000,5.2857,0.4007,101.2912,-0.1994,-0.0118,0.0094
FTMO Standard,0.0050,0.0000,0.0000,zero,0.0000,0.0157,0.0510,0.1530,0.2670,0.6170,5.3810,,,,,
FTMO Standard,0.0050,0.0000,0.0025,full,0.0090,0.0937,0.2170,0.5357,0.7497,0.2113,4.3333,0.5933,192.7653,-0.1354,-0.0250,0.0245
FTMO Standard,0.0050,0.0000,0.0025,half,0.0043,0.0483,0.1237,0.3380,0.5160,0.4103,4.8095,0.3400,113.5890,-0.1811,-0.0257,0.0121
FTMO Standard,0.0050,0.0000,0.0025,zero,0.0033,0.0300,0.0683,0.1733,0.2713,0.6593,4.9048,,,,,
FTMO Standard,0.0050,0.0000,0.0050,full,0.0223,0.1493,0.3067,0.6160,0.7550,0.2287,3.5238,0.5247,219.6863,-0.1449,-0.0396,0.0301
FTMO Standard,0.0050,0.0000,0.0050,half,0.0127,0.0910,0.1807,0.3987,0.5253,0.4387,4.0000,0.2720,127.2170,-0.1795,-0.0406,0.0148
FTMO Standard,0.0050,0.0000,0.0050,zero,0.0060,0.0393,0.0860,0.2007,0.2813,0.6887,4.2857,,,,,
FTMO Standard,0.0050,0.0025,0.0000,full,0.0037,0.0540,0.1517,0.4633,0.7043,0.2063,4.8571,0.6107,162.9326,-0.1410,-0.0126,0.0196
FTMO Standard,0.0050,0.0025,0.0000,half,0.0023,0.0313,0.0917,0.2850,0.4760,0.3977,5.1905,0.3960,102.5196,-0.2013,-0.0132,0.0097
FTMO Standard,0.0050,0.0025,0.0000,zero,0.0007,0.0177,0.0510,0.1553,0.2673,0.6167,5.3333,,,,,
FTMO Standard,0.0050,0.0025,0.0025,full,0.0120,0.0980,0.2257,0.5537,0.7587,0.2023,4.2857,0.6027,195.7695,-0.1319,-0.0250,0.0252
FTMO Standard,0.0050,0.0025,0.0025,half,0.0040,0.0483,0.1287,0.3463,0.5200,0.4083,4.6667,0.3480,115.8518,-0.1830,-0.0257,0.0124
FTMO Standard,0.0050,0.0025,0.0025,zero,0.0027,0.0273,0.0670,0.1700,0.2740,0.6613,4.7619,,,,,
FTMO Standard,0.0050,0.0025,0.0050,full,0.0263,0.1513,0.3100,0.6197,0.7630,0.2233,3.5238,0.5433,226.2712,-0.1415,-0.0396,0.0308
FTMO Standard,0.0050,0.0025,0.0050,half,0.0127,0.0907,0.1800,0.3987,0.5270,0.4387,4.0000,0.2667,128.9543,-0.1812,-0.0406,0.0151
FTMO Standard,0.0050,0.0025,0.0050,zero,0.0063,0.0417,0.0877,0.2037,0.2790,0.6923,4.2857,,,,,
FTMO Standard,0.0050,0.0050,0.0000,full,0.0043,0.0560,0.1563,0.4753,0.7217,0.1980,4.9048,0.6147,163.8085,-0.1399,-0.0155,0.0203
FTMO Standard,0.0050,0.0050,0.0000,half,0.0023,0.0360,0.0990,0.2917,0.4863,0.3923,5.1905,0.3967,104.3504,-0.2032,-0.0165,0.0100
FTMO Standard,0.0050,0.0050,0.0000,zero,0.0000,0.0180,0.0487,0.1613,0.2697,0.6230,5.2381,,,,,
FTMO Standard,0.0050,0.0050,0.0025,full,0.0120,0.0967,0.2277,0.5707,0.7693,0.1910,4.2857,0.6153,200.3142,-0.1284,-0.0250,0.0259
FTMO Standard,0.0050,0.0050,0.0025,half,0.0040,0.0523,0.1320,0.3547,0.5290,0.4053,4.6190,0.3547,118.2588,-0.1849,-0.0257,0.0127
FTMO Standard,0.0050,0.0050,0.0025,zero,0.0023,0.0243,0.0637,0.1713,0.2703,0.6620,4.8095,,,,,
FTMO Standard,0.0050,0.0050,0.0050,full,0.0217,0.1520,0.3127,0.6303,0.7720,0.2133,3.5238,0.5500,232.6661,-0.1410,-0.0396,0.0315
FTMO Standard,0.0050,0.0050,0.0050,half,0.0120,0.0867,0.1837,0.4027,0.5310,0.4363,4.0000,0.2713,130.2598,-0.1830,-0.0406,0.0154
FTMO Standard,0.0050,0.0050,0.0050,zero,0.0057,0.0457,0.0963,0.2090,0.2817,0.6880,4.0476,,,,,
FTMO Standard,0.0050,0.0075,0.0000,full,0.0040,0.0590,0.1620,0.4853,0.7250,0.1940,4.7619,0.6387,168.4099,-0.1387,-0.0206,0.0210
FTMO Standard,0.0050,0.0075,0.0000,half,0.0027,0.0393,0.0983,0.2970,0.4957,0.3827,5.1905,0.3900,105.0126,-0.2051,-0.0218,0.0103
FTMO Standard,0.0050,0.0075,0.0000,zero,0.0007,0.0237,0.0530,0.1647,0.2680,0.6303,5.0476,,,,,
FTMO Standard,0.0050,0.0075,0.0025,full,0.0127,0.1060,0.2383,0.5727,0.7687,0.1903,4.2381,0.6187,201.7501,-0.1265,-0.0265,0.0266
FTMO Standard,0.0050,0.0075,0.0025,half,0.0053,0.0550,0.1397,0.3617,0.5333,0.4010,4.5714,0.3540,118.9727,-0.1868,-0.0277,0.0130
FTMO Standard,0.0050,0.0075,0.0025,zero,0.0023,0.0277,0.0657,0.1713,0.2700,0.6697,4.8095,,,,,
FTMO Standard,0.0050,0.0075,0.0050,full,0.0233,0.1643,0.3230,0.6417,0.7743,0.2100,3.4286,0.5613,236.2114,-0.1423,-0.0396,0.0322
FTMO Standard,0.0050,0.0075,0.0050,half,0.0123,0.0943,0.1887,0.4117,0.5390,0.4337,4.0000,0.2720,131.0016,-0.1847,-0.0406,0.0157
FTMO Standard,0.0050,0.0075,0.0050,zero,0.0070,0.0443,0.0940,0.2053,0.2803,0.6933,4.0952,,,,,
FTMO Standard,0.0075,0.0000,0.0000,full,0.0403,0.1830,0.3207,0.5490,0.6200,0.3760,2.9048,0.2567,188.2512,-0.2063,-0.0162,0.0285
FTMO Standard,0.0075,0.0000,0.0000,half,0.0277,0.1367,0.2357,0.3930,0.4483,0.5457,2.9048,0.1113,115.6059,-0.2843,-0.0170,0.0141
FTMO Standard,0.0075,0.0000,0.0000,zero,0.0190,0.0830,0.1407,0.2487,0.2783,0.7177,3.0000,,,,,
FTMO Standard,0.0075,0.0000,0.0025,full,0.0553,0.2300,0.3860,0.5927,0.6447,0.3537,2.5714,0.2580,211.3657,-0.1918,-0.0301,0.0341
FTMO Standard,0.0075,0.0000,0.0025,half,0.0337,0.1640,0.2647,0.4163,0.4553,0.5407,2.6667,0.1033,124.6669,-0.2683,-0.0311,0.0168
FTMO Standard,0.0075,0.0000,0.0025,zero,0.0237,0.0977,0.1597,0.2530,0.2763,0.7217,2.6190,,,,,
FTMO Standard,0.0075,0.0000,0.0050,full,0.0683,0.2740,0.4383,0.6177,0.6473,0.3523,2.2857,0.2280,237.7275,-0.1996,-0.0447,0.0397
FTMO Standard,0.0075,0.0000,0.0050,half,0.0450,0.1893,0.2900,0.4217,0.4527,0.5467,2.3333,0.0933,131.9772,-0.2531,-0.0460,0.0194
FTMO Standard,0.0075,0.0000,0.0050,zero,0.0333,0.1173,0.1790,0.2533,0.2707,0.7283,2.3333,,,,,
FTMO Standard,0.0075,0.0025,0.0000,full,0.0387,0.1887,0.3280,0.5503,0.6210,0.3743,2.8571,0.2587,188.9481,-0.2052,-0.0177,0.0292
FTMO Standard,0.0075,0.0025,0.0000,half,0.0260,0.1333,0.2290,0.3967,0.4537,0.5400,3.0000,0.1253,117.4853,-0.2860,-0.0185,0.0144
FTMO Standard,0.0075,0.0025,0.0000,zero,0.0213,0.0903,0.1453,0.2480,0.2810,0.7153,2.9048,,,,,
FTMO Standard,0.0075,0.0025,0.0025,full,0.0537,0.2350,0.3900,0.5997,0.6507,0.3480,2.5714,0.2587,215.0684,-0.1885,-0.0301,0.0348
FTMO Standard,0.0075,0.0025,0.0025,half,0.0363,0.1580,0.2577,0.4123,0.4533,0.5427,2.7619,0.1033,125.8266,-0.2700,-0.0311,0.0171
FTMO Standard,0.0075,0.0025,0.0025,zero,0.0247,0.0993,0.1600,0.2520,0.2743,0.7240,2.5714,,,,,
FTMO Standard,0.0075,0.0025,0.0050,full,0.0750,0.2800,0.4450,0.6230,0.6523,0.3467,2.2857,0.2233,235.9326,-0.1964,-0.0447,0.0404
FTMO Standard,0.0075,0.0025,0.0050,half,0.0497,0.1897,0.2913,0.4247,0.4550,0.5443,2.3333,0.0920,133.7425,-0.2548,-0.0460,0.0198
FTMO Standard,0.0075,0.0025,0.0050,zero,0.0350,0.1177,0.1797,0.2537,0.2710,0.7273,2.2857,,,,,
FTMO Standard,0.0075,0.0050,0.0000,full,0.0423,0.1950,0.3330,0.5553,0.6253,0.3703,2.8571,0.2680,194.5036,-0.2041,-0.0202,0.0300
FTMO Standard,0.0075,0.0050,0.0000,half,0.0283,0.1400,0.2347,0.3977,0.4563,0.5387,2.9524,0.1187,117.7700,-0.2877,-0.0211,0.0148
FTMO Standard,0.0075,0.0050,0.0000,zero,0.0223,0.0863,0.1410,0.2433,0.2777,0.7160,3.0000,,,,,
FTMO Standard,0.0075,0.0050,0.0025,full,0.0573,0.2400,0.3900,0.6000,0.6480,0.3500,2.5714,0.2707,220.1377,-0.1853,-0.0301,0.0356
FTMO Standard,0.0075,0.0050,0.0025,half,0.0380,0.1630,0.2630,0.4173,0.4570,0.5397,2.6667,0.1100,126.3819,-0.2717,-0.0311,0.0174
FTMO Standard,0.0075,0.0050,0.0025,zero,0.0257,0.1003,0.1633,0.2543,0.2763,0.7217,2.5714,,,,,
FTMO Standard,0.0075,0.0050,0.0050,full,0.0770,0.2860,0.4497,0.6267,0.6590,0.3400,2.2381,0.2267,239.5626,-0.1932,-0.0447,0.0412
FTMO Standard,0.0075,0.0050,0.0050,half,0.0540,0.1917,0.2953,0.4240,0.4550,0.5433,2.2857,0.0900,134.6537,-0.2564,-0.0460,0.0201
FTMO Standard,0.0075,0.0050,0.0050,zero,0.0363,0.1210,0.1863,0.2580,0.2747,0.7237,2.2857,,,,,
FTMO Standard,0.0075,0.0075,0.0000,full,0.0450,0.1973,0.3380,0.5650,0.6300,0.3657,2.8571,0.2693,200.3028,-0.2030,-0.0233,0.0307
FTMO Standard,0.0075,0.0075,0.0000,half,0.0297,0.1393,0.2310,0.3970,0.4553,0.5387,3.0000,0.1213,121.0789,-0.2894,-0.0247,0.0151
FTMO Standard,0.0075,0.0075,0.0000,zero,0.0237,0.0913,0.1493,0.2503,0.2827,0.7107,2.8810,,,,,
FTMO Standard,0.0075,0.0075,0.0025,full,0.0617,0.2463,0.3990,0.6060,0.6550,0.3440,2.5238,0.2660,225.5872,-0.1820,-0.0315,0.0363
FTMO Standard,0.0075,0.0075,0.0025,half,0.0400,0.1610,0.2650,0.4177,0.4573,0.5397,2.6667,0.1140,129.4504,-0.2734,-0.0330,0.0178
FTMO Standard,0.0075,0.0075,0.0025,zero,0.0260,0.1023,0.1690,0.2527,0.2770,0.7213,2.5238,,,,,
FTMO Standard,0.0075,0.0075,0.0050,full,0.0787,0.2897,0.4573,0.6313,0.6650,0.3347,2.2381,0.2273,242.8237,-0.1903,-0.0447,0.0419
FTMO Standard,0.0075,0.0075,0.0050,half,0.0563,0.1923,0.2920,0.4240,0.4553,0.5433,2.3095,0.0860,133.8745,-0.2581,-0.0460,0.0204
FTMO Standard,0.0075,0.0075,0.0050,zero,0.0357,0.1193,0.1807,0.2540,0.2707,0.7270,2.2381,,,,,
FTMO Standard,0.0100,0.0000,0.0000,full,0.1107,0.3223,0.4337,0.5300,0.5413,0.4587,1.8095,0.0900,188.2482,-0.2646,-0.0216,0.0383
FTMO Standard,0.0100,0.0000,0.0000,half,0.0897,0.2307,0.3237,0.3977,0.4043,0.5953,1.8571,0.0307,120.4490,-0.3593,-0.0226,0.0189
FTMO Standard,0.0100,0.0000,0.0000,zero,0.0637,0.1783,0.2357,0.2773,0.2813,0.7187,1.6667,,,,,
FTMO Standard,0.0100,0.0000,0.0025,full,0.1313,0.3453,0.4563,0.5517,0.5590,0.4410,1.6667,0.0887,205.3423,-0.2460,-0.0353,0.0439
FTMO Standard,0.0100,0.0000,0.0025,half,0.1010,0.2550,0.3310,0.4010,0.4047,0.5953,1.6429,0.0280,122.4085,-0.3453,-0.0365,0.0215
FTMO Standard,0.0100,0.0000,0.0025,zero,0.0683,0.1783,0.2383,0.2760,0.2790,0.7210,1.6190,,,,,
FTMO Standard,0.0100,0.0000,0.0050,full,0.1440,0.3760,0.4850,0.5603,0.5633,0.4367,1.5714,0.0800,213.9123,-0.2512,-0.0499,0.0495
FTMO Standard,0.0100,0.0000,0.0050,half,0.1067,0.2750,0.3477,0.4047,0.4080,0.5920,1.5714,0.0167,121.7405,-0.3321,-0.0514,0.0242
FTMO Standard,0.0100,0.0000,0.0050,zero,0.0747,0.1887,0.2417,0.2707,0.2730,0.7270,1.4762,,,,,
FTMO Standard,0.0100,0.0025,0.0000,full,0.1130,0.3200,0.4357,0.5353,0.5467,0.4533,1.8095,0.0900,191.9801,-0.2635,-0.0228,0.0390
FTMO Standard,0.0100,0.0025,0.0000,half,0.0887,0.2330,0.3230,0.3980,0.4047,0.5950,1.8095,0.0293,118.7620,-0.3607,-0.0238,0.0193
FTMO Standard,0.0100,0.0025,0.0000,zero,0.0633,0.1757,0.2347,0.2753,0.2800,0.7200,1.7143,,,,,
FTMO Standard,0.0100,0.0025,0.0025,full,0.1363,0.3480,0.4573,0.5567,0.5637,0.4363,1.6667,0.0920,208.2466,-0.2430,-0.0353,0.0446
FTMO Standard,0.0100,0.0025,0.0025,half,0.1013,0.2563,0.3363,0.4013,0.4063,0.5937,1.6190,0.0267,123.6656,-0.3468,-0.0365,0.0219
FTMO Standard,0.0100,0.0025,0.0025,zero,0.0697,0.1797,0.2370,0.2740,0.2773,0.7227,1.6190,,,,,
FTMO Standard,0.0100,0.0025,0.0050,full,0.1413,0.3800,0.4900,0.5587,0.5613,0.4387,1.5238,0.0780,216.1273,-0.2482,-0.0499,0.0502
FTMO Standard,0.0100,0.0025,0.0050,half,0.1073,0.2740,0.3480,0.4053,0.4080,0.5920,1.5714,0.0153,120.3421,-0.3335,-0.0514,0.0245
FTMO Standard,0.0100,0.0025,0.0050,zero,0.0747,0.1863,0.2413,0.2690,0.2710,0.7290,1.4762,,,,,
FTMO Standard,0.0100,0.0050,0.0000,full,0.1100,0.3153,0.4357,0.5363,0.5483,0.4517,1.8095,0.0940,195.4002,-0.2625,-0.0253,0.0397
FTMO Standard,0.0100,0.0050,0.0000,half,0.0900,0.2380,0.3283,0.4043,0.4090,0.5907,1.8095,0.0280,117.8645,-0.3622,-0.0264,0.0196
FTMO Standard,0.0100,0.0050,0.0000,zero,0.0643,0.1757,0.2330,0.2733,0.2780,0.7220,1.6667,,,,,
FTMO Standard,0.0100,0.0050,0.0025,full,0.1310,0.3497,0.4633,0.5627,0.5690,0.4310,1.6667,0.0973,211.1066,-0.2400,-0.0353,0.0453
FTMO Standard,0.0100,0.0050,0.0025,half,0.0953,0.2560,0.3380,0.4040,0.4087,0.5910,1.6667,0.0273,122.5409,-0.3483,-0.0365,0.0222
FTMO Standard,0.0100,0.0050,0.0025,zero,0.0713,0.1760,0.2337,0.2693,0.2723,0.7277,1.6190,,,,,
FTMO Standard,0.0100,0.0050,0.0050,full,0.1457,0.3853,0.4933,0.5607,0.5630,0.4370,1.4762,0.0820,213.7941,-0.2452,-0.0499,0.0509
FTMO Standard,0.0100,0.0050,0.0050,half,0.1113,0.2747,0.3520,0.4067,0.4097,0.5903,1.5714,0.0173,120.0923,-0.3350,-0.0514,0.0249
FTMO Standard,0.0100,0.0050,0.0050,zero,0.0763,0.1837,0.2370,0.2663,0.2680,0.7320,1.5000,,,,,
FTMO Standard,0.0100,0.0075,0.0000,full,0.1140,0.3173,0.4387,0.5433,0.5547,0.4453,1.8095,0.0960,196.2426,-0.2615,-0.0278,0.0404
FTMO Standard,0.0100,0.0075,0.0000,half,0.0893,0.2393,0.3283,0.4037,0.4083,0.5913,1.8095,0.0280,116.8432,-0.3637,-0.0290,0.0199
FTMO Standard,0.0100,0.0075,0.0000,zero,0.0653,0.1733,0.2307,0.2710,0.2770,0.7230,1.6667,,,,,
FTMO Standard,0.0100,0.0075,0.0025,full,0.1373,0.3490,0.4643,0.5633,0.5700,0.4300,1.6667,0.0987,213.2895,-0.2369,-0.0366,0.0460
FTMO Standard,0.0100,0.0075,0.0025,half,0.0973,0.2590,0.3420,0.4060,0.4113,0.5883,1.6667,0.0260,121.9054,-0.3498,-0.0383,0.0226
FTMO Standard,0.0100,0.0075,0.0025,zero,0.0730,0.1783,0.2343,0.2700,0.2730,0.7270,1.6190,,,,,
FTMO Standard,0.0100,0.0075,0.0050,full,0.1573,0.3847,0.4933,0.5613,0.5637,0.4363,1.4762,0.0733,212.7085,-0.2422,-0.0499,0.0517
FTMO Standard,0.0100,0.0075,0.0050,half,0.1137,0.2727,0.3470,0.4033,0.4063,0.5937,1.5238,0.0167,118.7973,-0.3365,-0.0514,0.0252
FTMO Standard,0.0100,0.0075,0.0050,zero,0.0800,0.1877,0.2390,0.2677,0.2687,0.7313,1.4524,,,,,
FundedNext Stellar 2-step,0.0025,0.0000,0.0000,full,0.0000,0.0007,0.0087,0.1237,0.4750,0.0217,7.8571,0.9620,85.6876,-0.0727,-0.0057,0.0095
FundedNext Stellar 2-step,0.0025,0.0000,0.0000,half,0.0000,0.0000,0.0040,0.0627,0.2570,0.0813,8.2381,0.8733,57.3763,-0.1041,-0.0059,0.0047
FundedNext Stellar 2-step,0.0025,0.0000,0.0000,zero,0.0000,0.0000,0.0023,0.0227,0.1013,0.2250,8.4048,,,,,
FundedNext Stellar 2-step,0.0025,0.0000,0.0025,full,0.0000,0.0093,0.0607,0.3170,0.7277,0.0253,6.4286,0.9513,129.5247,-0.0753,-0.0198,0.0150
FundedNext Stellar 2-step,0.0025,0.0000,0.0025,half,0.0000,0.0073,0.0237,0.1530,0.4203,0.1253,7.1905,0.8120,81.2016,-0.0931,-0.0203,0.0075
FundedNext Stellar 2-step,0.0025,0.0000,0.0025,zero,0.0003,0.0017,0.0097,0.0570,0.1617,0.3537,7.1905,,,,,
FundedNext Stellar 2-step,0.0025,0.0000,0.0050,full,0.0037,0.0567,0.1667,0.5140,0.8350,0.0637,5.1429,0.8787,170.4073,-0.0920,-0.0344,0.0206
FundedNext Stellar 2-step,0.0025,0.0000,0.0050,half,0.0017,0.0300,0.0787,0.2803,0.5413,0.2230,5.9524,0.6513,101.3019,-0.1204,-0.0352,0.0102
FundedNext Stellar 2-step,0.0025,0.0000,0.0050,zero,0.0010,0.0120,0.0360,0.1237,0.2417,0.5150,5.9048,,,,,
FundedNext Stellar 2-step,0.0025,0.0025,0.0000,full,0.0000,0.0020,0.0117,0.1470,0.5127,0.0177,7.6667,0.9680,90.6262,-0.0714,-0.0078,0.0101
FundedNext Stellar 2-step,0.0025,0.0025,0.0000,half,0.0000,0.0003,0.0047,0.0667,0.2700,0.0743,8.1667,0.8827,58.8618,-0.1063,-0.0082,0.0050
FundedNext Stellar 2-step,0.0025,0.0025,0.0000,zero,0.0000,0.0000,0.0017,0.0233,0.1017,0.2303,8.1905,,,,,
FundedNext Stellar 2-step,0.0025,0.0025,0.0025,full,0.0007,0.0120,0.0637,0.3343,0.7493,0.0237,6.3810,0.9607,133.4988,-0.0725,-0.0198,0.0157
FundedNext Stellar 2-step,0.0025,0.0025,0.0025,half,0.0000,0.0070,0.0273,0.1687,0.4237,0.1183,6.9524,0.8067,81.1051,-0.0950,-0.0203,0.0078
FundedNext Stellar 2-step,0.0025,0.0025,0.0025,zero,0.0000,0.0013,0.0087,0.0583,0.1627,0.3690,6.9524,,,,,
FundedNext Stellar 2-step,0.0025,0.0025,0.0050,full,0.0043,0.0570,0.1727,0.5290,0.8480,0.0590,5.0000,0.8927,176.3568,-0.0927,-0.0344,0.0213
FundedNext Stellar 2-step,0.0025,0.0025,0.0050,half,0.0027,0.0300,0.0770,0.2833,0.5573,0.2200,5.9762,0.6627,103.7367,-0.1223,-0.0352,0.0105
FundedNext Stellar 2-step,0.0025,0.0025,0.0050,zero,0.0013,0.0113,0.0357,0.1260,0.2433,0.5133,5.8095,,,,,
FundedNext Stellar 2-step,0.0025,0.0050,0.0000,full,0.0000,0.0013,0.0117,0.1673,0.5467,0.0160,7.5000,0.9647,95.1261,-0.0702,-0.0128,0.0108
FundedNext Stellar 2-step,0.0025,0.0050,0.0000,half,0.0000,0.0003,0.0067,0.0723,0.2907,0.0793,8.1905,0.8860,61.2071,-0.1084,-0.0136,0.0053
FundedNext Stellar 2-step,0.0025,0.0050,0.0000,zero,0.0000,0.0000,0.0013,0.0287,0.1040,0.2350,8.1667,,,,,
FundedNext Stellar 2-step,0.0025,0.0050,0.0025,full,0.0003,0.0150,0.0750,0.3610,0.7717,0.0217,6.2857,0.9653,137.0875,-0.0740,-0.0198,0.0164
FundedNext Stellar 2-step,0.0025,0.0050,0.0025,half,0.0000,0.0067,0.0297,0.1663,0.4350,0.1137,6.9524,0.8127,83.5726,-0.0969,-0.0203,0.0081
FundedNext Stellar 2-step,0.0025,0.0050,0.0025,zero,0.0000,0.0027,0.0107,0.0637,0.1650,0.3717,6.9524,,,,,
FundedNext Stellar 2-step,0.0025,0.0050,0.0050,full,0.0060,0.0580,0.1820,0.5480,0.8587,0.0567,4.9524,0.8913,181.3085,-0.0935,-0.0344,0.0220
FundedNext Stellar 2-step,0.0025,0.0050,0.0050,half,0.0027,0.0350,0.0910,0.2897,0.5717,0.2147,5.9524,0.6707,106.4876,-0.1241,-0.0352,0.0108
FundedNext Stellar 2-step,0.0025,0.0050,0.0050,zero,0.0003,0.0120,0.0333,0.1280,0.2437,0.5203,5.7619,,,,,
FundedNext Stellar 2-step,0.0025,0.0075,0.0000,full,0.0000,0.0037,0.0200,0.1830,0.5773,0.0150,7.3810,0.9720,100.3977,-0.0694,-0.0179,0.0115
FundedNext Stellar 2-step,0.0025,0.0075,0.0000,half,0.0000,0.0013,0.0073,0.0830,0.3183,0.0763,7.9524,0.8800,63.4178,-0.1106,-0.0189,0.0056
FundedNext Stellar 2-step,0.0025,0.0075,0.0000,zero,0.0000,0.0003,0.0017,0.0290,0.1067,0.2557,7.8571,,,,,
FundedNext Stellar 2-step,0.0025,0.0075,0.0025,full,0.0003,0.0240,0.0863,0.3837,0.7893,0.0210,6.1429,0.9593,142.5974,-0.0755,-0.0215,0.0171
FundedNext Stellar 2-step,0.0025,0.0075,0.0025,half,0.0000,0.0070,0.0330,0.1783,0.4587,0.1197,6.9048,0.8140,84.0209,-0.0988,-0.0225,0.0084
FundedNext Stellar 2-step,0.0025,0.0075,0.0025,zero,0.0000,0.0027,0.0133,0.0637,0.1640,0.3843,6.9524,,,,,
FundedNext Stellar 2-step,0.0025,0.0075,0.0050,full,0.0057,0.0577,0.1877,0.5607,0.8693,0.0540,4.9048,0.9007,186.2158,-0.0943,-0.0344,0.0227
FundedNext Stellar 2-step,0.0025,0.0075,0.0050,half,0.0013,0.0360,0.0950,0.2993,0.5793,0.2193,5.8810,0.6840,108.6532,-0.1260,-0.0352,0.0111
FundedNext Stellar 2-step,0.0025,0.0075,0.0050,zero,0.0003,0.0113,0.0340,0.1230,0.2470,0.5170,6.0476,,,,,
FundedNext Stellar 2-step,0.0050,0.0000,0.0000,full,0.0067,0.0897,0.2040,0.5230,0.7330,0.2077,4.3810,0.6020,157.4266,-0.1391,-0.0108,0.0191
FundedNext Stellar 2-step,0.0050,0.0000,0.0000,half,0.0050,0.0537,0.1317,0.3437,0.5293,0.3903,4.6905,0.4053,102.0689,-0.1964,-0.0113,0.0096
FundedNext Stellar 2-step,0.0050,0.0000,0.0000,zero,0.0027,0.0333,0.0817,0.2087,0.3153,0.6077,4.6667,,,,,
FundedNext Stellar 2-step,0.0050,0.0000,0.0025,full,0.0207,0.1493,0.2913,0.6110,0.7757,0.2033,3.7143,0.5933,194.0645,-0.1340,-0.0250,0.0247
FundedNext Stellar 2-step,0.0050,0.0000,0.0025,half,0.0117,0.0893,0.1767,0.3970,0.5500,0.4060,4.1429,0.3460,114.8338,-0.1780,-0.0257,0.0123
FundedNext Stellar 2-step,0.0050,0.0000,0.0025,zero,0.0040,0.0477,0.0987,0.2213,0.3133,0.6433,4.3333,,,,,
FundedNext Stellar 2-step,0.0050,0.0000,0.0050,full,0.0410,0.2077,0.3713,0.6503,0.7547,0.2373,3.0476,0.5280,220.4873,-0.1436,-0.0396,0.0303
FundedNext Stellar 2-step,0.0050,0.0000,0.0050,half,0.0233,0.1290,0.2333,0.4503,0.5590,0.4243,3.4762,0.2707,128.1896,-0.1795,-0.0406,0.0150
FundedNext Stellar 2-step,0.0050,0.0000,0.0050,zero,0.0127,0.0740,0.1277,0.2497,0.3137,0.6670,3.5714,,,,,
FundedNext Stellar 2-step,0.0050,0.0025,0.0000,full,0.0077,0.0940,0.2197,0.5303,0.7423,0.2037,4.3333,0.6160,163.7273,-0.1379,-0.0126,0.0198
FundedNext Stellar 2-step,0.0050,0.0025,0.0000,half,0.0050,0.0530,0.1347,0.3460,0.5307,0.3883,4.7619,0.4027,102.9235,-0.1983,-0.0132,0.0099
FundedNext Stellar 2-step,0.0050,0.0025,0.0000,zero,0.0013,0.0297,0.0780,0.2077,0.3110,0.6090,4.6667,,,,,
FundedNext Stellar 2-step,0.0050,0.0025,0.0025,full,0.0210,0.1453,0.2957,0.6140,0.7843,0.1943,3.7143,0.6080,196.1245,-0.1305,-0.0250,0.0254
FundedNext Stellar 2-step,0.0050,0.0025,0.0025,half,0.0123,0.0943,0.1813,0.4080,0.5557,0.4023,4.0952,0.3547,115.9497,-0.1799,-0.0257,0.0126
FundedNext Stellar 2-step,0.0050,0.0025,0.0025,zero,0.0060,0.0520,0.1020,0.2223,0.3123,0.6413,4.2857,,,,,
FundedNext Stellar 2-step,0.0050,0.0025,0.0050,full,0.0400,0.2073,0.3757,0.6603,0.7670,0.2267,3.0476,0.5460,227.6348,-0.1403,-0.0396,0.0310
FundedNext Stellar 2-step,0.0050,0.0025,0.0050,half,0.0223,0.1287,0.2337,0.4523,0.5637,0.4187,3.4762,0.2713,130.3669,-0.1812,-0.0406,0.0153
FundedNext Stellar 2-step,0.0050,0.0025,0.0050,zero,0.0143,0.0743,0.1313,0.2567,0.3167,0.6643,3.5714,,,,,
FundedNext Stellar 2-step,0.0050,0.0050,0.0000,full,0.0097,0.0973,0.2293,0.5377,0.7483,0.1960,4.2381,0.6227,165.3076,-0.1367,-0.0155,0.0205
FundedNext Stellar 2-step,0.0050,0.0050,0.0000,half,0.0080,0.0593,0.1380,0.3557,0.5407,0.3843,4.6190,0.4000,104.2376,-0.2002,-0.0165,0.0102
FundedNext Stellar 2-step,0.0050,0.0050,0.0000,zero,0.0030,0.0310,0.0780,0.2007,0.3120,0.6073,4.7857,,,,,
FundedNext Stellar 2-step,0.0050,0.0050,0.0025,full,0.0237,0.1510,0.3077,0.6257,0.7837,0.1953,3.6190,0.6220,201.5131,-0.1270,-0.0250,0.0261
FundedNext Stellar 2-step,0.0050,0.0050,0.0025,half,0.0123,0.0923,0.1807,0.4107,0.5590,0.3980,4.0952,0.3580,119.2970,-0.1818,-0.0257,0.0129
FundedNext Stellar 2-step,0.0050,0.0050,0.0025,zero,0.0067,0.0537,0.1040,0.2227,0.3093,0.6493,4.2143,,,,,
FundedNext Stellar 2-step,0.0050,0.0050,0.0050,full,0.0447,0.2120,0.3843,0.6770,0.7770,0.2153,3.0476,0.5593,234.0071,-0.1410,-0.0396,0.0317
FundedNext Stellar 2-step,0.0050,0.0050,0.0050,half,0.0230,0.1270,0.2330,0.4537,0.5633,0.4173,3.5238,0.2753,130.5048,-0.1830,-0.0406,0.0156
FundedNext Stellar 2-step,0.0050,0.0050,0.0050,zero,0.0173,0.0743,0.1323,0.2610,0.3153,0.6690,3.5238,,,,,
FundedNext Stellar 2-step,0.0050,0.0075,0.0000,full,0.0120,0.1083,0.2360,0.5490,0.7520,0.1903,4.0952,0.6420,169.3291,-0.1356,-0.0206,0.0212
FundedNext Stellar 2-step,0.0050,0.0075,0.0000,half,0.0090,0.0613,0.1387,0.3593,0.5443,0.3860,4.6190,0.3920,107.0710,-0.2021,-0.0218,0.0105
FundedNext Stellar 2-step,0.0050,0.0075,0.0000,zero,0.0033,0.0330,0.0827,0.2053,0.3100,0.6093,4.6429,,,,,
FundedNext Stellar 2-step,0.0050,0.0075,0.0025,full,0.0247,0.1607,0.3263,0.6373,0.7910,0.1863,3.5714,0.6227,202.6891,-0.1265,-0.0265,0.0268
FundedNext Stellar 2-step,0.0050,0.0075,0.0025,half,0.0127,0.0927,0.1843,0.4140,0.5637,0.3937,4.1429,0.3560,119.3515,-0.1837,-0.0277,0.0132
FundedNext Stellar 2-step,0.0050,0.0075,0.0025,zero,0.0083,0.0543,0.1037,0.2283,0.3107,0.6497,4.1905,,,,,
FundedNext Stellar 2-step,0.0050,0.0075,0.0050,full,0.0417,0.2193,0.3960,0.6883,0.7853,0.2073,3.0000,0.5640,237.9381,-0.1423,-0.0396,0.0324
FundedNext Stellar 2-step,0.0050,0.0075,0.0050,half,0.0270,0.1333,0.2390,0.4613,0.5690,0.4110,3.4762,0.2747,132.1559,-0.1847,-0.0406,0.0159
FundedNext Stellar 2-step,0.0050,0.0075,0.0050,zero,0.0180,0.0740,0.1373,0.2560,0.3130,0.6720,3.4286,,,,,
FundedNext Stellar 2-step,0.0075,0.0000,0.0000,full,0.0687,0.2570,0.3970,0.5913,0.6423,0.3560,2.4286,0.2620,189.0482,-0.1967,-0.0162,0.0286
FundedNext Stellar 2-step,0.0075,0.0000,0.0000,half,0.0463,0.1773,0.2810,0.4333,0.4737,0.5247,2.6190,0.1167,117.0307,-0.2753,-0.0169,0.0142
FundedNext Stellar 2-step,0.0075,0.0000,0.0000,zero,0.0290,0.1243,0.1953,0.2910,0.3157,0.6827,2.4286,,,,,
FundedNext Stellar 2-step,0.0075,0.0000,0.0025,full,0.0830,0.2947,0.4453,0.6240,0.6607,0.3393,2.2857,0.2687,212.4238,-0.1894,-0.0301,0.0341
FundedNext Stellar 2-step,0.0075,0.0000,0.0025,half,0.0550,0.1970,0.3057,0.4443,0.4730,0.5263,2.3333,0.1053,124.3581,-0.2592,-0.0311,0.0168
FundedNext Stellar 2-step,0.0075,0.0000,0.0025,zero,0.0367,0.1343,0.2010,0.2880,0.3033,0.6943,2.2381,,,,,
FundedNext Stellar 2-step,0.0075,0.0000,0.0050,full,0.1087,0.3440,0.4910,0.6437,0.6627,0.3373,1.9524,0.2320,236.7042,-0.1984,-0.0447,0.0397
FundedNext Stellar 2-step,0.0075,0.0000,0.0050,half,0.0707,0.2370,0.3410,0.4557,0.4783,0.5213,2.0476,0.0933,132.5766,-0.2438,-0.0460,0.0195
FundedNext Stellar 2-step,0.0075,0.0000,0.0050,zero,0.0477,0.1560,0.2270,0.2963,0.3053,0.6943,2.0000,,,,,
FundedNext Stellar 2-step,0.0075,0.0025,0.0000,full,0.0673,0.2477,0.3923,0.5920,0.6470,0.3517,2.5238,0.2647,189.0575,-0.1956,-0.0177,0.0293
FundedNext Stellar 2-step,0.0075,0.0025,0.0000,half,0.0490,0.1773,0.2830,0.4367,0.4793,0.5193,2.6190,0.1267,118.5415,-0.2770,-0.0185,0.0145
FundedNext Stellar 2-step,0.0075,0.0025,0.0000,zero,0.0330,0.1307,0.1953,0.2913,0.3147,0.6823,2.3810,,,,,
FundedNext Stellar 2-step,0.0075,0.0025,0.0025,full,0.0903,0.2997,0.4503,0.6317,0.6667,0.3333,2.2381,0.2707,217.0651,-0.1861,-0.0301,0.0349
FundedNext Stellar 2-step,0.0075,0.0025,0.0025,half,0.0590,0.2090,0.3140,0.4477,0.4750,0.5240,2.2381,0.1053,124.9446,-0.2608,-0.0311,0.0172
FundedNext Stellar 2-step,0.0075,0.0025,0.0025,zero,0.0360,0.1307,0.2000,0.2880,0.3047,0.6933,2.3333,,,,,
FundedNext Stellar 2-step,0.0075,0.0025,0.0050,full,0.1133,0.3440,0.4960,0.6467,0.6663,0.3337,1.9524,0.2340,238.2593,-0.1951,-0.0447,0.0405
FundedNext Stellar 2-step,0.0075,0.0025,0.0050,half,0.0703,0.2353,0.3397,0.4530,0.4780,0.5217,2.0476,0.0913,134.2290,-0.2454,-0.0460,0.0198
FundedNext Stellar 2-step,0.0075,0.0025,0.0050,zero,0.0503,0.1597,0.2280,0.2953,0.3040,0.6957,1.9524,,,,,
FundedNext Stellar 2-step,0.0075,0.0050,0.0000,full,0.0717,0.2477,0.3930,0.5983,0.6533,0.3453,2.4762,0.2747,195.3351,-0.1945,-0.0202,0.0300
FundedNext Stellar 2-step,0.0075,0.0050,0.0000,half,0.0497,0.1810,0.2837,0.4377,0.4773,0.5220,2.5714,0.1227,121.0228,-0.2787,-0.0211,0.0148
FundedNext Stellar 2-step,0.0075,0.0050,0.0000,zero,0.0310,0.1230,0.1917,0.2830,0.3097,0.6877,2.4286,,,,,
FundedNext Stellar 2-step,0.0075,0.0050,0.0025,full,0.0977,0.3027,0.4513,0.6363,0.6690,0.3303,2.1905,0.2733,221.6814,-0.1829,-0.0301,0.0356
FundedNext Stellar 2-step,0.0075,0.0050,0.0025,half,0.0607,0.2107,0.3170,0.4523,0.4773,0.5217,2.2381,0.1107,125.8066,-0.2625,-0.0311,0.0175
FundedNext Stellar 2-step,0.0075,0.0050,0.0025,zero,0.0380,0.1350,0.2033,0.2910,0.3077,0.6913,2.2857,,,,,
FundedNext Stellar 2-step,0.0075,0.0050,0.0050,full,0.1177,0.3527,0.5050,0.6520,0.6743,0.3257,1.9524,0.2347,241.6585,-0.1919,-0.0447,0.0412
FundedNext Stellar 2-step,0.0075,0.0050,0.0050,half,0.0737,0.2383,0.3433,0.4533,0.4763,0.5230,2.0000,0.0900,133.7783,-0.2471,-0.0460,0.0202
FundedNext Stellar 2-step,0.0075,0.0050,0.0050,zero,0.0490,0.1547,0.2260,0.2950,0.3043,0.6953,2.0000,,,,,
FundedNext Stellar 2-step,0.0075,0.0075,0.0000,full,0.0747,0.2610,0.4087,0.6067,0.6580,0.3403,2.4286,0.2733,200.1222,-0.1934,-0.0233,0.0307
FundedNext Stellar 2-step,0.0075,0.0075,0.0000,half,0.0493,0.1843,0.2867,0.4413,0.4810,0.5177,2.5714,0.1233,122.9773,-0.2804,-0.0247,0.0151
FundedNext Stellar 2-step,0.0075,0.0075,0.0000,zero,0.0307,0.1233,0.1887,0.2820,0.3093,0.6880,2.4286,,,,,
FundedNext Stellar 2-step,0.0075,0.0075,0.0025,full,0.0980,0.3043,0.4603,0.6390,0.6713,0.3280,2.1905,0.2707,226.2514,-0.1796,-0.0315,0.0363
FundedNext Stellar 2-step,0.0075,0.0075,0.0025,half,0.0620,0.2093,0.3150,0.4537,0.4780,0.5210,2.2381,0.1193,130.5443,-0.2643,-0.0330,0.0178
FundedNext Stellar 2-step,0.0075,0.0075,0.0025,zero,0.0367,0.1337,0.2040,0.2877,0.3050,0.6943,2.2381,,,,,
FundedNext Stellar 2-step,0.0075,0.0075,0.0050,full,0.1180,0.3517,0.5013,0.6563,0.6767,0.3233,1.9524,0.2327,244.5593,-0.1900,-0.0447,0.0419
FundedNext Stellar 2-step,0.0075,0.0075,0.0050,half,0.0747,0.2400,0.3457,0.4547,0.4767,0.5227,2.0000,0.0847,134.2525,-0.2488,-0.0460,0.0205
FundedNext Stellar 2-step,0.0075,0.0075,0.0050,zero,0.0490,0.1557,0.2273,0.2930,0.3033,0.6963,2.0000,,,,,
FundedNext Stellar 2-step,0.0100,0.0000,0.0000,full,0.1490,0.3643,0.4747,0.5610,0.5697,0.4303,1.6190,0.0920,187.3446,-0.2483,-0.0215,0.0372
FundedNext Stellar 2-step,0.0100,0.0000,0.0000,half,0.1097,0.2747,0.3623,0.4197,0.4240,0.5760,1.5714,0.0340,118.3017,-0.3449,-0.0225,0.0179
FundedNext Stellar 2-step,0.0100,0.0000,0.0000,zero,0.0777,0.2020,0.2593,0.2960,0.2980,0.7020,1.5238,,,,,
FundedNext Stellar 2-step,0.0100,0.0000,0.0025,full,0.1713,0.3930,0.4920,0.5733,0.5787,0.4213,1.4762,0.0973,205.8760,-0.2391,-0.0353,0.0428
FundedNext Stellar 2-step,0.0100,0.0000,0.0025,half,0.1110,0.2943,0.3657,0.4243,0.4277,0.5723,1.5238,0.0273,120.8409,-0.3297,-0.0365,0.0206
FundedNext Stellar 2-step,0.0100,0.0000,0.0025,zero,0.0780,0.2043,0.2617,0.2937,0.2950,0.7050,1.5238,,,,,
FundedNext Stellar 2-step,0.0100,0.0000,0.0050,full,0.1797,0.4177,0.5143,0.5770,0.5800,0.4200,1.3810,0.0813,210.8260,-0.2476,-0.0499,0.0484
FundedNext Stellar 2-step,0.0100,0.0000,0.0050,half,0.1283,0.3090,0.3803,0.4233,0.4257,0.5743,1.4286,0.0167,120.0577,-0.3162,-0.0514,0.0232
FundedNext Stellar 2-step,0.0100,0.0000,0.0050,zero,0.0900,0.2157,0.2673,0.2933,0.2950,0.7050,1.4286,,,,,
FundedNext Stellar 2-step,0.0100,0.0025,0.0000,full,0.1507,0.3687,0.4810,0.5660,0.5743,0.4257,1.6190,0.0920,189.8619,-0.2472,-0.0228,0.0379
FundedNext Stellar 2-step,0.0100,0.0025,0.0000,half,0.1083,0.2770,0.3640,0.4213,0.4257,0.5743,1.6190,0.0340,117.8379,-0.3455,-0.0238,0.0183
FundedNext Stellar 2-step,0.0100,0.0025,0.0000,zero,0.0793,0.1973,0.2580,0.2940,0.2970,0.7030,1.5238,,,,,
FundedNext Stellar 2-step,0.0100,0.0025,0.0025,full,0.1747,0.3983,0.5003,0.5790,0.5830,0.4170,1.4762,0.0987,208.9601,-0.2361,-0.0353,0.0435
FundedNext Stellar 2-step,0.0100,0.0025,0.0025,half,0.1117,0.2907,0.3653,0.4237,0.4273,0.5727,1.5238,0.0280,122.6789,-0.3312,-0.0365,0.0209
FundedNext Stellar 2-step,0.0100,0.0025,0.0025,zero,0.0820,0.2057,0.2590,0.2923,0.2937,0.7063,1.4762,,,,,
FundedNext Stellar 2-step,0.0100,0.0025,0.0050,full,0.1847,0.4200,0.5150,0.5760,0.5797,0.4203,1.3810,0.0820,213.4461,-0.2445,-0.0499,0.0491
FundedNext Stellar 2-step,0.0100,0.0025,0.0050,half,0.1333,0.3080,0.3810,0.4240,0.4270,0.5730,1.4286,0.0153,119.2058,-0.3177,-0.0514,0.0235
FundedNext Stellar 2-step,0.0100,0.0025,0.0050,zero,0.0890,0.2163,0.2667,0.2940,0.2950,0.7050,1.4286,,,,,
FundedNext Stellar 2-step,0.0100,0.0050,0.0000,full,0.1553,0.3730,0.4833,0.5743,0.5820,0.4180,1.6190,0.1013,194.5471,-0.2462,-0.0253,0.0386
FundedNext Stellar 2-step,0.0100,0.0050,0.0000,half,0.1093,0.2733,0.3610,0.4227,0.4260,0.5740,1.5714,0.0327,116.2712,-0.3470,-0.0264,0.0186
FundedNext Stellar 2-step,0.0100,0.0050,0.0000,zero,0.0800,0.1963,0.2540,0.2910,0.2940,0.7060,1.5714,,,,,
FundedNext Stellar 2-step,0.0100,0.0050,0.0025,full,0.1710,0.4013,0.5073,0.5860,0.5893,0.4107,1.4762,0.1020,211.7997,-0.2330,-0.0353,0.0442
FundedNext Stellar 2-step,0.0100,0.0050,0.0025,half,0.1160,0.2923,0.3670,0.4247,0.4277,0.5723,1.4762,0.0287,121.4112,-0.3328,-0.0365,0.0212
FundedNext Stellar 2-step,0.0100,0.0050,0.0025,zero,0.0847,0.2033,0.2577,0.2897,0.2917,0.7083,1.4762,,,,,
FundedNext Stellar 2-step,0.0100,0.0050,0.0050,full,0.1870,0.4237,0.5197,0.5810,0.5837,0.4163,1.3810,0.0833,213.5229,-0.2415,-0.0499,0.0498
FundedNext Stellar 2-step,0.0100,0.0050,0.0050,half,0.1350,0.3127,0.3823,0.4260,0.4283,0.5717,1.4286,0.0167,117.4998,-0.3192,-0.0514,0.0239
FundedNext Stellar 2-step,0.0100,0.0050,0.0050,zero,0.0947,0.2180,0.2663,0.2923,0.2933,0.7067,1.3810,,,,,
FundedNext Stellar 2-step,0.0100,0.0075,0.0000,full,0.1550,0.3753,0.4797,0.5720,0.5800,0.4200,1.6190,0.1027,197.2987,-0.2452,-0.0278,0.0393
FundedNext Stellar 2-step,0.0100,0.0075,0.0000,half,0.1120,0.2770,0.3623,0.4257,0.4283,0.5717,1.5714,0.0287,117.0647,-0.3486,-0.0290,0.0189
FundedNext Stellar 2-step,0.0100,0.0075,0.0000,zero,0.0820,0.2013,0.2557,0.2940,0.2957,0.7043,1.5238,,,,,
FundedNext Stellar 2-step,0.0100,0.0075,0.0025,full,0.1670,0.3980,0.5093,0.5860,0.5900,0.4100,1.4762,0.1000,212.5377,-0.2299,-0.0366,0.0449
FundedNext Stellar 2-step,0.0100,0.0075,0.0025,half,0.1210,0.2970,0.3687,0.4257,0.4290,0.5710,1.4762,0.0267,121.0560,-0.3343,-0.0383,0.0216
FundedNext Stellar 2-step,0.0100,0.0075,0.0025,zero,0.0890,0.2033,0.2577,0.2917,0.2940,0.7060,1.4762,,,,,
FundedNext Stellar 2-step,0.0100,0.0075,0.0050,full,0.1847,0.4213,0.5193,0.5790,0.5807,0.4193,1.3810,0.0767,211.9279,-0.2384,-0.0499,0.0506
FundedNext Stellar 2-step,0.0100,0.0075,0.0050,half,0.1357,0.3090,0.3810,0.4230,0.4253,0.5747,1.3810,0.0173,117.4865,-0.3208,-0.0514,0.0242
FundedNext Stellar 2-step,0.0100,0.0075,0.0050,zero,0.0957,0.2160,0.2637,0.2887,0.2900,0.7100,1.3810,,,,,
