sym,tf,cell,n,sumR,avgR
GER40.cash,M5,base,48,5.8146,0.1211
GER40.cash,M5,most_picked,48,1.9882,0.0414
GER40.cash,M15,base,48,5.8124,0.1211
GER40.cash,M15,most_picked,48,1.9865,0.0414
GER40.cash,M30,base,48,5.8139,0.1211
GER40.cash,M30,most_picked,48,1.9878,0.0414
EU50.cash,M5,base,56,9.1020,0.1625
EU50.cash,M5,most_picked,56,2.5970,0.0464
EU50.cash,M15,base,56,9.0589,0.1618
EU50.cash,M15,most_picked,56,2.5611,0.0457
EU50.cash,M30,base,56,9.0658,0.1619
EU50.cash,M30,most_picked,56,2.5669,0.0458
FRA40.cash,M5,base,52,5.7118,0.1098
FRA40.cash,M5,most_picked,52,3.2774,0.0630
FRA40.cash,M15,base,52,5.7118,0.1098
FRA40.cash,M15,most_picked,52,3.2774,0.0630
FRA40.cash,M30,base,52,5.7784,0.1111
FRA40.cash,M30,most_picked,52,3.3461,0.0643
SPN35.cash,M5,base,42,1.7633,0.0420
SPN35.cash,M5,most_picked,42,1.3492,0.0321
SPN35.cash,M15,base,41,2.3339,0.0569
SPN35.cash,M15,most_picked,41,1.2545,0.0306
SPN35.cash,M30,base,41,2.3339,0.0569
SPN35.cash,M30,most_picked,41,1.2545,0.0306
N25.cash,M5,base,36,8.3801,0.2328
N25.cash,M5,most_picked,36,3.8848,0.1079
N25.cash,M15,base,36,8.3801,0.2328
N25.cash,M15,most_picked,36,3.8848,0.1079
N25.cash,M30,base,36,8.3828,0.2329
N25.cash,M30,most_picked,36,3.8867,0.1080
US100.cash,M1,base,48,4.0245,0.0838
US100.cash,M1,most_picked,48,4.6803,0.0975
US100.cash,M5,base,48,4.0245,0.0838
US100.cash,M5,most_picked,48,4.6803,0.0975
US100.cash,M15,base,48,4.0131,0.0836
US100.cash,M15,most_picked,48,4.6712,0.0973
US100.cash,M30,base,48,3.3706,0.0702
US100.cash,M30,most_picked,48,4.7483,0.0989
US500.cash,M1,base,42,3.6496,0.0869
US500.cash,M1,most_picked,42,4.0464,0.0963
US500.cash,M5,base,42,3.6496,0.0869
US500.cash,M5,most_picked,42,4.0464,0.0963
US500.cash,M15,base,42,3.5857,0.0854
US500.cash,M15,most_picked,42,3.9932,0.0951
US500.cash,M30,base,41,3.4395,0.0839
US500.cash,M30,most_picked,41,4.1290,0.1007
US30.cash,M5,base,37,0.9796,0.0265
US30.cash,M5,most_picked,37,2.9360,0.0794
US30.cash,M15,base,37,0.9765,0.0264
US30.cash,M15,most_picked,37,2.9336,0.0793
US30.cash,M30,base,38,1.6897,0.0445
US30.cash,M30,most_picked,38,3.0449,0.0801
US2000.cash,M5,base,33,2.1257,0.0644
US2000.cash,M5,most_picked,33,3.9253,0.1189
US2000.cash,M15,base,33,2.1228,0.0643
US2000.cash,M15,most_picked,33,3.9228,0.1189
US2000.cash,M30,base,33,2.1228,0.0643
US2000.cash,M30,most_picked,33,3.9077,0.1184
