version,trades,win%,avg R,t,cost R,pos years,gross R,exits,by zone
"US100: 2022 model: 4h bias, killzones, FVG limit, 2R",159,36,-0.032,-0.3,0.089,1/2,0.056,"{'stop': 102, 'target': 53, 'time': 4}","{'london': -0.16, 'ny_am': -0.05, 'other': 0.17}"
"US100: 2022 model: 4h bias, target = draw",111,20,-0.046,-0.2,0.105,1/2,0.059,"{'stop': 89, 'target': 19, 'time': 3}","{'london': 0.05, 'ny_am': 0.22, 'other': -0.7}"
"US100: 2022 model: both biases, 2R",60,37,-0.03,-0.2,0.091,0/2,0.061,"{'stop': 38, 'target': 19, 'time': 3}","{'london': -0.29, 'ny_am': 0.07, 'other': 0.12}"
"US100: 2022 model: 4h bias, market entry",286,39,0.05,0.6,0.043,1/2,0.094,"{'stop': 167, 'target': 91, 'time': 28}","{'london': 0.06, 'ny_am': 0.13, 'other': -0.09}"
"US100: Silver Bullet: 4h bias, FVG limit, 2R",56,34,-0.031,-0.2,0.069,1/2,0.038,"{'stop': 36, 'target': 17, 'time': 3}","{'london': -0.02, 'ny_am': 0.23, 'ny_pm': -0.09, 'other': -0.75}"
"US100: Silver Bullet: no bias, no sweep, first FVG after MSS",463,37,-0.029,-0.5,0.046,1/2,0.017,"{'stop': 272, 'target': 120, 'time': 71}","{'london': -0.07, 'ny_am': 0.1, 'ny_pm': -0.16, 'other': 0.05}"
"US100: baseline: 4h bias + MSS + FVG, no sweep",487,32,-0.103,-1.6,0.064,0/2,-0.039,"{'stop': 329, 'target': 143, 'time': 15}","{'london': -0.16, 'ny_am': -0.04, 'other': -0.12}"
"US500: 2022 model: 4h bias, killzones, FVG limit, 2R",151,34,-0.126,-1.1,0.135,1/2,0.009,"{'stop': 98, 'target': 49, 'time': 4}","{'london': -0.22, 'ny_am': -0.13, 'other': -0.04}"
"US500: 2022 model: 4h bias, target = draw",116,19,-0.085,-0.3,0.152,1/2,0.066,"{'stop': 92, 'target': 16, 'time': 8}","{'london': -0.11, 'ny_am': -0.0, 'other': -0.15}"
"US500: 2022 model: both biases, 2R",40,28,-0.38,-1.8,0.158,1/2,-0.223,"{'stop': 29, 'target': 10, 'time': 1}","{'london': -0.26, 'ny_am': -0.38, 'other': -0.44}"
"US500: 2022 model: 4h bias, market entry",277,36,-0.03,-0.4,0.068,0/2,0.038,"{'stop': 164, 'target': 83, 'time': 30}","{'london': -0.04, 'ny_am': 0.12, 'other': -0.24}"
"US500: Silver Bullet: 4h bias, FVG limit, 2R",64,31,-0.209,-1.2,0.122,0/2,-0.086,"{'stop': 44, 'target': 19, 'time': 1}","{'london': -0.02, 'ny_am': -0.46, 'ny_pm': -0.25, 'other': -0.05}"
"US500: Silver Bullet: no bias, no sweep, first FVG after MSS",469,34,-0.133,-2.2,0.075,0/2,-0.059,"{'stop': 290, 'target': 123, 'time': 56}","{'london': -0.09, 'ny_am': -0.06, 'ny_pm': -0.28, 'other': -0.23}"
"US500: baseline: 4h bias + MSS + FVG, no sweep",449,30,-0.21,-3.2,0.109,0/2,-0.102,"{'stop': 310, 'target': 127, 'time': 12}","{'london': -0.23, 'ny_am': -0.3, 'other': -0.07}"
"TSLA: 2022 model: 4h bias, killzones, FVG limit, 2R",88,45,-0.019,-0.1,0.03,2/6,0.011,"{'stop': 44, 'time': 29, 'target': 15}","{'ny_am': -0.01, 'other': -0.05}"
"TSLA: 2022 model: 4h bias, target = draw",50,34,-0.032,-0.1,0.04,2/6,0.008,"{'stop': 32, 'time': 13, 'target': 5}","{'ny_am': 0.05, 'other': -0.66}"
"TSLA: 2022 model: both biases, 2R",30,60,0.293,1.3,0.035,4/6,0.328,"{'time': 12, 'stop': 11, 'target': 7}","{'ny_am': 0.32, 'other': 0.16}"
"TSLA: 2022 model: 4h bias, market entry",166,44,-0.031,-0.4,0.013,3/6,-0.018,"{'time': 83, 'stop': 67, 'target': 16}","{'ny_am': -0.01, 'other': -0.18}"
"TSLA: Silver Bullet: 4h bias, FVG limit, 2R",69,33,-0.258,-1.9,0.048,2/6,-0.209,"{'stop': 41, 'time': 17, 'target': 11}","{'ny_am': 0.05, 'ny_pm': -0.43, 'other': -0.35}"
"TSLA: Silver Bullet: no bias, no sweep, first FVG after MSS",852,41,-0.06,-1.7,0.032,0/6,-0.028,"{'time': 444, 'stop': 321, 'target': 87}","{'ny_am': -0.03, 'ny_pm': -0.11, 'other': 0.06}"
"TSLA: baseline: 4h bias + MSS + FVG, no sweep",378,40,-0.052,-0.8,0.025,2/6,-0.027,"{'stop': 192, 'time': 116, 'target': 70}","{'ny_am': -0.03, 'other': -0.2}"
"AAPL: 2022 model: 4h bias, killzones, FVG limit, 2R",71,51,0.274,1.7,0.061,5/6,0.334,"{'stop': 30, 'time': 23, 'target': 18}","{'ny_am': 0.22, 'other': 0.52}"
"AAPL: 2022 model: 4h bias, target = draw",32,41,0.512,1.2,0.079,3/5,0.591,"{'stop': 18, 'time': 8, 'target': 6}","{'ny_am': 0.31, 'other': 1.24}"
"AAPL: 2022 model: both biases, 2R",18,28,-0.267,-0.9,0.068,2/5,-0.199,"{'stop': 11, 'time': 4, 'target': 3}","{'ny_am': -0.42, 'other': 0.04}"
"AAPL: 2022 model: 4h bias, market entry",146,46,0.07,0.8,0.033,4/6,0.103,"{'time': 71, 'stop': 54, 'target': 21}","{'ny_am': 0.06, 'other': 0.12}"
"AAPL: Silver Bullet: 4h bias, FVG limit, 2R",53,43,-0.086,-0.5,0.153,1/6,0.067,"{'stop': 25, 'time': 16, 'target': 12}","{'ny_am': -0.77, 'ny_pm': -0.07, 'other': 0.78}"
"AAPL: Silver Bullet: no bias, no sweep, first FVG after MSS",857,43,-0.027,-0.7,0.069,2/6,0.042,"{'time': 380, 'stop': 343, 'target': 134}","{'ny_am': -0.03, 'ny_pm': 0.01, 'other': -0.28}"
"AAPL: baseline: 4h bias + MSS + FVG, no sweep",355,40,0.009,0.1,0.061,1/6,0.07,"{'stop': 186, 'time': 94, 'target': 75}","{'ny_am': 0.04, 'other': -0.24}"
