sym,tf,signal,htf,stop,exit,n,avgR,excess,t,win,h1,h2,years_pos,coin,longs,shorts
US100,5m,ema9x21,none,2xATR,1R,4261,-0.045318333946993625,0.00044721602707532143,-3.057354974866394,0.4893217554564656,-0.07060448960505872,-0.020044044152681753,0/2,-0.045765549974068946,-0.022571788571817096,-0.06807555845145427
US100,5m,ema9x21,none,2xATR,2R,4261,-0.013315652046422531,0.009070536026658282,-0.6564109450350893,0.36775404834545883,-0.05833597439642747,0.03168354392049935,1/2,-0.022386188073080814,0.0020505580427634443,-0.028689076318748973
US100,5m,ema9x21,none,2xATR,3R,4261,-0.00037462122265817565,0.034295799585925026,-0.0154787089419657,0.3126026754283032,-0.03412056068965233,0.03335548251488174,1/2,-0.0346704208085832,0.028148181864121654,-0.028910815296802696
US100,5m,ema9x21,none,2xATR,opp,4261,0.004899806455473607,0.007724989144841927,0.1768588248772797,0.28021591175780336,-0.047545514276905586,0.057320516525847943,1/2,-0.00282518268936832,0.04390923720072975,-0.03412793857651739
US100,5m,ema9x21,none,0.5dATR,1R,4261,-0.008149707201358195,0.007414205146864861,-0.7736348990896634,0.4874442619103497,-0.020544829771978523,0.004239598793677609,1/2,-0.015563912348223055,0.002715533208700052,-0.019020048663252145
US100,5m,ema9x21,none,0.5dATR,2R,4261,-0.009931388979869421,0.008978612819306422,-0.8505761184232481,0.4691386998357193,-0.01787072473415575,-0.0019957788641350813,1/2,-0.018910001799175843,0.013044485103112019,-0.032918049858194985
US100,5m,ema9x21,none,0.5dATR,3R,4261,-0.008062639401638214,0.00852417072462069,-0.6718923522188137,0.46843463975592586,-0.01711699986324955,0.0009874721812956934,1/2,-0.016586810126258903,0.019139933718651452,-0.03527798368301721
US100,5m,ema9x21,none,0.5dATR,opp,4261,-0.0009057334408993754,0.0029759721539461335,-0.13673098403404912,0.2987561605256982,-0.0038387047826559375,0.002025861565173586,1/2,-0.003881705594845509,0.009637805342323762,-0.0114542222423306
US100,5m,ema9x21,1H,2xATR,1R,2116,-0.050678892884177845,0.0034278977752553452,-2.4101296038496383,0.4872400756143667,-0.06797110551731443,-0.03338668025104126,0/2,-0.05410679065943319,-0.034633031264266236,-0.07827447495029834
US100,5m,ema9x21,1H,2xATR,2R,2116,-0.01319119810293639,0.016042095522407852,-0.45753752311004464,0.3686200378071834,-0.06557932121193753,0.03919692500606474,1/2,-0.029233293625344242,-0.00606415850279381,-0.025448240500096787
US100,5m,ema9x21,1H,2xATR,3R,2116,0.0015555639739784303,0.024469589513281924,0.04538443476365076,0.31521739130434784,-0.03720264138326349,0.04031376933122037,1/2,-0.022914025539303495,0.012898760096264545,-0.017952400565377377
US100,5m,ema9x21,1H,2xATR,opp,2116,-0.003317596630312469,0.010869044967091405,-0.08423035595340983,0.28071833648393196,-0.05299716118052241,0.046361967919897475,1/2,-0.014186641597403873,0.018728389041162124,-0.041232158106447425
US100,5m,ema9x21,1H,0.5dATR,1R,2116,-0.02646034153407822,-0.014998781459984532,-1.7677671003765054,0.4877126654064272,-0.05438110430843909,0.0014604212402826533,0/2,-0.011461560074093689,-0.011469513225474223,-0.05224148327818126
US100,5m,ema9x21,1H,0.5dATR,2R,2116,-0.03688508102589334,-0.02017618875905436,-2.2625180028342924,0.4673913043478261,-0.061341918630680316,-0.012428243421106369,0/2,-0.016708892266838984,-0.017258564291915957,-0.0706386535066925
US100,5m,ema9x21,1H,0.5dATR,3R,2116,-0.03658160859818907,-0.021461191440876742,-2.203753962243565,0.4673913043478261,-0.06360302496745239,-0.009560192228925717,0/2,-0.015120417157312327,-0.014579161190995423,-0.07442129321364548
US100,5m,ema9x21,1H,0.5dATR,opp,2116,-0.00913923633786651,-0.005844403696293871,-1.0154435281778347,0.29914933837429114,-0.012739916357419803,-0.005538556318313211,0/2,-0.003294832641572638,-0.0015882909262783722,-0.022125309552140194
US100,5m,ema9x21,4H,2xATR,1R,2123,-0.021149993090952675,0.059499961260369334,-1.0099024414921567,0.5021196420160151,-0.047874918770991155,0.005549767875639451,1/2,-0.08064995435132201,-0.02381734489616361,-0.011970508321973642
US100,5m,ema9x21,4H,2xATR,2R,2123,0.02206182683029136,0.06698627052944142,0.764356058722734,0.3829486575600565,-0.04206092892287936,0.08612420334075664,1/2,-0.044924443699150066,0.004696610090924169,0.08182287606932698
US100,5m,ema9x21,4H,2xATR,3R,2123,0.038242881707812995,0.09140704300390934,1.112935470680425,0.329251059821008,-0.0108289442601838,0.08726850068337287,1/2,-0.053164161296096336,0.029523190510096924,0.06825102400957646
US100,5m,ema9x21,4H,2xATR,opp,2123,0.03885553014959029,0.03213298753498633,0.997906096402387,0.30193122939236927,0.0024497701549039803,0.07522700976763377,1/2,0.00672254261460396,0.0339395847208309,0.05577337581969325
US100,5m,ema9x21,4H,0.5dATR,1R,2123,0.004056688953075056,0.01955467950655907,0.27400463625835614,0.51530852567122,-0.0232538217568859,0.0313414835512564,1/2,-0.015497990553484014,0.002137045802575512,0.010662992263894664
US100,5m,ema9x21,4H,0.5dATR,2R,2123,9.758033367656511e-05,0.009933316945088248,0.006041533815571354,0.49740932642487046,-0.02304386634153676,0.023217236569459385,1/2,-0.009835736611411683,0.0011965392425004064,-0.003684401685183703
US100,5m,ema9x21,4H,0.5dATR,3R,2123,0.0024157962294894353,0.009071270772134998,0.14692550363856463,0.49740932642487046,-0.017830149652707347,0.022642678132512768,1/2,-0.006655474542645562,0.005384788061920609,-0.007801759344463054
US100,5m,ema9x21,4H,0.5dATR,opp,2123,0.002042648061243096,0.0035832125763277547,0.2309062752839273,0.3207724917569477,-0.00019799681052124475,0.004281183097911612,1/2,-0.0015405645150846589,0.004482213002405386,-0.006352925847150153
US100,5m,ema20x50,none,2xATR,1R,1759,0.00150535471282608,0.04559644724814022,0.06568241645139403,0.5105173393973849,0.022963130207416298,-0.019928036945974826,1/2,-0.04409109253531414,-0.0002643323006337749,0.003277055022091941
US100,5m,ema20x50,none,2xATR,2R,1759,0.033646755459584746,0.03775046605486056,1.0567663830165606,0.3808982376350199,0.0523718868486924,0.014942902628873812,2/2,-0.004103710595275815,0.03311339076813759,0.034180726936801464
US100,5m,ema20x50,none,2xATR,3R,1759,0.015556998605610882,0.040089563181024745,0.4132408495917823,0.3160886867538374,0.08125221644090472,-0.05006356557305195,1/2,-0.024532564575413866,0.04993452770363991,-0.01885964030936698
US100,5m,ema20x50,none,2xATR,opp,1759,0.021610807250700182,0.06991980538145319,0.39363292594617133,0.2535531552018192,0.04234821701761106,0.0008969627221607848,2/2,-0.04830899813075301,0.05365040503604232,-0.01046524058900525
US100,5m,ema20x50,none,0.5dATR,1R,1759,-0.0031337005709118695,0.005170740507586386,-0.19000293907711824,0.4860716316088687,0.011466789799492828,-0.017717599474986565,1/2,-0.008304441078498256,9.103665467106069e-05,-0.00636210643952732
US100,5m,ema20x50,none,0.5dATR,2R,1759,0.001482616185599244,0.0035492557039495526,0.07962323657014636,0.46389994314951677,0.028780298417511924,-0.02578404595286808,1/2,-0.0020666395183503083,0.007141670343031699,-0.004182876031170455
US100,5m,ema20x50,none,0.5dATR,3R,1759,0.0022642920256790927,0.010718304151919548,0.11871471600521336,0.46276293348493464,0.032546429066627955,-0.027983433495905062,1/2,-0.008454012126240454,0.01208231490464138,-0.0075649003901193555
US100,5m,ema20x50,none,0.5dATR,opp,1759,0.010958667964044676,0.021075265617031193,0.7682886852906823,0.31552018192154635,0.027806901726749746,-0.005870420078475505,2/2,-0.010116597652986517,0.02223137618258307,-0.00032686472345679003
US100,5m,ema20x50,1H,2xATR,1R,862,0.022006656329282632,0.030134790979694827,0.6724837749474422,0.5185614849187935,0.006731443051847539,0.03728186960671772,1/2,-0.008128134650412193,0.02476569090832297,0.01699350853207207
US100,5m,ema20x50,1H,2xATR,2R,862,0.054197904063770556,0.032361260847442695,1.1896296907757657,0.3874709976798144,0.01787329942398902,0.09052250870355208,1/2,0.02183664321632786,0.03483146174776443,0.08938660317389932
US100,5m,ema20x50,1H,2xATR,3R,862,0.05866922580809282,0.05085803502653898,1.085201526557356,0.3306264501160093,0.05630633268074904,0.06103211893543658,2/2,0.007811190781553838,0.06776419662906283,0.04214372327064399
US100,5m,ema20x50,1H,2xATR,opp,862,-0.049307002953743094,-0.0390421236082153,-0.7239028972622746,0.2505800464037123,-0.0852983965271667,-0.013315609380319476,0/2,-0.010264879345527791,-0.01810165202385918,-0.10600692163680012
US100,5m,ema20x50,1H,0.5dATR,1R,862,-0.03313637025107662,-0.02100892099332491,-1.404131219091686,0.46983758700696054,-0.046537635685384666,-0.019735104816768594,0/2,-0.012127449257751716,-0.020065442200673893,-0.05688616108775611
US100,5m,ema20x50,1H,0.5dATR,2R,862,-0.03169238263495762,-0.022437576331589378,-1.2066462462833536,0.45011600928074247,-0.028187938521008347,-0.03519682674890688,0/2,-0.009254806303368241,-0.025889384408151774,-0.042236392484970846
US100,5m,ema20x50,1H,0.5dATR,3R,862,-0.037038449887361144,-0.021476016311732786,-1.4081067752023972,0.44895591647331784,-0.030724388393657927,-0.04335251138106436,0/2,-0.015562433575628358,-0.022861179043032174,-0.06279845834960593
US100,5m,ema20x50,1H,0.5dATR,opp,862,-0.01372722891967404,-0.0026117639173073998,-0.7359152983500635,0.31206496519721577,0.0011635954622707784,-0.02861805330161885,1/2,-0.01111546500236664,-0.005422088872533682,-0.028817614103367
US100,5m,ema20x50,4H,2xATR,1R,873,0.029641109676867363,0.11647854578165114,0.9186862012787081,0.5223367697594502,0.03718321259076608,0.02211626557970526,2/2,-0.08683743610478377,0.03000106092347935,0.028421978318995577
US100,5m,ema20x50,4H,2xATR,2R,873,0.037320825979461236,0.09923479101191694,0.8360961948728696,0.38602520045819017,0.05290359658112066,0.021773713891764402,2/2,-0.061913965032455706,0.03901776339988383,0.031573409791698294
US100,5m,ema20x50,4H,2xATR,3R,873,0.04858503057806216,0.11153955466392243,0.9216384768824373,0.3356242840778923,0.13224635168769586,-0.034884845860840064,1/2,-0.06295452408586028,0.0656610217173439,-0.009250235893675943
US100,5m,ema20x50,4H,2xATR,opp,873,-0.000687457298017598,0.09315116437637609,-0.010003117308365254,0.26689576174112256,0.024407369435955714,-0.02572485879919007,1/2,-0.09383862167439369,0.04730022509668633,-0.1632186026951555
US100,5m,ema20x50,4H,0.5dATR,1R,873,-0.004604545141199844,0.023333479901804934,-0.19830108140786865,0.5028636884306987,-0.0029031668009770594,-0.006302030167142945,1/2,-0.02793802504300478,0.009181929467387936,-0.05129843401651725
US100,5m,ema20x50,4H,0.5dATR,2R,873,-0.0005059059461001584,0.007780548455385171,-0.019616829613833115,0.4868270332187858,0.001939536138084958,-0.0029457520529759277,1/2,-0.00828645440148533,0.009737564636496287,-0.03519987163790924
US100,5m,ema20x50,4H,0.5dATR,3R,873,-0.0032453092438742693,0.010247688372342884,-0.12568144032793369,0.4856815578465063,0.008158890143126011,-0.014623412064771588,1/2,-0.013492997616217153,0.012534295749004838,-0.05668980052628896
US100,5m,ema20x50,4H,0.5dATR,opp,873,0.010480658772500732,0.04091539187152062,0.5597173101658601,0.3321878579610538,0.024347488723199265,-0.003354439301880409,2/2,-0.030434733099019888,0.024625129801388427,-0.037425740591671655
US100,5m,macd,none,2xATR,1R,7675,-0.0592327773700922,-0.009494772408831398,-5.379862409390184,0.48143322475570033,-0.07320607394894213,-0.045263121566796946,0/2,-0.0497380049612608,-0.03851242148919194,-0.0799585333958663
US100,5m,macd,none,2xATR,2R,7675,-0.04914710566019025,-0.012958714555484162,-3.2898796193356405,0.3543973941368078,-0.06644183482941703,-0.03185688267365478,0/2,-0.03618839110470609,-0.02417599298341926,-0.0741247263152455
US100,5m,macd,none,2xATR,3R,7675,-0.036702819679166325,-0.019320089684428804,-2.068957104307014,0.30293159609120524,-0.05419999244285659,-0.019210205845325897,0/2,-0.01738272999473752,-0.002874702414763263,-0.07053975323683609
US100,5m,macd,none,2xATR,opp,7675,-0.05373727004358594,-0.01959536608142444,-3.7193009821361374,0.3137459283387622,-0.06535207536281927,-0.042125490989417536,0/2,-0.0341419039621615,-0.03521816097618171,-0.07226120556631135
US100,5m,macd,none,0.5dATR,1R,7675,-0.010335846188751992,-0.0071819767387719365,-1.3219272878626203,0.4867752442996743,-0.017551145397312687,-0.0031224269435077548,0/2,-0.003153869449980056,0.009607424461852282,-0.03028431446006271
US100,5m,macd,none,0.5dATR,2R,7675,-0.00868658450528654,-0.0068310496540359075,-0.9989643049505147,0.46905537459283386,-0.017531774638472487,0.00015630099263802663,0/2,-0.0018555348512506327,0.019596845460568585,-0.036977385706472875
US100,5m,macd,none,0.5dATR,3R,7675,-0.010145785542972689,-0.009549423436644285,-1.1500659790683334,0.46840390879478827,-0.02093709315428524,0.0006427103675552628,0/2,-0.0005963621063284044,0.02435961143492647,-0.044660175326964605
US100,5m,macd,none,0.5dATR,opp,7675,-0.009396658657318336,-0.00335330882180124,-2.528270298786769,0.3288599348534202,-0.012870824722394944,-0.005923397794447325,0/2,-0.0060433498355170956,-0.003275958691894241,-0.015518953801258306
US100,5m,macd,1H,2xATR,1R,3837,-0.04761764765108419,0.008308640363164713,-3.0600811006634503,0.48631743549648165,-0.07138282604125033,-0.0238648534080729,0/2,-0.055926288014248905,-0.04786567706423859,-0.0471617651868174
US100,5m,macd,1H,2xATR,2R,3837,-0.026207680142883313,0.02914251305268039,-1.234482910838024,0.3635652853792025,-0.05545303583653107,0.00302243565722945,0/2,-0.0553501931955637,-0.029930771186037288,-0.019364572715192773
US100,5m,macd,1H,2xATR,3R,3837,-0.010798917656047277,0.026043879891267628,-0.4274548883203063,0.3117018504039614,-0.03726357306575713,0.015651946896231773,1/2,-0.036842797547314905,-0.014309342443831854,-0.004346694580866325
US100,5m,macd,1H,2xATR,opp,3837,-0.05276364576009044,-3.281321868683906e-05,-2.618800758684244,0.3124837112327339,-0.05770986186028977,-0.04782000715655617,0/2,-0.0527308325414036,-0.05144203243962369,-0.05519279450369982
US100,5m,macd,1H,0.5dATR,1R,3837,-0.020337998096571306,-0.007562429685880822,-1.8408074607599751,0.48605681522022415,-0.03276386671026478,-0.007918604661936564,0/2,-0.012775568410690484,-0.009069656028763983,-0.04104941084694204
US100,5m,macd,1H,0.5dATR,2R,3837,-0.028373873728609382,-0.0070317964000344915,-2.345109218766054,0.4654678133958822,-0.045039068044501814,-0.011717363724502196,0/2,-0.02134207732857489,-0.010078138767467961,-0.062001759363547584
US100,5m,macd,1H,0.5dATR,3R,3837,-0.031477051337202945,-0.011624016897848831,-2.5853456868735614,0.4652071931196247,-0.04986654422875128,-0.013097141297604356,0/2,-0.019853034439354114,-0.007942447009267994,-0.07473407186598871
US100,5m,macd,1H,0.5dATR,opp,3837,-0.014053496111791302,-0.0001247557348185331,-2.714848783982602,0.32655720615063855,-0.018683235849293184,-0.009426168953621106,0/2,-0.01392874037697277,-0.012512815922125988,-0.01688529364974863
US100,5m,macd,4H,2xATR,1R,3831,-0.04504023858049176,0.02092005519971271,-2.889963301611622,0.48760114852518927,-0.06302669811603674,-0.027063166549923596,0/2,-0.06596029378020447,-0.03843603956157457,-0.06788969083220532
US100,5m,macd,4H,2xATR,2R,3831,-0.03680595485052342,0.011291518874421279,-1.73926373267761,0.36048029235186635,-0.056283322949305485,-0.0173387523927115,0/2,-0.048097473724944696,-0.029360388249312898,-0.062566401810707
US100,5m,macd,4H,2xATR,3R,3831,-0.024130970378168474,0.030027998029910023,-0.9612077246180253,0.3093187157400157,-0.03931553933838081,-0.008954326558332039,0/2,-0.054158968408078496,-0.011266671699197749,-0.06863934718131286
US100,5m,macd,4H,2xATR,opp,3831,-0.04053643006859483,0.009516116779048622,-2.070541238146084,0.3197598538240668,-0.04516102057683257,-0.03591425322972463,0/2,-0.05005254684764345,-0.03551459079791513,-0.05791117548472989
US100,5m,macd,4H,0.5dATR,1R,3831,-0.005824741305155979,0.006345631924098251,-0.5272833551226117,0.5030018271991648,-0.0193783234139605,0.007721766909019733,1/2,-0.01217037322925423,0.002458180371145911,-0.034482300352850055
US100,5m,macd,4H,0.5dATR,2R,3831,-0.0053302709595047055,0.0082844316754562,-0.4414821748371964,0.48734012007308797,-0.0229027892119965,0.012233075832521288,1/2,-0.013614702634960906,0.005034160395515949,-0.04118951425068211
US100,5m,macd,4H,0.5dATR,3R,3831,-0.005631843439411408,0.006924287973068395,-0.46199794999765964,0.48707909162098667,-0.020160401419883654,0.008889131786373728,1/2,-0.012556131412479804,0.008066171200891073,-0.05302474158956156
US100,5m,macd,4H,0.5dATR,opp,3831,-0.00909553228599398,0.004395627430300071,-1.8317420969600606,0.3359436178543461,-0.012229596272433654,-0.005963104032323844,0/2,-0.013491159716294051,-0.007491063450157495,-0.014646732961321147
US100,5m,rsi,none,2xATR,1R,2874,-0.09776517438297816,-0.044272677467356525,-5.410415097133967,0.4627696590118302,-0.1416581564492926,-0.05387219231666374,0/2,-0.053492496915621635,-0.08174332356278853,-0.11166327109834735
US100,5m,rsi,none,2xATR,2R,2874,-0.10891451414578593,-0.0868729619940891,-4.500558903287127,0.3326374391092554,-0.1500357033680606,-0.06779332492351127,0/2,-0.02204155215169683,-0.0546238647159288,-0.15600874220872243
US100,5m,rsi,none,2xATR,3R,2874,-0.081675944023862,-0.0757401492991571,-2.8380806382952075,0.2881002087682672,-0.1045246891317992,-0.05882719891592478,0/2,-0.005935794724704903,-0.018583823211113317,-0.13640497669768883
US100,5m,rsi,none,2xATR,opp,2874,-0.07964796850704192,-0.07641121350691661,-2.514554500551066,0.2825330549756437,-0.09919186403904973,-0.06010407297503413,0/2,-0.0032367550001253134,0.002139748450262897,-0.15059442863569816
US100,5m,rsi,none,0.5dATR,1R,2874,-0.012304845947082374,-0.02825452815765938,-0.9402818624955398,0.4826026443980515,-0.025763425794668178,0.0011537339005034287,1/2,0.015949682210577007,0.018266263705434112,-0.03882364476846608
US100,5m,rsi,none,0.5dATR,2R,2874,-0.0057205357239231164,-0.022567058055869664,-0.3901820376532422,0.465205288796103,-0.020144792925759568,0.008703721477913333,1/2,0.016846522331946546,0.04304904291914693,-0.04802553084315541
US100,5m,rsi,none,0.5dATR,3R,2874,-0.007056180302680666,-0.024421846376826248,-0.4746928670882826,0.46450939457202506,-0.01780815090640081,0.0036957903010394802,1/2,0.017365666074145584,0.04923597809093526,-0.05588661009831241
US100,5m,rsi,none,0.5dATR,opp,2874,-0.013727000998762123,-0.0276032317988466,-1.0814489616768501,0.5271398747390397,-0.023516788133636946,-0.003937213863887307,0/2,0.013876230800084474,0.020870129503655563,-0.04373815708760398
US100,5m,rsi,1H,2xATR,1R,1396,-0.08946627558946736,-0.06850373543940247,-3.4555182653853644,0.4670487106017192,-0.16127506271449576,-0.017657488464438934,0/2,-0.02096254015006489,-0.09212662226897728,-0.08544704679308548
US100,5m,rsi,1H,2xATR,2R,1396,-0.1192360593827629,-0.1296047310819286,-3.46456294531929,0.3316618911174785,-0.17137818692735213,-0.06709393183817369,0/2,0.010368671699165721,-0.1084538632665337,-0.1355257081914545
US100,5m,rsi,1H,2xATR,3R,1396,-0.09219132608039061,-0.13209568997200227,-2.2572153815481717,0.28796561604584525,-0.12275156772873749,-0.06163108443204375,0/2,0.039904363891611644,-0.07507998305395586,-0.11804299540090361
US100,5m,rsi,1H,2xATR,opp,1396,-0.09197106742031853,-0.13642302575812992,-2.0736067392213804,0.2843839541547278,-0.12757548939090255,-0.05636664544973452,0/2,0.044451958337811376,-0.04845666843248957,-0.15771224574725437
US100,5m,rsi,1H,0.5dATR,1R,1396,-0.038959857196164405,-0.06067382841491982,-2.0588869380267583,0.47636103151862463,-0.0476242211557127,-0.0302954932366161,0/2,0.02171397121875542,-0.03969387518567059,-0.03785090915446442
US100,5m,rsi,1H,0.5dATR,2R,1396,-0.03344418618807686,-0.054434520125835356,-1.6065022207634578,0.46275071633237824,-0.04397253401571964,-0.02291583836043405,0/2,0.020990333937758492,-0.03836979715426434,-0.02600261566362095
US100,5m,rsi,1H,0.5dATR,3R,1396,-0.03324436310044441,-0.06133925787554877,-1.5762258068066393,0.46275071633237824,-0.03767289434855469,-0.028815831852334134,0/2,0.02809489477510436,-0.035329307019259994,-0.030094447827413703
US100,5m,rsi,1H,0.5dATR,opp,1396,-0.03527506101159528,-0.044158872073359376,-1.9395453880936573,0.5322349570200573,-0.05570232002483316,-0.01484780199835739,0/2,0.008883811061764096,-0.0409278871613442,-0.02673482006593143
US100,5m,rsi,4H,2xATR,1R,1371,-0.0825113398343311,-0.021344290882927032,-3.1369992082281017,0.47045951859956237,-0.1278304579476332,-0.037258284575421546,0/2,-0.06116704895140406,-0.09348303184965628,-0.050133781840979566
US100,5m,rsi,4H,2xATR,2R,1371,-0.10008928085614661,-0.03314859293433815,-2.856145459931806,0.3398978847556528,-0.15528159812689293,-0.04497741885838969,0/2,-0.06694068792180846,-0.08662477270893573,-0.13982316080641724
US100,5m,rsi,4H,2xATR,3R,1371,-0.07171304676869923,-0.009398858890707275,-1.7324274550682548,0.2990517870167761,-0.11015243206397045,-0.03332969556277972,0/2,-0.06231418787799196,-0.07184896541839836,-0.07131194965834795
US100,5m,rsi,4H,2xATR,opp,1371,-0.05029275651364331,-0.001388692966195114,-1.0993566869935918,0.29832239241429614,-0.06590926506354253,-0.034699012553466954,0/2,-0.048904063547448196,-0.037837669904041346,-0.08704782477944277
US100,5m,rsi,4H,0.5dATR,1R,1371,-0.026132243190333367,-0.008792801726512006,-1.345895765172479,0.49963530269876005,-0.04571937214609833,-0.006573666900684686,0/2,-0.01733944146382136,-0.014529053949243042,-0.060373354956548046
US100,5m,rsi,4H,0.5dATR,2R,1371,-0.008862276916550105,-0.00566430720642218,-0.41087139878227,0.4894237782640408,-0.02720511145376674,0.009453818794810517,1/2,-0.0031979697101279254,0.005311782367059356,-0.05069004840478094
US100,5m,rsi,4H,0.5dATR,3R,1371,-0.0075357831616270025,-0.0017865139259926315,-0.3453829477913793,0.4894237782640408,-0.02013286003592094,0.005042930626844342,1/2,-0.005749269235634371,0.00875994575864132,-0.055624620090603295
US100,5m,rsi,4H,0.5dATR,opp,1371,-0.012568373542479945,-0.004734243155538347,-0.6481149437942354,0.550692924872356,-0.029732023162006346,0.004570256179641888,1/2,-0.007834130386941598,-0.0042707588305383615,-0.03705470629472258
US100,15m,ema9x21,none,2xATR,1R,1365,-0.0045520848906964815,0.010702956381001886,-0.18367909155606982,0.4937728937728938,-0.012831023014139869,0.003714731800648167,1/2,-0.015255041271698367,0.049848977730081075,-0.05903291446546346
US100,15m,ema9x21,none,2xATR,2R,1365,0.01472417087198125,0.004125002210189846,0.4429566841748651,0.3868131868131868,0.037819878642948355,-0.008337721807081087,2/2,0.010599168661791404,0.02942145253013913,5.338947462425124e-06
US100,15m,ema9x21,none,2xATR,3R,1365,0.018035507479590537,0.016637491747733473,0.4728390887297068,0.3516483516483517,0.03879350797417539,-0.002692100627740163,2/2,0.001398015731857064,0.018214474457156623,0.017856278087101343
US100,15m,ema9x21,none,2xATR,opp,1365,0.02760302854388803,-0.01583178070319453,0.624694191370094,0.2886446886446886,0.026358903484208596,0.028845332044182853,2/2,0.04343480924708256,0.02893293046477827,0.026271176620181247
US100,15m,ema9x21,none,0.5dATR,1R,1365,-0.008138958511485717,-0.02205907920992121,-0.4313528511837672,0.47985347985347987,0.0003836217075434865,-0.016649060574996575,0/2,0.013920120698435495,0.011339388398198513,-0.027645866047137223
US100,15m,ema9x21,none,0.5dATR,2R,1365,0.007206468222569668,-0.02102010170173503,0.33116015539434407,0.4593406593406593,0.02439434525946596,-0.009956243547801157,1/2,0.0282265699243047,0.034349634412230844,-0.01997649733100597
US100,15m,ema9x21,none,0.5dATR,3R,1365,0.009123646479925536,-0.02236145158220204,0.4064298612614877,0.45787545787545786,0.03002031485596028,-0.01174242648121019,1/2,0.03148509806212758,0.03962558572094556,-0.021423017012181033
US100,15m,ema9x21,none,0.5dATR,opp,1365,0.003913747225140485,-0.020955341573565732,0.21456901392719807,0.31575091575091574,0.01924793141990228,-0.011397985748252695,1/2,0.024869088798706217,0.02152068654296604,-0.013719008719250794
US100,15m,ema9x21,1H,2xATR,1R,663,-0.01147335798379633,0.014623691683988705,-0.3232905929844743,0.48717948717948717,-0.0512025663619353,0.028136184104047047,1/2,-0.026097049667785036,0.041081179508259784,-0.10718970711826444
US100,15m,ema9x21,1H,2xATR,2R,663,-0.014825399776469668,-0.0022234996867587734,-0.3143177122085912,0.3740573152337858,-0.0184954275945094,-0.011166426259086695,1/2,-0.012601900089710894,0.006174668476391138,-0.05307233259444593
US100,15m,ema9x21,1H,2xATR,3R,663,-0.008272238788404843,0.00890724215024635,-0.15181491289487192,0.3378582202111614,-0.015274849435479926,-0.0012907203420739817,1/2,-0.017179480938651192,-0.019237144749598666,0.011697887813258806
US100,15m,ema9x21,1H,2xATR,opp,663,-0.02978215712146447,-0.010513326557378654,-0.5114907419713391,0.27601809954751133,-0.04771922579314155,-0.011899115765063507,0/2,-0.019268830564085817,-0.015130087051376187,-0.05646762941932741
US100,15m,ema9x21,1H,0.5dATR,1R,663,-0.06417572465273122,-0.023701441596420646,-2.3718358162425837,0.45248868778280543,-0.06609250516217115,-0.0622647175785607,0/2,-0.040474283056310574,-0.0346659534988263,-0.1179211802011198
US100,15m,ema9x21,1H,0.5dATR,2R,663,-0.04971438360209938,-0.01787418378251062,-1.635313059363684,0.4374057315233786,-0.0281118283629481,-0.07125187090378335,0/2,-0.03184019981958876,-0.02485976273757975,-0.09498152287875643
US100,15m,ema9x21,1H,0.5dATR,3R,663,-0.05428561031962461,-0.019995945784925098,-1.7741330540094638,0.4374057315233786,-0.036624638242732564,-0.07189338669748987,0/2,-0.03428966453469951,-0.02106654722313702,-0.11478671246982328
US100,15m,ema9x21,1H,0.5dATR,opp,663,-0.031749137645232225,-0.015332566144222272,-1.3237012827157497,0.30618401206636503,-0.00781627960849919,-0.05560990876016789,0/2,-0.016416571501009954,-0.012160608036541159,-0.06742526816659301
US100,15m,ema9x21,4H,2xATR,1R,676,0.015013514930993586,0.048031079938039484,0.43433489581167206,0.5044378698224852,0.02561968612557357,0.004407343736413613,1/2,-0.0330175650070459,0.030410916539413396,-0.0371776775339099
US100,15m,ema9x21,4H,2xATR,2R,676,0.017046184700059544,0.05611450147601126,0.3721791190328621,0.3994082840236686,0.016758892258927398,0.017333477141191687,1/2,-0.03906831677595172,0.019449003254907143,0.008901565962199529
US100,15m,ema9x21,4H,2xATR,3R,676,0.032218149211964996,0.07243383420832707,0.607403567063996,0.3668639053254438,0.022525893088909073,0.04191040533502092,1/2,-0.04021568499636207,0.005920340434760497,0.12135747506716468
US100,15m,ema9x21,4H,2xATR,opp,676,0.014185213115821016,0.06620382680821882,0.2475700968799872,0.2973372781065089,-0.012906736264100821,0.041277162495742835,1/2,-0.052018613692397804,0.01419460904301153,0.014153364583395904
US100,15m,ema9x21,4H,0.5dATR,1R,676,-0.011636903736366014,0.020818134422462393,-0.4407478806821496,0.4940828402366864,-0.02380576520965161,0.0005319577369195741,1/2,-0.03245503815882841,0.006366664919302432,-0.07266198710168376
US100,15m,ema9x21,4H,0.5dATR,2R,676,-0.0009320773488818753,0.03693556290453925,-0.03124554784610741,0.47633136094674555,-0.012450694635760531,0.010586539937996775,1/2,-0.037867640253421125,0.023315578149350716,-0.08312218234938458
US100,15m,ema9x21,4H,0.5dATR,3R,676,-0.0015543712641213935,0.03186624355282621,-0.05172767510559254,0.47633136094674555,-0.005394969382295958,0.002286226854053174,1/2,-0.0334206148169476,0.02566244167206571,-0.09380876316470368
US100,15m,ema9x21,4H,0.5dATR,opp,676,0.004448882298267325,0.03430085575773326,0.18449212939350035,0.32988165680473375,0.01880491428322082,-0.00990714968668618,1/2,-0.029851973459465938,0.014823973528927567,-0.030718634730334315
US100,15m,ema20x50,none,2xATR,1R,652,-0.06845956254398217,-0.08976558514408012,-1.9137208497520455,0.4677914110429448,-0.08105005905141696,-0.0558690660365474,0/2,0.021306022600097948,-0.0884328593978868,-0.04848626569007756
US100,15m,ema20x50,none,2xATR,2R,652,-0.02955703034898113,-0.02640612970943428,-0.6273942330722362,0.3803680981595092,-0.058552010596054964,-0.0005620501019072942,1/2,-0.00315090063954685,-0.05316783768728024,-0.005946223010682011
US100,15m,ema20x50,none,2xATR,3R,652,-0.03718153045791292,-0.029468952333549774,-0.6941728421130742,0.34662576687116564,-0.06005424178581614,-0.014308819130009694,1/2,-0.007712578124363147,-0.04882709436135356,-0.02553596655447231
US100,15m,ema20x50,none,2xATR,opp,652,-0.0340129701214509,-0.021714136974649835,-0.5706870215711229,0.3159509202453988,-0.04749723744533574,-0.020528702797566085,0/2,-0.012298833146801065,-0.0049186357140287035,-0.06310730452887311
US100,15m,ema20x50,none,0.5dATR,1R,652,-0.02265265000864659,-0.01722902543222661,-0.8066594771544718,0.47699386503067487,-0.020839119610093607,-0.02446618040719958,0/2,-0.005423624576419979,0.0012962760578392048,-0.04660157607513237
US100,15m,ema20x50,none,0.5dATR,2R,652,-0.021132725021552258,-0.00887530406242451,-0.6793020881766493,0.455521472392638,-0.01442773574093246,-0.02783771430217207,0/2,-0.012257420959127747,0.01592818512193686,-0.05819363516504136
US100,15m,ema20x50,none,0.5dATR,3R,652,-0.013489026459842844,-0.005619161843603289,-0.41744396091519487,0.455521472392638,-0.005376496255188744,-0.021601556664496955,1/2,-0.007869864616239555,0.020021941331749074,-0.04699999425143477
US100,15m,ema20x50,none,0.5dATR,opp,652,-0.014978681526978259,0.00678278206571392,-0.5053430312734297,0.37883435582822084,0.011504606402231912,-0.04146196945618843,1/2,-0.02176146359269218,0.00870343536359776,-0.03866079841755429
US100,15m,ema20x50,1H,2xATR,1R,299,-0.07490436299344923,-0.08677750672631787,-1.4209939194729222,0.47491638795986624,-0.08521705784805131,-0.06466041943787783,0/2,0.01187314373286864,-0.10845725941015573,-0.007120733868789631
US100,15m,ema20x50,1H,2xATR,2R,299,-0.016094616635731612,0.009050054002829717,-0.2299585598216464,0.39464882943143814,-0.030881192630573782,-0.0014066178141883955,1/2,-0.02514467063856133,-0.09183806328715387,0.13692244730653555
US100,15m,ema20x50,1H,2xATR,3R,299,-0.0610230711650645,-0.021328841728832496,-0.7733132190930369,0.34448160535117056,-0.07261729540498951,-0.04950614175340569,0/2,-0.039694229436232006,-0.1197774621301651,0.05767266815837103
US100,15m,ema20x50,1H,2xATR,opp,299,-0.09945467738356696,-0.028779994591317665,-1.2889918351052392,0.3177257525083612,-0.13152721658859529,-0.06759595510657221,0/2,-0.0706746827922493,-0.09794383647898364,-0.10250688123121003
US100,15m,ema20x50,1H,0.5dATR,1R,299,-0.03321880086415004,0.014317210380503376,-0.8049912972833242,0.4882943143812709,-0.017394589423125467,-0.048937517562234474,0/2,-0.04753601124465342,-0.011414243077995772,-0.0772684125533506
US100,15m,ema20x50,1H,0.5dATR,2R,299,-0.03544360304673744,0.003990843884739519,-0.7845264478829227,0.46488294314381273,-0.023532622789989778,-0.047275176768440126,0/2,-0.039434446931476956,-0.027163591196566986,-0.05217089971374844
US100,15m,ema20x50,1H,0.5dATR,3R,299,-0.03625898334504104,0.009264076877547489,-0.7959295043926429,0.46488294314381273,-0.03631670473896696,-0.03620164676040795,0/2,-0.04552306022258853,-0.03089125703760942,-0.04710287487520591
US100,15m,ema20x50,1H,0.5dATR,opp,299,-0.04359034247777935,0.02854888430804886,-1.1081658608038163,0.3879598662207358,-0.02633614923570849,-0.060729507764903067,0/2,-0.07213922678582821,-0.019518788414171456,-0.09221974462648216
US100,15m,ema20x50,4H,2xATR,1R,320,-0.07944269427101144,-0.1009990168288774,-1.5597034425955008,0.459375,-0.07736377546918957,-0.08152161307283334,0/2,0.021556322557865954,-0.10198864651357986,-0.003157075039307313
US100,15m,ema20x50,4H,2xATR,2R,320,-0.03245017951229569,-0.026453855820960107,-0.4845997422216395,0.375,-0.07578351002719809,0.010883151002606718,1/2,-0.005996323691335581,-0.07342665403108715,0.10619624796909462
US100,15m,ema20x50,4H,2xATR,3R,320,-0.05802089907673771,-0.04387397411717491,-0.7655626190894884,0.334375,-0.08959245073306776,-0.026449347420407644,0/2,-0.014146924959562795,-0.07901011150496456,0.012997395029728635
US100,15m,ema20x50,4H,2xATR,opp,320,-0.054704991431020186,-0.04576411710880149,-0.6896852475490559,0.3125,-0.04616750923258646,-0.06324247362945393,0/2,-0.008940874322218701,-0.050781119301157925,-0.06798165466493766
US100,15m,ema20x50,4H,0.5dATR,1R,320,0.014662454254248086,0.01157264075469652,0.3730289098111097,0.5,0.014831238854825993,0.014493669653670178,1/2,0.003089813499551566,0.03514601420471272,-0.05464493352335145
US100,15m,ema20x50,4H,0.5dATR,2R,320,0.010108931472465308,-0.00841524225749497,0.23456272480783666,0.475,0.02735575057392861,-0.007137887628997997,2/2,0.018524173729960278,0.03861244816749301,-0.08633447433125857
US100,15m,ema20x50,4H,0.5dATR,3R,320,0.008771248429356504,-0.009484401769241157,0.20255605108552385,0.475,0.021647641482685498,-0.00410514462397249,2/2,0.01825565019859766,0.03839992501267363,-0.09147920521556581
US100,15m,ema20x50,4H,0.5dATR,opp,320,-0.017263877076421883,-0.009968279136776044,-0.43932377678111056,0.39375,0.017666342587985922,-0.052194096740829685,1/2,-0.0072955979396458395,0.01065736453556304,-0.11173711924300106
US100,15m,macd,none,2xATR,1R,2427,-0.029520109492938297,-0.014383991144171162,-1.5946874527545667,0.48125257519571485,-0.04076420621919179,-0.018285274790347292,0/2,-0.015136118348767135,-0.00294105678322132,-0.0561210740350623
US100,15m,macd,none,2xATR,2R,2427,-0.024907280168797098,-0.01266770874657949,-1.0207634921066193,0.3798928718582612,-0.03182217779573016,-0.01799807850366546,0/2,-0.012239571422217608,-0.020146361952378584,-0.02967212329718297
US100,15m,macd,none,2xATR,3R,2427,-0.027331554018114972,-0.015736117865404957,-0.9852757850379794,0.3477544293366296,-0.02010159500097794,-0.03455555755006491,0/2,-0.011595436152710014,-0.02607707651458144,-0.028587065715798155
US100,15m,macd,none,2xATR,opp,2427,-0.013817808264061638,0.012254392126883302,-0.49864401686038956,0.32797692624639474,-0.019792679218923775,-0.007847858949195265,1/2,-0.02607220039094494,0.005597591549196316,-0.03324921417774274
US100,15m,macd,none,0.5dATR,1R,2427,-0.004632133845997017,0.001942991874997359,-0.3294314226152847,0.48702101359703337,-0.009281719675305403,1.3622011458564347e-05,1/2,-0.006575125720994376,0.01842423158103076,-0.027707506993904448
US100,15m,macd,none,0.5dATR,2R,2427,-0.0031107641667504483,-0.00015804670094499065,-0.19717916836035904,0.4672435105067985,-0.003729566798400446,-0.0024924712572023007,1/2,-0.0029527174658054577,0.030665312312185788,-0.036914685721102125
US100,15m,macd,none,0.5dATR,3R,2427,-0.003397730831750334,0.00029312070205326536,-0.21104972467471533,0.46641944787803874,-0.002329557932986981,-0.004465023851684396,1/2,-0.003690851533803599,0.03646958253125995,-0.04329791089992387
US100,15m,macd,none,0.5dATR,opp,2427,-0.0016425494055640458,0.01600023432113994,-0.14128591327376083,0.34857849196538937,-0.0007734896832134092,-0.0025108932632339938,1/2,-0.017642783726703984,0.01872119218851369,-0.0220230789152181
US100,15m,macd,1H,2xATR,1R,1209,-0.013727150476371932,0.009629294547248347,-0.5213338085404958,0.4904880066170389,-0.04772111990198556,0.020210630570025805,1/2,-0.02335644502362028,0.007050307296232543,-0.050040480083492024
US100,15m,macd,1H,2xATR,2R,1209,-0.000752471564344613,0.04233994950504012,-0.0216274651840015,0.3920595533498759,-0.03154577787441726,0.029989936718769237,1/2,-0.04309242106938473,0.0036671884846189683,-0.008476831968101402
US100,15m,macd,1H,2xATR,3R,1209,-0.01884334998260554,-0.010718099086816228,-0.4769482616789394,0.35401157981803144,-0.03870020703839404,0.0009806858218510918,1/2,-0.008125250895789313,-0.006673175585400035,-0.04011349569044879
US100,15m,macd,1H,2xATR,opp,1209,-0.005201682744429598,0.01490316080361186,-0.13289691036999415,0.3349875930521092,-0.023357958179679547,0.012924582318200104,1/2,-0.020104843548041457,0.005867726674516377,-0.02454799147890568
US100,15m,macd,1H,0.5dATR,1R,1209,-0.014054333022839035,-0.035563314936778695,-0.7022754766690226,0.4913151364764268,-0.040003710218585786,0.011852152640352755,1/2,0.02150898191393966,0.01126084682327409,-0.05829836325388673
US100,15m,macd,1H,0.5dATR,2R,1209,-0.01664087303249054,-0.04254079011159341,-0.7548795395763203,0.4739454094292804,-0.03921940887934656,0.005900342920403747,1/2,0.025899917079102875,0.00804391618668009,-0.05978315237235919
US100,15m,macd,1H,0.5dATR,3R,1209,-0.015433779843286331,-0.04049076240425785,-0.6862527263733016,0.4739454094292804,-0.03801846349578529,0.007113573753588674,1/2,0.025056982560971514,0.01213128682928488,-0.06360999864148464
US100,15m,macd,1H,0.5dATR,opp,1209,-0.010647802143754714,-0.00946150591983319,-0.6739362769095452,0.3531844499586435,-0.015052257707891462,-0.006250626671459515,1/2,-0.0011862962239215236,0.00140329613901676,-0.03170983527887123
US100,15m,macd,4H,2xATR,1R,1210,-0.00906455671737211,0.03177026822569296,-0.34703715107990685,0.5041322314049587,-0.047389204388382164,0.029260090953637942,1/2,-0.04083482494306507,-0.0061350333096382844,-0.01936161287440672
US100,15m,macd,4H,2xATR,2R,1210,-0.03318458216774039,0.03366219807410507,-0.9784557229016768,0.3950413223140496,-0.05458504414028203,-0.011784120195198746,1/2,-0.06684678024184545,-0.02267223040346647,-0.07013471411530021
US100,15m,macd,4H,2xATR,3R,1210,-0.025948679808508665,-0.003248572293784023,-0.6718851988069621,0.3669421487603306,-0.0388515112413925,-0.01304584837562483,1/2,-0.022700107514724642,-0.019391741292506467,-0.04899582936848653
US100,15m,macd,4H,2xATR,opp,1210,-0.0007653761227565282,0.015256143010783516,-0.020920106522682683,0.3528925619834711,-0.026998312324409045,0.025467560078895977,1/2,-0.016021519133540045,0.0003749891198569168,-0.004773674848659024
US100,15m,macd,4H,0.5dATR,1R,1210,-0.003444083560166034,-0.013957454989123779,-0.17324004859522857,0.5099173553719009,-0.03583841784188306,0.028950250721551,1/2,0.010513371428957745,0.00993231550505676,-0.05046112803568791
US100,15m,macd,4H,0.5dATR,2R,1210,0.0006047521978385503,-0.019983951910285392,0.02750196362538354,0.4925619834710744,-0.026458379490111747,0.027667883885788835,1/2,0.020588704108123943,0.013463598097895161,-0.04459313152549474
US100,15m,macd,4H,0.5dATR,3R,1210,0.0005504772378988814,-0.016614861391712938,0.02483464891481017,0.4925619834710744,-0.02636989936700377,0.027470853842801533,1/2,0.01716533862961182,0.01617644886152348,-0.05437364690185624
US100,15m,macd,4H,0.5dATR,opp,1210,-0.0016943935518594004,-0.0019899376640206126,-0.11101342096700709,0.37272727272727274,-0.002335498572519024,-0.0010532885311997783,1/2,0.0002955441121612124,0.007601753655194567,-0.03436965724232522
US100,15m,rsi,none,2xATR,1R,1015,-0.11946412534649196,-0.09266116690738947,-4.172691976910045,0.44532019704433495,-0.1561759584404149,-0.0828245596405492,0/2,-0.02680295843910249,-0.09306464748474304,-0.14151938533225691
US100,15m,rsi,none,2xATR,2R,1015,-0.0990081387029371,-0.10535334674812194,-2.6850626302797176,0.3605911330049261,-0.11795204362405702,-0.08010152493323668,0/2,0.006345208045184838,-0.06116083024007591,-0.1306274090643148
US100,15m,rsi,none,2xATR,3R,1015,-0.13329470653107212,-0.14732679199378396,-3.280462247071198,0.32610837438423645,-0.17713029743941053,-0.08954540615601783,0/2,0.014032085462711846,-0.09303726234975827,-0.16692750799900527
US100,15m,rsi,none,2xATR,opp,1015,-0.14244981459452816,-0.17750466955421507,-3.3470734485125466,0.31822660098522165,-0.16544252127673828,-0.11950236914594446,0/2,0.0350548549596869,-0.07301370914578388,-0.20045972547575758
US100,15m,rsi,none,0.5dATR,1R,1015,-0.0212624320307805,-0.04176906041659596,-0.939691641244961,0.48177339901477834,-0.030109719286451935,-0.012432560694903687,0/2,0.020506628385815465,-0.0028935748660632956,-0.036608565864594884
US100,15m,rsi,none,0.5dATR,2R,1015,-0.042863564257870156,-0.06755731287633972,-1.747536171003401,0.45517241379310347,-0.04734845498411356,-0.03838750205667842,0/2,0.024693748618469565,-0.013432518494747988,-0.0674515265409849
US100,15m,rsi,none,0.5dATR,3R,1015,-0.04341484186645269,-0.06500858617907944,-1.7284251460882798,0.45320197044334976,-0.04303377349491159,-0.04379516010340413,0/2,0.02159374431262675,-0.007231148666659188,-0.07364425643843207
US100,15m,rsi,none,0.5dATR,opp,1015,-0.04166593474737134,-0.06247012084006706,-1.7278839450149124,0.4600985221674877,-0.05140972706911196,-0.03194132311917745,0/2,0.020804186092695725,-0.009666320606068864,-0.06839978959959876
US100,15m,rsi,1H,2xATR,1R,467,-0.13514873794188348,-0.09474902986007633,-3.230642771277488,0.4411134903640257,-0.1438310488918296,-0.12650353088488583,0/2,-0.04039970808180716,-0.15256733568966802,-0.11127553290684881
US100,15m,rsi,1H,2xATR,2R,467,-0.07103316358629819,-0.07026846114055896,-1.3062855559351805,0.3747323340471092,-0.07545854632386415,-0.06662669274077311,0/2,-0.0007647024457392319,-0.08318302992312049,-0.054381062515526477
US100,15m,rsi,1H,2xATR,3R,467,-0.13859439675773763,-0.09261351311374025,-2.3678406512536636,0.33190578158458245,-0.1732730164141729,-0.10406397633060341,0/2,-0.04598088364399738,-0.1587062225061174,-0.11102996552899376
US100,15m,rsi,1H,2xATR,opp,467,-0.12381586265187147,-0.09005877913350392,-1.9323525735084917,0.32548179871520344,-0.12996207995307332,-0.11769591123657219,0/2,-0.03375708351836755,-0.11926411870236135,-0.13005429344561625
US100,15m,rsi,1H,0.5dATR,1R,467,-0.02117968580435598,-0.0004923808816980693,-0.6269601762346617,0.49464668094218417,-0.04455789826364804,0.0020986197640843985,0/2,-0.020687304922657912,-0.03565314146228156,-0.0013429699280112773
US100,15m,rsi,1H,0.5dATR,2R,467,-0.05150080468509254,-0.017672202899607442,-1.4240310738924546,0.4668094218415418,-0.08547210059416338,-0.017674685254265604,0/2,-0.0338286017854851,-0.06831896982898027,-0.02845052758433275
US100,15m,rsi,1H,0.5dATR,3R,467,-0.0468663865857482,-0.00796782212433024,-1.2518156456552645,0.4668094218415418,-0.06780723141025834,-0.026015032551086406,0/2,-0.03889856446141796,-0.061406424677751946,-0.026938415596707548
US100,15m,rsi,1H,0.5dATR,opp,467,-0.050469588514070886,-0.015638625250055965,-1.4009045186862585,0.4668094218415418,-0.08665755791391559,-0.014436268556105853,0/2,-0.03483096326401492,-0.053196668392013785,-0.0467319663463319
US100,15m,rsi,4H,2xATR,1R,482,-0.11501362575475657,-0.051052490967739034,-2.7841352290902033,0.45020746887966806,-0.18986689358163597,-0.040160357927877206,0/2,-0.06396113478701754,-0.12138243741922426,-0.09758579228532172
US100,15m,rsi,4H,2xATR,2R,482,-0.0737338407003149,-0.04614983945719933,-1.3918715608342038,0.3796680497925311,-0.12183337993953841,-0.02563430146109138,0/2,-0.027584001243115566,-0.07696829525815267,-0.06488296892576646
US100,15m,rsi,4H,2xATR,3R,482,-0.0889798368931362,-0.0957019908811769,-1.5247963489277059,0.35269709543568467,-0.1667990908409605,-0.01116058294531191,0/2,0.006722153988040696,-0.11010361098677314,-0.031176020962486194
US100,15m,rsi,4H,2xATR,opp,482,-0.08407486035348215,-0.09902994884281525,-1.3431379876608647,0.34439834024896265,-0.12005541699087091,-0.04809430371609337,0/2,0.01495508848933311,-0.09919806564066905,-0.04269120557536596
US100,15m,rsi,4H,0.5dATR,1R,482,-0.03349766576265474,0.01810448818667936,-0.9880463179045476,0.49377593360995853,-0.0811170355153494,0.014121703990039905,1/2,-0.0516021539493341,-0.02453968380530008,-0.058010593134330705
US100,15m,rsi,4H,0.5dATR,2R,482,-0.04188315997210045,0.007062299619160828,-1.1419055352618486,0.475103734439834,-0.08875773248685757,0.004991412542656691,0/2,-0.04894545959126128,-0.03790526140968009,-0.05276841727856852
US100,15m,rsi,4H,0.5dATR,3R,482,-0.04990652042811445,0.011682382802610004,-1.3655134726225524,0.4730290456431535,-0.08586288348591031,-0.01395015737031858,0/2,-0.061588903230724454,-0.043087996147761404,-0.06856496283869293
US100,15m,rsi,4H,0.5dATR,opp,482,-0.047691097845043814,0.013816771506887343,-1.3079621194236313,0.46887966804979253,-0.0803726926736776,-0.015009503016410046,0/2,-0.06150786935193116,-0.043541961870081754,-0.05904493504784698
