leader,laggard,tf,N,side,rr,n,avgR,t,hit,n_base,base,hit_base,t_vs_base,is_,oos,by_year
EURUSD,GBPUSD,M15,120,low/sell,1.0000,843,-0.1260,-3.7606,0.4401,1517,-0.0611,0.3059,-1.6322,-0.1270,-0.1227,15:-0.17 16:-0.02 17:-0.09 18:-0.11 19:-0.20 20:-0.18 21:-0.19 22:-0.02 23:-0.20 24:-0.21 25:-0.01 26:-0.14
EURUSD,GBPUSD,M15,120,low/sell,2.0000,843,-0.2266,-4.6507,0.3060,1517,-0.0978,0.2386,-2.1920,-0.2104,-0.2843,15:-0.25 16:-0.28 17:-0.09 18:-0.18 19:-0.21 20:-0.25 21:-0.44 22:+0.08 23:-0.28 24:-0.42 25:-0.30 26:-0.10
EURUSD,GBPUSD,M15,120,high/buy,1.0000,778,-0.1805,-5.1206,0.4152,1542,-0.0729,0.2996,-2.6128,-0.1734,-0.2068,15:-0.43 16:-0.23 17:-0.11 18:-0.01 19:-0.04 20:-0.13 21:-0.25 22:-0.09 23:-0.28 24:-0.14 25:-0.30 26:-0.17
EURUSD,GBPUSD,M15,120,high/buy,2.0000,778,-0.3839,-7.7969,0.2558,1542,-0.1208,0.2263,-4.4649,-0.3321,-0.5766,15:-0.61 16:-0.45 17:-0.06 18:-0.32 19:-0.46 20:-0.31 21:-0.29 22:-0.16 23:-0.38 24:-0.31 25:-0.76 26:-0.70
EURUSD,GBPUSD,M15,24,low/sell,1.0000,2948,-0.2021,-11.3352,0.4210,7886,-0.0940,0.2947,-5.3908,-0.1985,-0.2153,15:-0.30 16:-0.15 17:-0.12 18:-0.20 19:-0.14 20:-0.28 21:-0.22 22:-0.21 23:-0.18 24:-0.25 25:-0.27 26:-0.12
EURUSD,GBPUSD,M15,24,low/sell,2.0000,2948,-0.3937,-15.1117,0.2887,7886,-0.1920,0.2190,-6.8197,-0.3663,-0.4948,15:-0.59 16:-0.29 17:-0.21 18:-0.38 19:-0.30 20:-0.35 21:-0.47 22:-0.39 23:-0.35 24:-0.47 25:-0.58 26:-0.43
EURUSD,GBPUSD,M15,24,high/buy,1.0000,2939,-0.2937,-16.2518,0.3862,7847,-0.1099,0.2948,-9.0410,-0.2875,-0.3185,15:-0.30 16:-0.31 17:-0.31 18:-0.29 19:-0.15 20:-0.12 21:-0.41 22:-0.34 23:-0.39 24:-0.31 25:-0.25 26:-0.44
EURUSD,GBPUSD,M15,24,high/buy,2.0000,2939,-0.5064,-19.5458,0.2627,7847,-0.2096,0.2169,-10.0640,-0.4877,-0.5814,15:-0.49 16:-0.54 17:-0.49 18:-0.60 19:-0.36 20:-0.25 21:-0.63 22:-0.46 23:-0.60 24:-0.54 25:-0.52 26:-0.75
EURUSD,GBPUSD,H1,120,low/sell,1.0000,228,-0.0649,-1.0082,0.4561,362,0.0078,0.3122,-0.9365,-0.0974,0.0537,15:-0.01 16:-0.01 17:+0.04 18:-0.05 19:-0.38 20:-0.27 21:-0.28 22:+0.12 23:+0.04 24:-0.03 25:+0.10 26:+0.13
EURUSD,GBPUSD,H1,120,low/sell,2.0000,228,-0.1215,-1.3131,0.3158,362,-0.0609,0.2238,-0.5315,-0.2010,0.1687,15:-0.01 16:-0.28 17:-0.30 18:+0.13 19:-0.33 20:-0.13 21:-0.66 22:+0.23 23:-0.50 24:+0.27 25:+0.13 26:+0.06
EURUSD,GBPUSD,H1,120,high/buy,1.0000,216,-0.1509,-2.2592,0.4259,384,0.0192,0.3333,-2.1447,-0.1142,-0.2795,15:-0.06 16:-0.13 17:+0.12 18:-0.12 19:+0.05 20:-0.18 21:-0.49 22:-0.04 23:-0.33 24:-0.43 25:+0.06 26:-0.78
EURUSD,GBPUSD,H1,120,high/buy,2.0000,216,-0.1849,-1.9405,0.3009,384,0.0295,0.2578,-1.8453,-0.0989,-0.4862,15:+0.38 16:-0.73 17:+0.15 18:+0.10 19:+0.19 20:+0.12 21:-1.01 22:-0.29 23:-0.18 24:-0.52 25:-0.30 26:-0.85
EURUSD,GBPUSD,H1,24,low/sell,1.0000,768,-0.1748,-5.0248,0.4115,2028,-0.0725,0.2968,-2.5942,-0.1525,-0.2710,15:-0.07 16:+0.04 17:-0.23 18:-0.31 19:-0.17 20:-0.18 21:-0.14 22:-0.13 23:-0.21 24:-0.29 25:-0.28 26:-0.23
EURUSD,GBPUSD,H1,24,low/sell,2.0000,768,-0.3056,-6.1673,0.2786,2028,-0.1403,0.2199,-2.9024,-0.2830,-0.4024,15:-0.27 16:-0.25 17:-0.32 18:-0.41 19:-0.21 20:-0.26 21:-0.33 22:-0.02 23:-0.48 24:-0.52 25:-0.34 26:-0.32
EURUSD,GBPUSD,H1,24,high/buy,1.0000,684,-0.1470,-3.9414,0.4225,2084,-0.0909,0.2932,-1.3487,-0.1391,-0.1806,15:-0.09 16:-0.13 17:+0.03 18:-0.10 19:-0.14 20:+0.04 21:-0.40 22:-0.34 23:-0.19 24:+0.03 25:-0.23 26:-0.47
EURUSD,GBPUSD,H1,24,high/buy,2.0000,684,-0.3083,-5.7975,0.2792,2084,-0.1478,0.2145,-2.6808,-0.2961,-0.3596,15:-0.08 16:-0.33 17:-0.01 18:-0.41 19:-0.16 20:-0.35 21:-0.53 22:-0.44 23:-0.38 24:-0.08 25:-0.41 26:-0.74
EURUSD,GBPUSD,H4,120,low/sell,1.0000,60,-0.0333,-0.2718,0.4333,93,-0.0473,0.2796,0.0939,-0.0053,-0.1254,15:+0.19 16:+0.26 17:-0.14 18:-1.08 19:+0.20 20:-0.24 21:+0.18 22:+0.58 23:-0.35 24:-0.38 25:-0.02 26:+0.18
EURUSD,GBPUSD,H4,120,low/sell,2.0000,60,-0.0395,-0.2176,0.3167,93,-0.1139,0.1935,0.3376,0.0695,-0.3975,15:+0.78 16:-0.49 17:+0.21 18:-1.16 19:-0.24 20:-0.47 21:+0.64 22:+1.37 23:-0.03 24:-1.04 25:-1.03 26:+0.76
EURUSD,GBPUSD,H4,120,high/buy,1.0000,55,0.1124,0.8370,0.5636,95,-0.0475,0.2526,1.0117,0.0083,0.5805,15:-0.52 16:+0.17 17:+0.48 18:-1.01 19:+0.13 20:+0.98 21:-0.69 22:-0.53 23:-0.02 24:+0.99 25:+0.31 26:+0.99
EURUSD,GBPUSD,H4,120,high/buy,2.0000,55,0.2573,1.2656,0.4364,95,-0.2516,0.1579,2.1565,0.2120,0.4610,15:-0.28 16:+0.75 17:+0.46 18:-1.03 19:-0.29 20:+1.97 21:-0.58 22:-0.31 23:-0.03 24:+1.97 25:-0.05 26:+0.48
EURUSD,GBPUSD,H4,24,low/sell,1.0000,211,-0.1491,-2.2511,0.3981,494,-0.1114,0.2713,-0.4958,-0.1444,-0.1663,15:+0.15 16:-0.21 17:-0.10 18:-0.32 19:-0.25 20:+0.13 21:-0.41 22:+0.30 23:-0.46 24:-0.39 25:-0.06 26:+0.09
EURUSD,GBPUSD,H4,24,low/sell,2.0000,211,-0.1355,-1.4197,0.2986,494,-0.1463,0.2105,0.0972,-0.1760,0.0138,15:+0.36 16:-0.13 17:-0.01 18:-0.56 19:-0.33 20:+0.27 21:-0.43 22:+0.34 23:-1.06 24:-0.41 25:+0.08 26:+0.61
EURUSD,GBPUSD,H4,24,high/buy,1.0000,189,-0.1023,-1.4555,0.4180,522,-0.0275,0.2989,-0.9463,-0.1047,-0.0915,15:+0.03 16:-0.06 17:-0.05 18:+0.08 19:+0.01 20:+0.09 21:-0.60 22:-0.19 23:-0.29 24:-0.15 25:+0.01 26:-0.23
EURUSD,GBPUSD,H4,24,high/buy,2.0000,189,-0.1790,-1.7838,0.2804,522,-0.0633,0.2261,-1.0112,-0.1083,-0.4904,15:+0.32 16:-0.14 17:-0.20 18:+0.16 19:-0.37 20:+0.15 21:-0.56 22:-0.06 23:-0.27 24:-0.76 25:-0.11 26:-0.81
GBPUSD,EURUSD,M15,120,low/sell,1.0000,789,-0.1218,-3.4559,0.4474,1503,-0.0630,0.3021,-1.4260,-0.0983,-0.2056,15:-0.14 16:-0.02 17:-0.04 18:-0.03 19:+0.10 20:-0.29 21:-0.29 22:-0.13 23:-0.20 24:-0.18 25:-0.13 26:-0.36
GBPUSD,EURUSD,M15,120,low/sell,2.0000,789,-0.2561,-5.0201,0.3042,1503,-0.1488,0.2176,-1.7745,-0.2320,-0.3419,15:-0.44 16:-0.13 17:-0.18 18:-0.00 19:+0.05 20:-0.44 21:-0.68 22:-0.25 23:-0.28 24:-0.07 25:-0.45 26:-0.54
GBPUSD,EURUSD,M15,120,high/buy,1.0000,792,-0.1300,-3.7147,0.4419,1510,-0.0606,0.2921,-1.7005,-0.1091,-0.1929,15:-0.05 16:+0.08 17:+0.08 18:-0.19 19:+0.22 20:-0.19 21:-0.39 22:-0.26 23:-0.36 24:-0.26 25:-0.13 26:-0.18
GBPUSD,EURUSD,M15,120,high/buy,2.0000,792,-0.2605,-5.1555,0.2992,1510,-0.0947,0.2245,-2.7601,-0.2394,-0.3236,15:-0.13 16:-0.13 17:-0.02 18:-0.37 19:+0.26 20:-0.49 21:-0.54 22:-0.31 23:-0.58 24:-0.46 25:-0.10 26:-0.45
GBPUSD,EURUSD,M15,24,low/sell,1.0000,2718,-0.2163,-11.4060,0.4169,7813,-0.1286,0.2868,-4.1489,-0.1993,-0.2812,15:-0.25 16:-0.19 17:-0.15 18:-0.29 19:+0.05 20:-0.29 21:-0.29 22:-0.18 23:-0.37 24:-0.33 25:-0.25 26:-0.26
GBPUSD,EURUSD,M15,24,low/sell,2.0000,2718,-0.4136,-14.9116,0.2862,7813,-0.2356,0.2143,-5.7183,-0.3868,-0.5157,15:-0.43 16:-0.37 17:-0.39 18:-0.43 19:-0.10 20:-0.53 21:-0.53 22:-0.29 23:-0.65 24:-0.51 25:-0.53 26:-0.50
GBPUSD,EURUSD,M15,24,high/buy,1.0000,2870,-0.2345,-12.6282,0.4164,7651,-0.0923,0.2951,-6.8382,-0.2036,-0.3408,15:-0.12 16:-0.11 17:-0.24 18:-0.25 19:+0.01 20:-0.35 21:-0.32 22:-0.24 23:-0.35 24:-0.40 25:-0.23 26:-0.43
GBPUSD,EURUSD,M15,24,high/buy,2.0000,2870,-0.4195,-15.3634,0.2909,7651,-0.1979,0.2163,-7.1895,-0.3601,-0.6236,15:-0.21 16:-0.23 17:-0.40 18:-0.46 19:+0.04 20:-0.63 21:-0.45 22:-0.39 23:-0.71 24:-0.74 25:-0.40 26:-0.80
GBPUSD,EURUSD,H1,120,low/sell,1.0000,222,-0.0293,-0.4411,0.4865,372,0.0009,0.3253,-0.3808,-0.0083,-0.1051,15:-0.05 16:+0.37 17:-0.03 18:-0.10 19:+0.34 20:-0.64 21:+0.38 22:-0.03 23:-0.39 24:-0.03 25:-0.13 26:-0.18
GBPUSD,EURUSD,H1,120,low/sell,2.0000,222,-0.1288,-1.3528,0.3198,372,-0.0724,0.2258,-0.4860,-0.0546,-0.3977,15:-0.24 16:+0.35 17:+0.06 18:-0.31 19:+0.47 20:-0.56 21:+0.40 22:-0.36 23:-0.30 24:-0.28 25:-0.27 26:-0.74
GBPUSD,EURUSD,H1,120,high/buy,1.0000,230,-0.1160,-1.7778,0.4435,373,-0.0666,0.2815,-0.6331,-0.0613,-0.2943,15:-0.12 16:+0.08 17:-0.07 18:-0.08 19:+0.38 20:-0.05 21:-0.46 22:+0.14 23:-0.34 24:-0.48 25:+0.01 26:-0.50
GBPUSD,EURUSD,H1,120,high/buy,2.0000,230,-0.1252,-1.3245,0.3174,373,-0.1248,0.2091,-0.0032,-0.0853,-0.2553,15:-0.18 16:+0.17 17:+0.11 18:-0.03 19:+0.36 20:-0.43 21:-0.60 22:+0.28 23:-0.37 24:-0.29 25:-0.22 26:-0.26
GBPUSD,EURUSD,H1,24,low/sell,1.0000,734,-0.0844,-2.3675,0.4373,2018,-0.0981,0.2934,0.3404,-0.0541,-0.2065,15:-0.16 16:+0.21 17:-0.14 18:-0.01 19:+0.13 20:-0.22 21:+0.01 22:-0.19 23:-0.22 24:-0.20 25:-0.05 26:-0.46
GBPUSD,EURUSD,H1,24,low/sell,2.0000,734,-0.2262,-4.3759,0.2888,2018,-0.1651,0.2141,-1.0397,-0.2017,-0.3251,15:-0.40 16:+0.04 17:-0.19 18:-0.20 19:+0.20 20:-0.48 21:-0.33 22:-0.40 23:-0.30 24:-0.37 25:-0.09 26:-0.63
GBPUSD,EURUSD,H1,24,high/buy,1.0000,745,-0.1031,-2.9530,0.4201,2053,-0.0693,0.3010,-0.8581,-0.1206,-0.0423,15:-0.02 16:-0.22 17:-0.16 18:-0.13 19:+0.21 20:+0.01 21:-0.32 22:-0.43 23:-0.21 24:-0.07 25:+0.01 26:-0.07
GBPUSD,EURUSD,H1,24,high/buy,2.0000,745,-0.1844,-3.6291,0.2993,2053,-0.1310,0.2207,-0.9232,-0.1951,-0.1475,15:-0.18 16:-0.21 17:-0.22 18:-0.26 19:+0.35 20:-0.18 21:-0.40 22:-0.56 23:-0.35 24:-0.19 25:-0.15 26:-0.08
GBPUSD,EURUSD,H4,120,low/sell,1.0000,59,-0.2246,-1.7462,0.3898,98,0.0369,0.3367,-1.6935,-0.2350,-0.1879,15:-0.02 16:-0.62 17:-0.68 18:-0.38 19:+0.98 20:-1.06 21:+0.13 22:-0.52 23:-0.07 24:-1.23 25:-0.02 26:+0.94
GBPUSD,EURUSD,H4,120,low/sell,2.0000,59,-0.3972,-2.2601,0.2373,98,0.0684,0.2653,-2.1172,-0.4250,-0.2989,15:-0.53 16:-0.52 17:-0.69 18:-0.59 19:+0.46 20:-1.13 21:+0.09 22:-1.04 23:-0.14 24:-1.45 25:+0.47 26:+0.37
GBPUSD,EURUSD,H4,120,high/buy,1.0000,60,-0.0258,-0.2021,0.4667,93,0.0487,0.3333,-0.4860,-0.0366,0.0065,15:+0.37 16:-0.28 17:+0.10 18:-0.35 19:-0.12 20:-0.12 21:+0.13 22:-0.00 23:-0.01 24:+0.56 25:-0.02 26:-0.65
GBPUSD,EURUSD,H4,120,high/buy,2.0000,60,-0.1831,-0.9995,0.3000,93,-0.0336,0.2366,-0.6634,-0.1580,-0.2582,15:-0.01 16:-0.28 17:+0.63 18:-0.04 19:-1.03 20:-0.71 21:+0.07 22:+0.49 23:-0.02 24:+0.73 25:-0.54 26:-1.06
GBPUSD,EURUSD,H4,24,low/sell,1.0000,200,-0.0044,-0.0654,0.4650,503,-0.0120,0.3300,0.0971,0.0408,-0.1854,15:+0.10 16:+0.31 17:+0.06 18:+0.32 19:+0.12 20:-0.33 21:+0.11 22:-0.34 23:-0.10 24:-0.52 25:+0.00 26:-0.06
GBPUSD,EURUSD,H4,24,low/sell,2.0000,200,-0.1311,-1.3155,0.3100,503,-0.0119,0.2505,-1.0338,-0.0091,-0.6192,15:-0.09 16:+0.48 17:+0.31 18:+0.43 19:+0.08 20:-0.71 21:+0.09 22:-0.50 23:-0.36 24:-0.82 25:-0.52 26:-0.52
GBPUSD,EURUSD,H4,24,high/buy,1.0000,210,-0.0498,-0.7455,0.4524,497,-0.0089,0.3058,-0.5364,-0.0094,-0.1826,15:-0.26 16:+0.18 17:-0.07 18:+0.12 19:+0.37 20:+0.35 21:-0.48 22:-0.16 23:-0.26 24:+0.13 25:-0.30 26:-0.41
GBPUSD,EURUSD,H4,24,high/buy,2.0000,210,-0.2299,-2.4057,0.2857,497,0.0695,0.2616,-2.6771,-0.1576,-0.4673,15:-0.56 16:+0.24 17:-0.25 18:-0.13 19:+0.25 20:+0.04 21:-0.53 22:-0.13 23:-0.37 24:-0.03 25:-0.77 26:-0.59
AUDUSD,NZDUSD,M15,120,low/sell,1.0000,661,-0.1934,-5.0132,0.4569,1498,-0.0492,0.3037,-3.2772,-0.1708,-0.2690,15:-0.18 16:-0.12 17:-0.14 18:-0.09 19:-0.09 20:-0.17 21:-0.27 22:-0.30 23:-0.14 24:-0.31 25:-0.31 26:-0.16
AUDUSD,NZDUSD,M15,120,low/sell,2.0000,661,-0.3927,-7.2215,0.2935,1498,-0.0962,0.2330,-4.6791,-0.3827,-0.4263,15:-0.48 16:-0.44 17:-0.44 18:-0.08 19:-0.25 20:-0.37 21:-0.45 22:-0.53 23:-0.35 24:-0.47 25:-0.51 26:-0.28
AUDUSD,NZDUSD,M15,120,high/buy,1.0000,687,-0.1931,-5.0965,0.4498,1511,-0.0876,0.2866,-2.4260,-0.2206,-0.0934,15:-0.26 16:-0.30 17:-0.10 18:-0.35 19:-0.20 20:-0.13 21:-0.31 22:-0.17 23:-0.19 24:-0.07 25:-0.02 26:-0.22
AUDUSD,NZDUSD,M15,120,high/buy,2.0000,687,-0.3085,-5.6478,0.3173,1511,-0.1576,0.2098,-2.3806,-0.3373,-0.2043,15:-0.45 16:-0.55 17:-0.15 18:-0.59 19:-0.34 20:-0.10 21:-0.43 22:-0.32 23:-0.19 24:-0.08 25:-0.08 26:-0.52
AUDUSD,NZDUSD,M15,24,low/sell,1.0000,1946,-0.2307,-10.2516,0.4445,7646,-0.0904,0.3009,-5.7587,-0.2226,-0.2586,15:-0.32 16:-0.11 17:-0.22 18:-0.19 19:-0.27 20:-0.36 21:-0.09 22:-0.22 23:-0.23 24:-0.30 25:-0.29 26:-0.16
AUDUSD,NZDUSD,M15,24,low/sell,2.0000,1946,-0.4385,-13.3741,0.3063,7646,-0.1779,0.2312,-7.2714,-0.4178,-0.5096,15:-0.59 16:-0.31 17:-0.43 18:-0.24 19:-0.59 20:-0.41 21:-0.28 22:-0.47 23:-0.53 24:-0.73 25:-0.49 26:-0.22
AUDUSD,NZDUSD,M15,24,high/buy,1.0000,2028,-0.2781,-12.7748,0.4285,7558,-0.1330,0.2745,-6.1302,-0.2549,-0.3550,15:-0.27 16:-0.18 17:-0.10 18:-0.26 19:-0.30 20:-0.20 21:-0.40 22:-0.30 23:-0.28 24:-0.30 25:-0.36 26:-0.41
AUDUSD,NZDUSD,M15,24,high/buy,2.0000,2028,-0.5145,-16.5591,0.2885,7558,-0.2647,0.2073,-7.3095,-0.4902,-0.5954,15:-0.52 16:-0.35 17:-0.32 18:-0.51 19:-0.63 20:-0.38 21:-0.69 22:-0.50 23:-0.53 24:-0.67 25:-0.58 26:-0.54
AUDUSD,NZDUSD,H1,120,low/sell,1.0000,185,0.0007,0.0098,0.5459,380,-0.0189,0.3026,0.2322,-0.0113,0.0471,15:+0.16 16:-0.13 17:-0.03 18:-0.06 19:-0.05 20:+0.26 21:-0.05 22:-0.22 23:+0.07 24:+0.06 25:-0.13 26:+0.29
AUDUSD,NZDUSD,H1,120,low/sell,2.0000,185,-0.1868,-1.7477,0.3405,380,-0.0422,0.2289,-1.1552,-0.2866,0.1995,15:-0.34 16:-0.96 17:-0.29 18:-0.49 19:+0.14 20:+0.44 21:-0.32 22:-0.50 23:+0.10 24:+0.53 25:-0.39 26:+0.58
AUDUSD,NZDUSD,H1,120,high/buy,1.0000,195,-0.0547,-0.7621,0.5077,358,-0.0271,0.2933,-0.3291,-0.0725,-0.0043,15:+0.14 16:+0.19 17:+0.12 18:-0.11 19:-0.17 20:-0.21 21:-0.39 22:+0.01 23:-0.25 24:+0.12 25:-0.01 26:-0.14
AUDUSD,NZDUSD,H1,120,high/buy,2.0000,195,-0.2094,-2.0536,0.3231,358,-0.0496,0.2235,-1.3095,-0.1694,-0.3224,15:+0.26 16:+0.38 17:-0.34 18:+0.07 19:-0.60 20:-0.24 21:-1.01 22:+0.15 23:-0.13 24:-0.31 25:-0.46 26:-0.15
AUDUSD,NZDUSD,H1,24,low/sell,1.0000,526,-0.1530,-3.5428,0.4677,2041,-0.0789,0.2994,-1.5797,-0.1397,-0.2058,15:-0.26 16:-0.26 17:-0.13 18:-0.14 19:+0.01 20:+0.07 21:-0.26 22:-0.15 23:-0.10 24:-0.27 25:-0.25 26:-0.07
AUDUSD,NZDUSD,H1,24,low/sell,2.0000,526,-0.3200,-5.1432,0.3175,2041,-0.1370,0.2278,-2.6815,-0.3061,-0.3748,15:-0.38 16:-0.65 17:-0.27 18:-0.19 19:+0.05 20:-0.03 21:-0.39 22:-0.35 23:-0.50 24:-0.62 25:-0.52 26:+0.12
AUDUSD,NZDUSD,H1,24,high/buy,1.0000,597,-0.2049,-5.0292,0.4422,2023,-0.0780,0.2936,-2.8409,-0.1859,-0.2722,15:-0.19 16:-0.07 17:-0.17 18:-0.27 19:-0.13 20:-0.04 21:-0.40 22:-0.17 23:-0.25 24:-0.12 25:-0.40 26:-0.32
AUDUSD,NZDUSD,H1,24,high/buy,2.0000,597,-0.3851,-6.7026,0.2915,2023,-0.1322,0.2264,-3.9524,-0.3726,-0.4296,15:-0.45 16:-0.26 17:-0.26 18:-0.25 19:-0.27 20:-0.16 21:-0.78 22:-0.42 23:-0.50 24:-0.44 25:-0.41 26:-0.44
AUDUSD,NZDUSD,H4,120,low/sell,1.0000,49,-0.0486,-0.3367,0.4898,90,0.0419,0.3556,-0.5362,-0.0979,0.1440,15:+0.47 16:-0.11 17:+0.48 18:+0.07 19:-0.71 20:-0.05 21:-0.63 22:+0.96 23:-1.06 24:-0.26 25:-0.06 26:+0.95
AUDUSD,NZDUSD,H4,120,low/sell,2.0000,49,-0.3649,-1.8996,0.2449,90,0.0771,0.2778,-1.8570,-0.4040,-0.2121,15:-0.89 16:+0.28 17:-0.30 18:-0.29 19:-0.61 20:+0.40 21:-0.46 22:-1.07 23:-1.11 24:-0.51 25:+0.38 26:-0.10
AUDUSD,NZDUSD,H4,120,high/buy,1.0000,53,0.0257,0.1869,0.5283,93,0.0469,0.3226,-0.1316,0.1272,-0.2867,15:+0.95 16:+0.57 17:+0.15 18:+0.98 19:-0.27 20:-0.62 21:-0.52 22:+0.12 23:+0.41 24:-0.53 25:+0.43 26:-0.66
AUDUSD,NZDUSD,H4,120,high/buy,2.0000,53,0.0514,0.2531,0.3774,93,0.2088,0.3011,-0.6442,0.2045,-0.4196,15:+1.90 16:+0.81 17:+0.70 18:+0.47 19:-0.55 20:-1.03 21:-0.29 22:+0.04 23:+0.42 24:-0.31 25:-0.40 26:-0.52
AUDUSD,NZDUSD,H4,24,low/sell,1.0000,159,-0.0754,-0.9576,0.4780,495,-0.0090,0.3152,-0.7623,-0.1125,0.1060,15:+0.48 16:-0.03 17:-0.05 18:+0.12 19:-0.39 20:+0.35 21:-0.28 22:-0.47 23:-0.69 24:+0.25 25:-0.22 26:+0.29
AUDUSD,NZDUSD,H4,24,low/sell,2.0000,159,-0.2999,-2.7475,0.2704,495,-0.0072,0.2465,-2.3708,-0.3516,-0.0472,15:+0.10 16:+0.15 17:-0.42 18:-0.51 19:-0.64 20:-0.06 21:-0.31 22:-0.84 23:-0.74 24:-0.16 25:-0.22 26:+0.24
AUDUSD,NZDUSD,H4,24,high/buy,1.0000,170,-0.0899,-1.1774,0.4824,503,-0.0576,0.2942,-0.3809,-0.1477,0.1040,15:-0.33 16:+0.03 17:+0.19 18:+0.06 19:+0.26 20:-0.15 21:-0.82 22:-0.28 23:-0.17 24:-0.26 25:+0.35 26:+0.10
AUDUSD,NZDUSD,H4,24,high/buy,2.0000,170,-0.1330,-1.1891,0.3412,503,-0.1505,0.2068,0.1402,-0.1734,0.0029,15:-0.29 16:+0.12 17:+0.30 18:+0.03 19:-0.18 20:+0.08 21:-0.97 22:-0.36 23:-0.27 24:-0.23 25:-0.23 26:+0.41
NZDUSD,AUDUSD,M15,120,low/sell,1.0000,713,-0.1980,-5.2876,0.4516,1510,-0.0430,0.2940,-3.6133,-0.1928,-0.2137,15:-0.13 16:-0.15 17:-0.33 18:+0.12 19:-0.15 20:-0.24 21:-0.32 22:-0.34 23:-0.24 24:-0.16 25:-0.40 26:-0.05
NZDUSD,AUDUSD,M15,120,low/sell,2.0000,713,-0.3625,-6.9042,0.2959,1510,-0.1017,0.2166,-4.2412,-0.3236,-0.4787,15:-0.12 16:-0.19 17:-0.49 18:-0.04 19:-0.22 20:-0.53 21:-0.37 22:-0.43 23:-0.58 24:-0.52 25:-0.52 26:-0.38
NZDUSD,AUDUSD,M15,120,high/buy,1.0000,735,-0.1757,-4.7244,0.4707,1544,-0.0692,0.2986,-2.4885,-0.1394,-0.3064,15:+0.07 16:-0.29 17:-0.16 18:-0.22 19:-0.07 20:-0.04 21:-0.34 22:-0.10 23:-0.05 24:-0.27 25:-0.59 26:-0.00
NZDUSD,AUDUSD,M15,120,high/buy,2.0000,735,-0.3980,-7.6323,0.2925,1544,-0.1148,0.2254,-4.6212,-0.3384,-0.6120,15:-0.17 16:-0.62 17:-0.26 18:-0.35 19:-0.22 20:-0.05 21:-0.82 22:-0.07 23:-0.43 24:-0.69 25:-0.84 26:-0.23
NZDUSD,AUDUSD,M15,24,low/sell,1.0000,2246,-0.2722,-13.0142,0.4256,7909,-0.0976,0.2874,-7.6432,-0.2646,-0.2975,15:-0.32 16:-0.26 17:-0.23 18:-0.26 19:-0.20 20:-0.16 21:-0.38 22:-0.42 23:-0.17 24:-0.34 25:-0.36 26:-0.19
NZDUSD,AUDUSD,M15,24,low/sell,2.0000,2246,-0.5059,-17.1340,0.2805,7909,-0.1852,0.2173,-9.8040,-0.4889,-0.5629,15:-0.50 16:-0.44 17:-0.46 18:-0.37 19:-0.47 20:-0.23 21:-0.73 22:-0.64 23:-0.58 24:-0.63 25:-0.59 26:-0.46
NZDUSD,AUDUSD,M15,24,high/buy,1.0000,2261,-0.2634,-12.4091,0.4458,7943,-0.1122,0.2887,-6.5317,-0.2439,-0.3318,15:-0.23 16:-0.24 17:-0.26 18:-0.25 19:-0.21 20:-0.21 21:-0.43 22:-0.11 23:-0.26 24:-0.33 25:-0.45 26:-0.21
NZDUSD,AUDUSD,M15,24,high/buy,2.0000,2261,-0.5025,-16.7493,0.2923,7943,-0.2126,0.2150,-8.7527,-0.4582,-0.6584,15:-0.36 16:-0.47 17:-0.51 18:-0.52 19:-0.32 20:-0.44 21:-0.76 22:-0.26 23:-0.47 24:-0.76 25:-0.64 26:-0.55
NZDUSD,AUDUSD,H1,120,low/sell,1.0000,206,-0.1384,-1.9688,0.4660,359,0.0096,0.2869,-1.8116,-0.1750,-0.0240,15:-0.26 16:-0.26 17:-0.22 18:-0.26 19:+0.21 20:+0.02 21:-0.28 22:-0.43 23:-0.07 24:+0.09 25:-0.28 26:+0.14
NZDUSD,AUDUSD,H1,120,low/sell,2.0000,206,-0.2270,-2.2802,0.3155,359,-0.0766,0.2089,-1.2647,-0.2376,-0.1941,15:-0.20 16:-0.31 17:-0.34 18:-0.45 19:+0.09 20:-0.20 21:+0.00 22:-0.56 23:-0.20 24:+0.36 25:-0.61 26:-0.28
NZDUSD,AUDUSD,H1,120,high/buy,1.0000,196,-0.1835,-2.5695,0.4388,387,-0.0863,0.2894,-1.1692,-0.1415,-0.3203,15:-0.15 16:-0.13 17:-0.22 18:-0.48 19:+0.13 20:-0.06 21:-0.26 22:+0.09 23:-0.15 24:-0.23 25:-0.67 26:+0.23
NZDUSD,AUDUSD,H1,120,high/buy,2.0000,196,-0.2184,-2.1316,0.3214,387,-0.0708,0.2248,-1.2217,-0.1355,-0.4885,15:-0.10 16:-0.22 17:-0.38 18:-0.65 19:+0.37 20:+0.20 21:-0.34 22:+0.39 23:-0.48 24:-0.11 25:-1.00 26:-0.00
NZDUSD,AUDUSD,H1,24,low/sell,1.0000,626,-0.1947,-4.9256,0.4297,2027,-0.0587,0.2945,-3.1238,-0.1816,-0.2342,15:-0.16 16:-0.25 17:-0.16 18:-0.16 19:+0.09 20:-0.25 21:-0.20 22:-0.39 23:-0.17 24:-0.16 25:-0.39 26:-0.15
NZDUSD,AUDUSD,H1,24,low/sell,2.0000,626,-0.3489,-6.2624,0.2859,2027,-0.1384,0.2161,-3.3793,-0.3243,-0.4229,15:-0.26 16:-0.45 17:-0.50 18:-0.21 19:-0.28 20:-0.23 21:-0.39 22:-0.44 23:-0.15 24:-0.45 25:-0.54 26:-0.28
NZDUSD,AUDUSD,H1,24,high/buy,1.0000,581,-0.1945,-4.6590,0.4406,2068,-0.0518,0.2998,-3.1316,-0.2016,-0.1693,15:-0.17 16:-0.43 17:-0.25 18:-0.15 19:-0.05 20:-0.03 21:-0.31 22:-0.21 23:-0.19 24:-0.03 25:-0.37 26:-0.09
NZDUSD,AUDUSD,H1,24,high/buy,2.0000,581,-0.3246,-5.4990,0.2978,2068,-0.0928,0.2292,-3.5462,-0.3171,-0.3515,15:-0.51 16:-0.41 17:-0.52 18:-0.47 19:-0.08 20:-0.01 21:-0.29 22:-0.10 23:-0.36 24:-0.31 25:-0.60 26:-0.06
NZDUSD,AUDUSD,H4,120,low/sell,1.0000,55,-0.1209,-0.8920,0.4364,91,-0.0517,0.2857,-0.4295,-0.0075,-0.3971,15:-0.69 16:-0.75 17:-0.25 18:-0.28 19:-0.08 20:+0.28 21:+0.15 22:+0.97 23:+0.48 24:-0.35 25:-0.03 26:-0.69
NZDUSD,AUDUSD,H4,120,low/sell,2.0000,55,-0.1572,-0.8268,0.3091,91,-0.1868,0.1868,0.1295,0.0529,-0.6691,15:-1.11 16:-1.05 17:-0.51 18:-0.56 19:+0.34 20:-0.11 21:+0.71 22:+1.93 23:+0.47 24:-0.53 25:-0.31 26:-1.05
NZDUSD,AUDUSD,H4,120,high/buy,1.0000,55,-0.3197,-2.4469,0.3455,87,0.0539,0.3218,-2.3892,-0.3663,-0.1333,15:+0.32 16:-0.03 17:-0.64 18:-1.06 19:-0.10 20:-0.73 21:-0.26 22:+0.32 23:-0.74 24:-0.04 25:-0.52 26:+0.26
NZDUSD,AUDUSD,H4,120,high/buy,2.0000,55,-0.3723,-2.1207,0.2364,87,0.1103,0.2529,-2.1671,-0.3987,-0.2666,15:+0.98 16:-0.07 17:-0.49 18:-1.12 19:-0.58 20:-0.63 21:+0.09 22:-0.03 23:-1.05 24:+0.42 25:-1.04 26:-0.15
NZDUSD,AUDUSD,H4,24,low/sell,1.0000,185,-0.0249,-0.3409,0.4919,487,-0.0383,0.2772,0.1634,-0.0018,-0.0891,15:-0.10 16:-0.23 17:+0.01 18:-0.37 19:+0.48 20:-0.20 21:+0.15 22:+0.24 23:+0.08 24:-0.19 25:-0.06 26:-0.03
NZDUSD,AUDUSD,H4,24,low/sell,2.0000,185,-0.2195,-2.1477,0.2973,487,-0.1248,0.2012,-0.8123,-0.2089,-0.2489,15:-0.83 16:-0.24 17:-0.21 18:-0.87 19:+0.45 20:-0.27 21:+0.67 22:+0.13 23:-0.39 24:-0.46 25:-0.12 26:-0.21
NZDUSD,AUDUSD,H4,24,high/buy,1.0000,158,-0.1487,-1.8689,0.4430,505,-0.0179,0.3050,-1.4918,-0.1809,-0.0219,15:-0.06 16:+0.06 17:-0.28 18:-0.24 19:-0.10 20:-0.19 21:-0.25 22:-0.35 23:-0.32 24:-0.03 25:-0.15 26:+0.20
NZDUSD,AUDUSD,H4,24,high/buy,2.0000,158,-0.3264,-3.0060,0.2658,505,-0.0613,0.2238,-2.1667,-0.3882,-0.0831,15:-0.62 16:-0.38 17:-0.62 18:-0.07 19:-0.22 20:-0.44 21:-0.21 22:-0.08 23:-0.71 24:+0.02 25:-0.23 26:+0.02
EURJPY,GBPJPY,M15,120,low/sell,1.0000,677,-0.1583,-4.1771,0.4417,1606,-0.0736,0.2821,-1.9727,-0.1157,-0.3465,15:-0.18 16:-0.04 17:-0.09 18:-0.33 19:+0.04 20:-0.14 21:-0.04 22:-0.12 23:-0.06 24:-0.53 25:-0.25 26:-0.23
EURJPY,GBPJPY,M15,120,low/sell,2.0000,677,-0.2768,-5.0671,0.3072,1606,-0.1019,0.2179,-2.7852,-0.2371,-0.4525,15:-0.15 16:-0.33 17:-0.40 18:-0.27 19:-0.22 20:-0.34 21:+0.01 22:-0.16 23:-0.26 24:-0.76 25:-0.27 26:-0.28
EURJPY,GBPJPY,M15,120,high/buy,1.0000,799,-0.1638,-4.6179,0.4581,1472,-0.0770,0.2969,-2.0793,-0.1417,-0.2368,15:-0.33 16:-0.15 17:-0.02 18:-0.11 19:-0.10 20:-0.12 21:-0.30 22:+0.04 23:-0.15 24:-0.19 25:-0.14 26:-0.43
EURJPY,GBPJPY,M15,120,high/buy,2.0000,799,-0.3674,-7.2482,0.2954,1472,-0.1018,0.2303,-4.3742,-0.3413,-0.4535,15:-0.60 16:-0.42 17:-0.13 18:-0.35 19:-0.13 20:-0.38 21:-0.38 22:-0.34 23:-0.29 24:-0.51 25:-0.29 26:-0.62
EURJPY,GBPJPY,M15,24,low/sell,1.0000,2139,-0.2136,-10.2949,0.4100,8201,-0.1094,0.2901,-4.6130,-0.1882,-0.3375,15:-0.13 16:-0.16 17:-0.22 18:-0.16 19:-0.18 20:-0.23 21:-0.12 22:-0.30 23:-0.20 24:-0.43 25:-0.29 26:-0.27
EURJPY,GBPJPY,M15,24,low/sell,2.0000,2139,-0.4057,-13.4775,0.2805,8201,-0.2138,0.2189,-5.7962,-0.3659,-0.5997,15:-0.40 16:-0.34 17:-0.34 18:-0.37 19:-0.37 20:-0.31 21:-0.36 22:-0.50 23:-0.30 24:-0.78 25:-0.50 26:-0.48
EURJPY,GBPJPY,M15,24,high/buy,1.0000,2438,-0.2583,-13.1296,0.4044,7677,-0.1126,0.3000,-6.6642,-0.2434,-0.3223,15:-0.26 16:-0.20 17:-0.21 18:-0.31 19:-0.29 20:-0.13 21:-0.28 22:-0.24 23:-0.29 24:-0.31 25:-0.31 26:-0.35
EURJPY,GBPJPY,M15,24,high/buy,2.0000,2438,-0.4789,-16.9380,0.2744,7677,-0.2260,0.2204,-7.9624,-0.4327,-0.6773,15:-0.49 16:-0.25 17:-0.56 18:-0.58 19:-0.56 20:-0.13 21:-0.46 22:-0.46 23:-0.50 24:-0.69 25:-0.62 26:-0.74
EURJPY,GBPJPY,H1,120,low/sell,1.0000,191,-0.0084,-0.1201,0.4869,403,-0.0873,0.2680,0.9822,0.0323,-0.1833,15:+0.04 16:-0.06 17:-0.09 18:+0.22 19:-0.27 20:+0.18 21:+0.08 22:+0.11 23:+0.10 24:-0.21 25:-0.06 26:-0.37
EURJPY,GBPJPY,H1,120,low/sell,2.0000,191,-0.0391,-0.3871,0.3403,403,-0.1173,0.2134,0.6617,-0.0185,-0.1276,15:+0.35 16:-0.43 17:+0.32 18:-0.12 19:-0.37 20:+0.44 21:+0.05 22:+0.01 23:-0.65 24:+0.12 25:-0.35 26:-0.12
EURJPY,GBPJPY,H1,120,high/buy,1.0000,212,-0.2073,-3.0657,0.4151,373,-0.0541,0.2949,-1.8987,-0.2010,-0.2273,15:-0.37 16:-0.28 17:-0.22 18:-0.04 19:+0.01 20:-0.05 21:-0.19 22:-0.09 23:-0.49 24:+0.04 25:-0.48 26:-0.17
EURJPY,GBPJPY,H1,120,high/buy,2.0000,212,-0.2611,-2.7163,0.2925,373,-0.0484,0.2225,-1.8237,-0.2342,-0.3460,15:-0.33 16:-0.20 17:-0.18 18:-0.22 19:+0.02 20:-0.17 21:+0.01 22:-0.36 23:-0.55 24:-0.04 25:-0.60 26:-0.34
EURJPY,GBPJPY,H1,24,low/sell,1.0000,633,-0.1600,-4.1102,0.4250,2124,-0.0822,0.2895,-1.8186,-0.1549,-0.1857,15:-0.23 16:-0.19 17:-0.22 18:-0.20 19:+0.10 20:-0.24 21:-0.06 22:-0.26 23:-0.01 24:-0.66 25:-0.04 26:+0.07
EURJPY,GBPJPY,H1,24,low/sell,2.0000,633,-0.1607,-2.8210,0.3223,2124,-0.1276,0.2232,-0.5234,-0.1425,-0.2528,15:-0.33 16:-0.45 17:-0.29 18:-0.14 19:+0.32 20:-0.04 21:-0.00 22:-0.13 23:-0.11 24:-0.81 25:-0.12 26:+0.11
EURJPY,GBPJPY,H1,24,high/buy,1.0000,709,-0.2107,-5.6382,0.4104,1995,-0.0533,0.3208,-3.7543,-0.1769,-0.3312,15:-0.26 16:-0.36 17:-0.25 18:-0.29 19:-0.07 20:-0.01 21:-0.10 22:-0.05 23:-0.27 24:-0.27 25:-0.28 26:-0.46
EURJPY,GBPJPY,H1,24,high/buy,2.0000,709,-0.3417,-6.4292,0.2821,1995,-0.1129,0.2346,-3.7838,-0.3080,-0.4622,15:-0.36 16:-0.55 17:-0.28 18:-0.55 19:-0.18 20:-0.16 21:-0.18 22:-0.30 23:-0.30 24:-0.50 25:-0.28 26:-0.67
EURJPY,GBPJPY,H4,120,low/sell,1.0000,40,-0.0880,-0.5550,0.4500,107,-0.0799,0.2710,-0.0454,0.0225,-0.7139,15:+0.25 16:+0.47 17:-0.02 18:-0.12 19:-0.53 20:+0.31 21:+0.04 22:-0.52 23:+0.99 24:-1.10 25:+0.98 26:-1.02
EURJPY,GBPJPY,H4,120,low/sell,2.0000,40,0.1503,0.6281,0.4000,107,0.0101,0.2150,0.5245,0.3700,-1.0944,15:+0.60 16:+0.44 17:+0.46 18:+0.26 19:-0.31 20:+0.87 21:+0.47 22:-0.30 23:+1.99 24:-1.19 25:-1.03 26:-1.05
EURJPY,GBPJPY,H4,120,high/buy,1.0000,62,0.0008,0.0064,0.5161,93,0.0795,0.3333,-0.5100,0.0674,-0.1619,15:-0.04 16:+0.29 17:-0.63 18:+0.49 19:-0.37 20:+0.98 21:-0.46 22:+0.13 23:+0.61 24:-0.22 25:-0.46 26:+0.46
EURJPY,GBPJPY,H4,120,high/buy,2.0000,62,-0.1078,-0.5979,0.3226,93,0.3094,0.3011,-1.8432,-0.0422,-0.2682,15:-1.08 16:+0.91 17:-0.57 18:+1.22 19:-1.08 20:+1.20 21:-0.20 22:-0.60 23:+0.38 24:-0.72 25:-0.64 26:+1.17
EURJPY,GBPJPY,H4,24,low/sell,1.0000,167,-0.1317,-1.7456,0.4192,530,-0.1235,0.2642,-0.0984,-0.0504,-0.5529,15:-0.24 16:+0.01 17:+0.17 18:-0.03 19:-0.11 20:+0.16 21:-0.16 22:-0.37 23:+0.06 24:-0.04 25:-0.68 26:-0.80
EURJPY,GBPJPY,H4,24,low/sell,2.0000,167,-0.4010,-4.0793,0.2275,530,-0.2241,0.1906,-1.5909,-0.3340,-0.7482,15:-0.32 16:-0.24 17:-0.34 18:-0.36 19:-0.03 20:-0.49 21:-0.18 22:-0.75 23:-0.51 24:-0.07 25:-1.08 26:-0.86
EURJPY,GBPJPY,H4,24,high/buy,1.0000,200,-0.0975,-1.3949,0.4450,502,0.0311,0.3466,-1.6151,-0.1013,-0.0835,15:+0.18 16:-0.70 17:-0.24 18:+0.23 19:-0.12 20:+0.04 21:+0.12 22:-0.42 23:-0.11 24:+0.17 25:-0.05 26:-0.51
EURJPY,GBPJPY,H4,24,high/buy,2.0000,200,-0.1414,-1.3990,0.3100,502,0.0649,0.2729,-1.7602,-0.1102,-0.2553,15:+0.01 16:-0.60 17:-0.40 18:+0.28 19:-0.24 20:-0.08 21:+0.67 22:-0.29 23:-0.44 24:-0.21 25:-0.03 26:-0.64
GBPJPY,EURJPY,M15,120,low/sell,1.0000,674,-0.1029,-2.6997,0.4688,1630,-0.0944,0.2804,-0.1970,-0.0925,-0.1502,15:-0.02 16:-0.11 17:-0.04 18:+0.14 19:-0.11 20:-0.41 21:-0.06 22:-0.08 23:-0.13 24:-0.30 25:-0.09 26:-0.07
GBPJPY,EURJPY,M15,120,low/sell,2.0000,674,-0.1818,-3.2243,0.3338,1630,-0.1711,0.1994,-0.1663,-0.1604,-0.2786,15:-0.11 16:-0.18 17:-0.02 18:-0.05 19:-0.24 20:-0.61 21:+0.00 22:+0.05 23:-0.22 24:-0.52 25:-0.19 26:-0.13
GBPJPY,EURJPY,M15,120,high/buy,1.0000,838,-0.1621,-4.7778,0.4427,1467,-0.0392,0.3129,-3.0415,-0.1406,-0.2289,15:-0.11 16:-0.05 17:-0.19 18:-0.08 19:-0.19 20:-0.15 21:-0.01 22:-0.25 23:-0.24 24:-0.18 25:-0.14 26:-0.39
GBPJPY,EURJPY,M15,120,high/buy,2.0000,838,-0.3022,-6.1394,0.3043,1467,-0.0660,0.2379,-3.9658,-0.2300,-0.5264,15:-0.16 16:-0.05 17:-0.29 18:-0.26 19:-0.33 20:-0.21 21:-0.01 22:-0.38 23:-0.38 24:-0.53 25:-0.42 26:-0.63
GBPJPY,EURJPY,M15,24,low/sell,1.0000,2219,-0.2409,-11.6172,0.4169,8315,-0.1003,0.2973,-6.2240,-0.2255,-0.3211,15:-0.24 16:-0.06 17:-0.14 18:-0.20 19:-0.18 20:-0.28 21:-0.33 22:-0.26 23:-0.41 24:-0.33 25:-0.28 26:-0.38
GBPJPY,EURJPY,M15,24,low/sell,2.0000,2219,-0.4705,-15.9037,0.2749,8315,-0.2164,0.2186,-7.7902,-0.4504,-0.5750,15:-0.39 16:-0.30 17:-0.41 18:-0.49 19:-0.44 20:-0.45 21:-0.70 22:-0.37 23:-0.61 24:-0.65 25:-0.48 26:-0.65
GBPJPY,EURJPY,M15,24,high/buy,1.0000,2601,-0.2737,-14.1974,0.4072,7757,-0.1083,0.3020,-7.6986,-0.2445,-0.3882,15:-0.27 16:-0.20 17:-0.29 18:-0.24 19:-0.19 20:-0.18 21:-0.21 22:-0.30 23:-0.30 24:-0.40 25:-0.35 26:-0.42
GBPJPY,EURJPY,M15,24,high/buy,2.0000,2601,-0.5081,-18.3087,0.2730,7757,-0.2181,0.2234,-9.2741,-0.4585,-0.7022,15:-0.46 16:-0.34 17:-0.55 18:-0.55 19:-0.33 20:-0.33 21:-0.47 22:-0.50 23:-0.56 24:-0.68 25:-0.72 26:-0.70
GBPJPY,EURJPY,H1,120,low/sell,1.0000,184,-0.0544,-0.7549,0.4620,407,-0.0963,0.2555,0.5080,-0.0158,-0.2450,15:+0.03 16:+0.01 17:+0.14 18:+0.13 19:-0.05 20:-0.03 21:-0.23 22:-0.12 23:-0.14 24:-0.63 25:-0.24 26:+0.40
GBPJPY,EURJPY,H1,120,low/sell,2.0000,184,-0.0922,-0.8893,0.3207,407,-0.0802,0.2088,-0.0992,-0.0802,-0.1513,15:-0.13 16:+0.13 17:+0.26 18:-0.12 19:-0.17 20:-0.07 21:-0.17 22:-0.10 23:-0.56 24:-0.56 25:-0.32 26:+0.96
GBPJPY,EURJPY,H1,120,high/buy,1.0000,234,-0.0599,-0.9281,0.4744,368,-0.0533,0.2880,-0.0841,-0.0057,-0.2172,15:+0.03 16:+0.27 17:-0.13 18:+0.01 19:+0.18 20:-0.10 21:-0.17 22:-0.01 23:+0.00 24:-0.16 25:-0.52 26:+0.08
GBPJPY,EURJPY,H1,120,high/buy,2.0000,234,-0.0925,-0.9794,0.3419,368,0.0136,0.2473,-0.9125,-0.0564,-0.1974,15:-0.33 16:-0.12 17:+0.06 18:+0.31 19:+0.50 20:-0.32 21:-0.39 22:-0.12 23:+0.17 24:-0.08 25:-0.62 26:+0.18
GBPJPY,EURJPY,H1,24,low/sell,1.0000,635,-0.1317,-3.4191,0.4268,2132,-0.0875,0.2856,-1.0426,-0.1173,-0.2069,15:-0.03 16:-0.24 17:-0.08 18:-0.11 19:-0.01 20:-0.21 21:-0.03 22:-0.13 23:-0.22 24:-0.07 25:-0.13 26:-0.50
GBPJPY,EURJPY,H1,24,low/sell,2.0000,635,-0.2351,-4.2270,0.2945,2132,-0.1620,0.2125,-1.1858,-0.2201,-0.3135,15:-0.27 16:-0.37 17:-0.07 18:-0.07 19:-0.41 20:-0.24 21:-0.18 22:-0.00 23:-0.40 24:-0.24 25:-0.08 26:-0.81
GBPJPY,EURJPY,H1,24,high/buy,1.0000,744,-0.1211,-3.3923,0.4449,1971,-0.1018,0.2877,-0.4775,-0.1085,-0.1630,15:-0.11 16:-0.07 17:-0.16 18:-0.16 19:-0.00 20:-0.09 21:-0.30 22:-0.10 23:+0.02 24:-0.11 25:-0.08 26:-0.32
GBPJPY,EURJPY,H1,24,high/buy,2.0000,744,-0.2663,-5.1395,0.2957,1971,-0.1659,0.2111,-1.6992,-0.2179,-0.4273,15:-0.19 16:-0.20 17:-0.06 18:-0.44 19:-0.10 20:-0.09 21:-0.26 22:-0.34 23:-0.35 24:-0.41 25:-0.49 26:-0.38
GBPJPY,EURJPY,H4,120,low/sell,1.0000,46,0.0249,0.1711,0.5000,107,-0.0716,0.2991,0.5799,0.0896,-0.2823,15:+0.99 16:-0.04 17:+0.77 18:-0.07 19:-0.57 20:+0.16 21:-1.07 22:-0.34 23:+0.98 24:+0.94 25:-1.02 26:+0.96
GBPJPY,EURJPY,H4,120,low/sell,2.0000,46,0.1430,0.6531,0.3913,107,-0.0136,0.2430,0.6232,0.3182,-0.6897,15:+1.97 16:-0.17 17:+1.53 18:-0.14 19:-0.40 20:+0.57 21:-1.15 22:-0.02 23:+0.46 24:+0.38 25:-1.04 26:-1.08
GBPJPY,EURJPY,H4,120,high/buy,1.0000,60,0.1690,1.3533,0.5833,92,-0.0163,0.2826,1.2268,0.2362,-0.0519,15:+0.27 16:+0.31 17:+0.31 18:-0.04 19:+0.46 20:+0.20 21:+0.28 22:+0.95 23:-0.37 24:+0.14 25:+0.17 26:-0.57
GBPJPY,EURJPY,H4,120,high/buy,2.0000,60,0.1987,1.0296,0.4167,92,-0.0614,0.2174,1.1191,0.2690,-0.0325,15:+0.19 16:+0.96 17:+0.70 18:+0.42 19:-0.08 20:+0.02 21:+0.90 22:+0.40 23:-0.57 24:+0.69 25:-0.47 26:-0.39
GBPJPY,EURJPY,H4,24,low/sell,1.0000,156,-0.0296,-0.3821,0.4615,538,-0.0471,0.2900,0.2055,0.0183,-0.2808,15:-0.03 16:+0.07 17:-0.04 18:+0.04 19:+0.05 20:-0.45 21:+0.37 22:+0.43 23:-0.49 24:+0.18 25:-0.58 26:-0.15
GBPJPY,EURJPY,H4,24,low/sell,2.0000,156,0.0050,0.0437,0.3397,538,-0.0759,0.2268,0.6408,0.0557,-0.2610,15:-0.00 16:-0.06 17:+0.32 18:-0.05 19:+0.21 20:-0.73 21:+0.48 22:+0.32 23:-0.31 24:+0.22 25:-0.39 26:-0.61
GBPJPY,EURJPY,H4,24,high/buy,1.0000,203,-0.0699,-1.0313,0.4483,494,-0.0432,0.3077,-0.3434,-0.0165,-0.2470,15:-0.44 16:+0.24 17:+0.17 18:-0.17 19:-0.22 20:+0.08 21:-0.08 22:-0.11 23:+0.37 24:-0.47 25:-0.07 26:-0.20
GBPJPY,EURJPY,H4,24,high/buy,2.0000,203,-0.2431,-2.5637,0.2709,494,-0.0491,0.2389,-1.7429,-0.2039,-0.3734,15:-0.56 16:-0.02 17:+0.02 18:-0.41 19:-0.24 20:+0.13 21:-0.56 22:-0.35 23:+0.15 24:-0.44 25:-0.39 26:-0.29
US500.cash,US100.cash,M15,120,low/sell,1.0000,212,-0.2934,-4.3746,0.3821,684,0.0037,0.2982,-4.0461,-0.2725,-0.3152,20:+1.00 21:+0.03 22:-0.41 23:-0.29 24:-0.25 25:-0.27 26:-0.41
US500.cash,US100.cash,M15,120,low/sell,2.0000,212,-0.3451,-3.8009,0.2594,684,-0.0249,0.2325,-3.1258,-0.3598,-0.3299,20:-1.00 21:-0.35 22:-0.22 23:-0.47 24:-0.16 25:-0.53 26:-0.32
US500.cash,US100.cash,M15,120,high/buy,1.0000,322,-0.2440,-4.4214,0.4130,564,0.0064,0.3138,-3.8167,-0.2367,-0.2506,18:-1.00 19:+1.00 20:-1.00 21:-0.19 22:-0.15 23:-0.33 24:-0.32 25:-0.32 26:-0.08
US500.cash,US100.cash,M15,120,high/buy,2.0000,322,-0.2885,-3.7845,0.2919,564,-0.0010,0.2340,-3.0746,-0.2323,-0.3387,18:-1.00 19:+2.00 20:-1.00 21:-0.19 22:-0.24 23:-0.26 24:-0.49 25:-0.25 26:-0.28
US500.cash,US100.cash,M15,24,low/sell,1.0000,553,-0.2751,-6.5380,0.4033,3587,-0.0711,0.2657,-4.6321,-0.2559,-0.2938,18:+1.00 21:-0.21 22:-0.13 23:-0.40 24:-0.36 25:-0.24 26:-0.25
US500.cash,US100.cash,M15,24,low/sell,2.0000,553,-0.4358,-7.6983,0.2514,3587,-0.1318,0.1926,-5.0764,-0.4011,-0.4696,18:-1.00 21:-0.18 22:-0.29 23:-0.62 24:-0.51 25:-0.56 26:-0.36
US500.cash,US100.cash,M15,24,high/buy,1.0000,824,-0.2792,-8.1006,0.4029,3149,-0.0491,0.2845,-6.1515,-0.3283,-0.2349,18:-0.33 19:+0.00 20:-1.00 21:-0.15 22:-0.29 23:-0.50 24:-0.29 25:-0.17 26:-0.23
US500.cash,US100.cash,M15,24,high/buy,2.0000,824,-0.4019,-8.4716,0.2731,3149,-0.0805,0.2105,-6.1531,-0.4719,-0.3387,18:-0.00 19:+0.50 20:-1.00 21:-0.18 22:-0.45 23:-0.74 24:-0.38 25:-0.27 26:-0.36
US500.cash,US100.cash,H1,120,low/sell,1.0000,61,-0.2787,-2.2233,0.3770,203,-0.0005,0.2808,-2.0421,-0.3341,-0.2175,20:+1.00 21:+0.25 22:-0.68 23:-0.52 24:-0.19 25:-0.32 26:-0.16
US500.cash,US100.cash,H1,120,low/sell,2.0000,61,-0.2295,-1.3218,0.2787,203,-0.0650,0.2069,-0.8525,-0.3870,-0.0557,20:-1.00 21:+0.49 22:-0.54 23:-0.78 24:-0.05 25:-0.40 26:+0.24
US500.cash,US100.cash,H1,120,high/buy,1.0000,112,-0.1515,-1.5917,0.4464,137,0.0240,0.3066,-1.4573,-0.1109,-0.2002,18:-1.00 19:+1.00 20:-1.00 21:-0.18 22:-0.22 23:+0.09 24:-0.37 25:-0.17 26:+0.03
US500.cash,US100.cash,H1,120,high/buy,2.0000,112,-0.2584,-2.0022,0.2768,137,-0.0370,0.2044,-1.3035,-0.2710,-0.2435,18:-1.00 19:+2.00 20:-1.00 21:-0.39 22:-0.64 23:+0.13 24:-0.55 25:-0.29 26:+0.29
US500.cash,US100.cash,H1,24,low/sell,1.0000,154,-0.2239,-2.8293,0.3961,1027,-0.0464,0.2853,-2.1401,-0.2857,-0.1371,18:+1.00 21:-0.13 22:-0.31 23:-0.47 24:+0.11 25:+0.04 26:-0.55
US500.cash,US100.cash,H1,24,low/sell,2.0000,154,-0.3084,-2.9026,0.2532,1027,-0.0831,0.2152,-1.9971,-0.4399,-0.1236,18:-1.00 21:-0.24 22:-0.43 23:-0.64 24:+0.49 25:-0.51 26:-0.39
US500.cash,US100.cash,H1,24,high/buy,1.0000,271,-0.2374,-3.9528,0.4022,850,0.0097,0.3200,-3.7064,-0.1591,-0.3316,18:-0.33 19:+0.00 20:-1.00 21:-0.05 22:-0.30 23:-0.19 24:-0.52 25:-0.31 26:-0.13
US500.cash,US100.cash,H1,24,high/buy,2.0000,271,-0.2971,-3.6450,0.2657,850,-0.0122,0.2388,-3.0751,-0.2110,-0.4007,18:-0.00 19:+0.50 20:-1.00 21:+0.01 22:-0.34 23:-0.48 24:-0.74 25:-0.51 26:+0.12
US500.cash,US100.cash,H4,120,low/sell,1.0000,14,-0.1004,-0.3778,0.4286,58,-0.0527,0.2759,-0.1680,0.0799,-0.7618,20:+1.00 21:-0.33 22:+0.31 23:-0.01 24:-0.27 26:-1.01
US500.cash,US100.cash,H4,120,low/sell,2.0000,14,-0.5917,-2.0562,0.1429,58,-0.1575,0.2241,-1.3106,-0.4765,-1.0142,20:-1.00 21:-0.00 22:-0.05 23:-1.02 24:-1.01 26:-1.02
US500.cash,US100.cash,H4,120,high/buy,1.0000,36,-0.0758,-0.4507,0.4444,30,0.0515,0.3667,-0.5510,-0.1271,-0.0244,18:-1.00 19:+1.00 20:-1.00 21:+0.32 22:-0.22 23:-0.52 24:+0.53 25:-0.69 26:-0.36
US500.cash,US100.cash,H4,120,high/buy,2.0000,36,0.0483,0.1998,0.3611,30,-0.0198,0.2333,0.2012,-0.1880,0.2846,18:-1.00 19:+2.00 20:-1.00 21:-0.50 22:+0.16 23:-0.29 24:+0.95 25:-0.54 26:-0.05
US500.cash,US100.cash,H4,24,low/sell,1.0000,41,-0.0425,-0.2692,0.4878,289,-0.0417,0.2664,-0.0050,-0.1360,0.1036,18:+1.00 21:-0.01 22:-0.22 23:-0.29 24:-0.22 25:-0.04 26:+0.42
US500.cash,US100.cash,H4,24,low/sell,2.0000,41,-0.0850,-0.3857,0.3171,289,-0.0938,0.2007,0.0384,-0.1920,0.0823,18:-1.00 21:+0.48 22:-0.44 23:-0.49 24:+0.15 25:-0.33 26:+0.26
US500.cash,US100.cash,H4,24,high/buy,1.0000,93,-0.1782,-1.7245,0.4086,210,0.1044,0.3476,-2.3846,-0.1201,-0.2487,18:-0.33 19:+0.00 20:-1.00 21:-0.11 22:-0.10 23:+0.02 24:-0.11 25:-0.31 26:-0.40
US500.cash,US100.cash,H4,24,high/buy,2.0000,93,-0.2573,-1.8505,0.2688,210,0.1808,0.2905,-2.6212,-0.3249,-0.1753,18:-0.00 19:+0.50 20:-1.00 21:-0.50 22:-0.36 23:-0.14 24:-0.22 25:-0.15 26:-0.13
US100.cash,US500.cash,M15,120,low/sell,1.0000,202,-0.2965,-4.3243,0.3861,683,-0.0165,0.2796,-3.7513,-0.3152,-0.2766,18:-1.00 21:-0.35 22:-0.41 23:-0.17 24:-0.33 25:-0.46 26:-0.08
US100.cash,US500.cash,M15,120,low/sell,2.0000,202,-0.5021,-5.6768,0.2228,683,-0.0249,0.2240,-4.7734,-0.5343,-0.4679,18:-1.00 21:-0.43 22:-0.49 23:-0.64 24:-0.39 25:-0.72 26:-0.36
US100.cash,US500.cash,M15,120,high/buy,1.0000,314,-0.1983,-3.5288,0.4554,562,-0.0347,0.3043,-2.4528,-0.2451,-0.1571,18:+1.00 19:-1.00 20:+1.00 21:-0.16 22:-0.42 23:-0.22 24:-0.07 25:-0.17 26:-0.24
US100.cash,US500.cash,M15,120,high/buy,2.0000,314,-0.2247,-2.8260,0.3312,562,-0.0675,0.2295,-1.6324,-0.2453,-0.2065,18:+2.00 19:-1.00 20:+2.00 21:-0.03 22:-0.47 23:-0.30 24:+0.02 25:-0.26 26:-0.40
US100.cash,US500.cash,M15,24,low/sell,1.0000,482,-0.2967,-6.5747,0.4108,3568,-0.0701,0.2713,-4.8249,-0.3477,-0.2431,18:-1.00 21:-0.27 22:-0.37 23:-0.37 24:-0.35 25:-0.19 26:-0.18
US100.cash,US500.cash,M15,24,low/sell,2.0000,482,-0.5051,-8.3514,0.2552,3568,-0.1392,0.1984,-5.7518,-0.5317,-0.4771,18:-1.00 21:-0.34 22:-0.44 23:-0.76 24:-0.56 25:-0.34 26:-0.51
US100.cash,US500.cash,M15,24,high/buy,1.0000,691,-0.1195,-3.1610,0.5022,3180,-0.0481,0.2925,-1.7647,-0.1561,-0.0874,18:+0.33 19:+0.33 20:-0.33 21:-0.18 22:-0.28 23:-0.07 24:-0.05 25:-0.02 26:-0.19
US100.cash,US500.cash,M15,24,high/buy,2.0000,691,-0.3409,-6.3198,0.3155,3180,-0.0833,0.2208,-4.4219,-0.3467,-0.3358,18:+0.00 19:+1.00 20:-0.00 21:-0.46 22:-0.42 23:-0.28 24:-0.39 25:-0.22 26:-0.39
US100.cash,US500.cash,H1,120,low/sell,1.0000,62,-0.0460,-0.3586,0.5000,194,-0.0254,0.2423,-0.1488,-0.2077,0.1503,18:-1.00 21:-0.17 22:-0.27 23:-0.05 24:+0.20 25:+0.07 26:+0.15
US100.cash,US500.cash,H1,120,low/sell,2.0000,62,-0.0275,-0.1477,0.3548,194,-0.0377,0.2062,0.0499,-0.2683,0.2649,18:-1.00 21:-0.26 22:-0.16 23:-0.36 24:+0.21 25:+0.15 26:+0.41
US100.cash,US500.cash,H1,120,high/buy,1.0000,99,-0.1826,-1.8127,0.4343,145,0.0724,0.3586,-2.0463,0.0342,-0.4324,18:+1.00 19:-1.00 20:+1.00 21:-0.26 22:+0.28 23:+0.16 24:-0.46 25:-0.07 26:-0.81
US100.cash,US500.cash,H1,120,high/buy,2.0000,99,-0.3310,-2.4381,0.2626,145,0.0200,0.2552,-2.0105,0.0569,-0.7779,18:+2.00 19:-1.00 20:+2.00 21:-0.33 22:+0.39 23:+0.12 24:-0.80 25:-0.40 26:-1.19
US100.cash,US500.cash,H1,24,low/sell,1.0000,155,-0.1961,-2.4428,0.4323,1034,-0.0412,0.2814,-1.8460,-0.1772,-0.2195,18:-1.00 21:-0.26 22:-0.28 23:+0.11 24:-0.18 25:-0.50 26:-0.08
US100.cash,US500.cash,H1,24,low/sell,2.0000,155,-0.4760,-4.6220,0.2194,1034,-0.1152,0.2050,-3.2937,-0.4359,-0.5259,18:-1.00 21:-0.43 22:-0.69 23:-0.10 24:-0.57 25:-0.47 26:-0.53
US100.cash,US500.cash,H1,24,high/buy,1.0000,250,-0.2251,-3.5767,0.4200,882,0.0205,0.3345,-3.5516,-0.2414,-0.2047,18:+0.33 19:+0.33 20:-0.33 21:-0.19 22:-0.41 23:-0.26 24:-0.09 25:-0.18 26:-0.33
US100.cash,US500.cash,H1,24,high/buy,2.0000,250,-0.4165,-5.1093,0.2400,882,0.0303,0.2596,-4.8165,-0.3287,-0.5264,18:+0.00 19:+1.00 20:-0.00 21:-0.55 22:-0.34 23:-0.20 24:-0.30 25:-0.58 26:-0.69
US100.cash,US500.cash,H4,120,low/sell,1.0000,17,-0.3103,-1.3005,0.3529,59,-0.0271,0.2542,-1.1060,-0.4121,-0.1649,18:-1.00 21:-0.60 22:-0.02 24:-0.01 25:+0.97 26:-0.53
US100.cash,US500.cash,H4,120,low/sell,2.0000,17,-0.3265,-1.0293,0.2353,59,-0.1700,0.2034,-0.4448,-0.4242,-0.1869,18:-1.00 21:-0.41 22:-0.30 24:+0.47 25:-1.05 26:-0.30
US100.cash,US500.cash,H4,120,high/buy,1.0000,31,0.1304,0.7208,0.5806,34,0.3747,0.5000,-1.0768,-0.0184,0.2890,18:+1.00 19:-1.00 20:+1.00 21:-0.43 22:+0.95 23:-0.05 24:-0.26 25:+0.97 26:+0.15
US100.cash,US500.cash,H4,120,high/buy,2.0000,31,0.1962,0.7223,0.4194,34,0.1236,0.2941,0.2026,0.0883,0.3114,18:+2.00 19:-1.00 20:+2.00 21:-0.15 22:+1.89 23:-1.10 24:+0.09 25:+0.14 26:+0.71
US100.cash,US500.cash,H4,24,low/sell,1.0000,51,0.0135,0.0944,0.5294,287,-0.0685,0.2544,0.5473,-0.1021,0.1338,18:-1.00 21:+0.38 22:-0.03 23:-0.70 24:-0.07 25:+0.94 26:+0.14
US100.cash,US500.cash,H4,24,low/sell,2.0000,51,-0.0318,-0.1542,0.3529,287,-0.0848,0.2021,0.2425,-0.2428,0.1875,18:-1.00 21:+0.16 22:+0.06 23:-1.07 24:+0.11 25:+1.87 26:-0.23
US100.cash,US500.cash,H4,24,high/buy,1.0000,73,0.0062,0.0525,0.5205,217,0.0291,0.3502,-0.1735,-0.0165,0.0369,18:+0.33 19:+0.33 20:-0.33 21:-0.00 22:-0.53 23:+0.15 24:+0.03 25:+0.44 26:-0.27
US100.cash,US500.cash,H4,24,high/buy,2.0000,73,-0.0013,-0.0078,0.3562,217,-0.0469,0.2442,0.2365,0.0384,-0.0551,18:+0.00 19:+1.00 20:-0.00 21:+0.12 22:-0.32 23:-0.21 24:+0.06 25:-0.37 26:+0.05
US30.cash,US500.cash,M15,120,low/sell,1.0000,248,-0.1688,-2.7010,0.4274,665,-0.0220,0.2887,-2.1172,-0.2483,-0.1142,21:-0.07 22:-0.22 23:-0.36 24:-0.01 25:-0.24 26:-0.09
US30.cash,US500.cash,M15,120,low/sell,2.0000,248,-0.3092,-3.5659,0.2702,665,-0.1042,0.2015,-2.0885,-0.3283,-0.2960,21:-0.19 22:-0.27 23:-0.44 24:-0.08 25:-0.45 26:-0.36
US30.cash,US500.cash,M15,120,high/buy,1.0000,305,-0.1685,-2.9280,0.4557,597,0.0494,0.3601,-3.2379,-0.1219,-0.2051,21:-0.04 22:-0.19 23:-0.11 24:-0.35 25:-0.13 26:-0.12
US30.cash,US500.cash,M15,120,high/buy,2.0000,305,-0.3625,-4.6101,0.2721,597,0.0222,0.2647,-4.0314,-0.3763,-0.3517,21:-0.56 22:-0.18 23:-0.46 24:-0.58 25:-0.33 26:-0.10
US30.cash,US500.cash,M15,24,low/sell,1.0000,694,-0.2477,-6.6836,0.4078,3524,-0.0655,0.2755,-4.6350,-0.2995,-0.2225,21:-0.39 22:-0.27 23:-0.26 24:-0.15 25:-0.30 26:-0.23
US30.cash,US500.cash,M15,24,low/sell,2.0000,694,-0.4503,-8.8758,0.2536,3524,-0.1257,0.2046,-5.9502,-0.4879,-0.4320,21:-0.49 22:-0.61 23:-0.41 24:-0.24 25:-0.67 26:-0.41
US30.cash,US500.cash,M15,24,high/buy,1.0000,746,-0.1900,-5.1908,0.4531,3229,-0.0481,0.2982,-3.6051,-0.2794,-0.1341,21:-0.22 22:-0.35 23:-0.26 24:-0.27 25:-0.09 26:-0.03
US30.cash,US500.cash,M15,24,high/buy,2.0000,746,-0.4018,-7.9259,0.2775,3229,-0.0994,0.2174,-5.4744,-0.4859,-0.3492,21:-0.46 22:-0.52 23:-0.48 24:-0.54 25:-0.37 26:-0.12
US30.cash,US500.cash,H1,120,low/sell,1.0000,70,-0.3704,-3.2846,0.3286,193,0.0211,0.2798,-3.1441,-0.4083,-0.3437,21:-0.35 22:-0.75 23:-0.24 24:-0.51 25:-0.21 26:-0.26
US30.cash,US500.cash,H1,120,low/sell,2.0000,70,-0.3461,-2.2394,0.2429,193,-0.1418,0.1762,-1.1665,-0.4373,-0.2815,21:-0.28 22:-1.08 23:-0.18 24:-0.35 25:-0.59 26:+0.09
US30.cash,US500.cash,H1,120,high/buy,1.0000,94,-0.0687,-0.6708,0.4787,154,0.0249,0.3506,-0.7497,-0.0257,-0.1137,21:+0.03 22:-0.06 23:-0.05 24:-0.26 25:-0.33 26:+0.48
US30.cash,US500.cash,H1,120,high/buy,2.0000,94,-0.1499,-1.0117,0.3191,154,0.1146,0.2792,-1.4417,-0.0096,-0.2963,21:+0.17 22:+0.16 23:-0.33 24:-0.64 25:-0.19 26:+0.02
US30.cash,US500.cash,H1,24,low/sell,1.0000,200,-0.2047,-2.9811,0.3950,971,-0.0543,0.2760,-2.0549,-0.2966,-0.1408,21:-0.32 22:-0.32 23:-0.25 24:-0.12 25:-0.35 26:+0.00
US30.cash,US500.cash,H1,24,low/sell,2.0000,200,-0.2728,-2.8698,0.2700,971,-0.1207,0.1988,-1.4837,-0.4672,-0.1377,21:-0.51 22:-0.64 23:-0.29 24:-0.12 25:-0.27 26:-0.05
US30.cash,US500.cash,H1,24,high/buy,1.0000,244,-0.2344,-3.7118,0.4016,878,0.0358,0.3554,-3.8882,-0.2186,-0.2500,21:-0.15 22:-0.45 23:-0.10 24:-0.43 25:-0.04 26:-0.25
US30.cash,US500.cash,H1,24,high/buy,2.0000,244,-0.3863,-4.5446,0.2459,878,-0.0029,0.2597,-4.0000,-0.4946,-0.2797,21:-0.28 22:-0.75 23:-0.53 24:-0.56 25:+0.01 26:-0.26
US30.cash,US500.cash,H4,120,low/sell,1.0000,16,-0.1396,-0.5435,0.4375,55,-0.1790,0.1636,0.1440,-0.3445,0.1238,20:-1.00 21:+0.33 22:-1.05 23:-0.51 24:-1.02 25:+0.48 26:-0.02
US30.cash,US500.cash,H4,120,low/sell,2.0000,16,-0.0918,-0.2536,0.3125,55,-0.1716,0.1455,0.2041,-0.0224,-0.1809,20:-1.00 21:+1.00 22:-1.09 23:-0.27 24:-1.04 25:-0.29 26:+0.46
US30.cash,US500.cash,H4,120,high/buy,1.0000,30,-0.1650,-0.8807,0.4333,36,-0.0464,0.3889,-0.4835,-0.0927,-0.2373,19:-1.00 20:-1.00 21:+0.60 22:-0.02 23:-0.58 24:-0.05 25:-0.37 26:-0.34
US30.cash,US500.cash,H4,120,high/buy,2.0000,30,-0.1634,-0.6264,0.3000,36,-0.0447,0.2500,-0.3469,-0.0522,-0.2747,19:-1.00 20:-1.00 21:+0.19 22:+0.47 23:-0.40 24:-0.61 25:-0.07 26:-0.01
US30.cash,US500.cash,H4,24,low/sell,1.0000,58,-0.1377,-1.0587,0.4310,283,-0.0342,0.2792,-0.7496,-0.3399,-0.0048,19:+1.00 20:-1.00 21:-0.45 22:-1.05 23:-0.05 24:+0.11 25:+0.23 26:-0.27
US30.cash,US500.cash,H4,24,low/sell,2.0000,58,-0.2808,-1.6163,0.2586,283,-0.0067,0.2297,-1.4533,-0.4189,-0.1900,19:+2.00 20:-1.00 21:-0.61 22:-1.09 23:-0.21 24:+0.00 25:+0.08 26:-0.56
US30.cash,US500.cash,H4,24,high/buy,1.0000,68,-0.1869,-1.5620,0.3971,238,-0.1001,0.3067,-0.6537,-0.2608,-0.0874,19:+1.00 20:+0.00 21:-0.39 22:-0.14 23:-0.66 24:-0.09 25:+0.06 26:-0.22
US30.cash,US500.cash,H4,24,high/buy,2.0000,68,-0.1860,-1.0990,0.2941,238,-0.2341,0.1975,0.2569,-0.2140,-0.1483,19:+2.00 20:+0.50 21:-0.77 22:+0.26 23:-0.82 24:-0.48 25:+0.56 26:-0.46
US500.cash,US30.cash,M15,120,low/sell,1.0000,244,-0.0687,-1.0820,0.4754,681,-0.0556,0.2834,-0.1855,-0.1152,-0.0336,21:-0.07 22:+0.06 23:-0.28 24:+0.09 25:-0.07 26:-0.10
US500.cash,US30.cash,M15,120,low/sell,2.0000,244,-0.1463,-1.6121,0.3156,681,-0.0486,0.2291,-0.9542,-0.2008,-0.1051,21:+0.21 22:-0.12 23:-0.42 24:+0.07 25:-0.21 26:-0.15
US500.cash,US30.cash,M15,120,high/buy,1.0000,364,-0.0168,-0.3238,0.4945,563,-0.0792,0.2540,1.0021,0.0003,-0.0293,21:-0.07 22:-0.06 23:+0.08 24:-0.00 25:-0.05 26:-0.04
US500.cash,US30.cash,M15,120,high/buy,2.0000,364,-0.1183,-1.5927,0.3214,563,-0.0976,0.2025,-0.2279,-0.0279,-0.1846,21:+0.15 22:-0.25 23:+0.03 24:-0.23 25:-0.23 26:-0.06
US500.cash,US30.cash,M15,24,low/sell,1.0000,693,-0.2046,-5.5592,0.4012,3542,-0.0471,0.2801,-4.0304,-0.1906,-0.2141,21:+0.12 22:-0.20 23:-0.32 24:-0.28 25:-0.21 26:-0.13
US500.cash,US30.cash,M15,24,low/sell,2.0000,693,-0.3034,-5.8819,0.2698,3542,-0.0825,0.2081,-3.9909,-0.2289,-0.3545,21:+0.27 22:-0.20 23:-0.47 24:-0.42 25:-0.32 26:-0.30
US500.cash,US30.cash,M15,24,high/buy,1.0000,1020,-0.1655,-5.4061,0.4235,3148,-0.0477,0.2808,-3.4815,-0.0729,-0.2199,21:+0.06 22:-0.03 23:-0.18 24:-0.24 25:-0.16 26:-0.27
US500.cash,US30.cash,M15,24,high/buy,2.0000,1020,-0.3041,-7.1051,0.2755,3148,-0.0783,0.2046,-4.7093,-0.1925,-0.3699,21:+0.05 22:-0.30 23:-0.26 24:-0.33 25:-0.37 26:-0.42
US500.cash,US30.cash,H1,120,low/sell,1.0000,65,-0.0985,-0.8029,0.4308,197,-0.0227,0.2792,-0.5639,0.1071,-0.2979,21:+0.11 22:+0.36 23:-0.22 24:-0.34 25:-0.02 26:-0.52
US500.cash,US30.cash,H1,120,low/sell,2.0000,65,0.0308,0.1723,0.3385,197,0.0299,0.2386,0.0044,0.3705,-0.2987,21:+0.67 22:+0.79 23:-0.44 24:-0.50 25:-0.13 26:-0.28
US500.cash,US30.cash,H1,120,high/buy,1.0000,123,-0.0217,-0.2443,0.4715,135,0.0580,0.3481,-0.6854,-0.0286,-0.0148,21:+0.30 22:+0.03 23:-0.37 24:+0.15 25:-0.26 26:+0.10
US500.cash,US30.cash,H1,120,high/buy,2.0000,123,0.0264,0.2019,0.3577,135,0.0785,0.2593,-0.2996,-0.0920,0.1467,21:+0.36 22:-0.17 23:-0.48 24:+0.43 25:-0.30 26:+0.39
US500.cash,US30.cash,H1,24,low/sell,1.0000,198,-0.0923,-1.3013,0.4545,995,-0.0364,0.3015,-0.7410,-0.1702,-0.0191,21:-0.09 22:-0.01 23:-0.40 24:+0.10 25:-0.16 26:-0.01
US500.cash,US30.cash,H1,24,low/sell,2.0000,198,-0.1290,-1.2823,0.3081,995,-0.1012,0.2171,-0.2578,-0.0576,-0.1962,21:+0.22 22:+0.10 23:-0.44 24:-0.17 25:-0.46 26:+0.00
US500.cash,US30.cash,H1,24,high/buy,1.0000,329,-0.0489,-0.9093,0.4590,833,-0.0126,0.3169,-0.5948,0.0254,-0.1090,21:+0.24 22:-0.25 23:-0.06 24:-0.20 25:+0.02 26:-0.13
US500.cash,US30.cash,H1,24,high/buy,2.0000,329,-0.0904,-1.1555,0.3191,833,-0.0273,0.2317,-0.7028,0.0638,-0.2149,21:+0.55 22:-0.38 23:-0.22 24:-0.23 25:-0.23 26:-0.17
US500.cash,US30.cash,H4,120,low/sell,1.0000,18,-0.1252,-0.5167,0.4444,56,-0.1003,0.2321,-0.0944,-0.0150,-0.2628,21:+1.00 22:-1.02 23:+0.49 24:-1.02 25:+0.98 26:-0.21
US500.cash,US30.cash,H4,120,low/sell,2.0000,18,-0.3614,-1.1829,0.2222,56,-0.0462,0.1964,-0.9114,-0.1300,-0.6506,21:+2.00 22:-1.05 23:-0.28 24:-1.03 25:-1.04 26:-0.42
US500.cash,US30.cash,H4,120,high/buy,1.0000,40,0.0969,0.6236,0.5250,29,-0.0842,0.3448,0.7846,0.1472,0.0515,19:+1.00 20:+1.00 21:-0.12 22:+0.30 23:+0.19 24:+0.27 25:-0.45 26:+0.36
US500.cash,US30.cash,H4,120,high/buy,2.0000,40,-0.0738,-0.3351,0.3000,29,0.0357,0.2759,-0.3259,-0.0740,-0.0737,19:+2.00 20:-1.00 21:-0.01 22:-1.06 23:+0.17 24:+0.87 25:-1.04 26:-0.42
US500.cash,US30.cash,H4,24,low/sell,1.0000,55,-0.2155,-1.6375,0.3636,279,-0.0018,0.3047,-1.5291,-0.0568,-0.3685,21:+0.50 22:-0.46 23:-0.19 24:-0.31 25:-0.01 26:-0.79
US500.cash,US30.cash,H4,24,low/sell,2.0000,55,-0.1765,-0.9708,0.2545,279,-0.0356,0.2258,-0.7184,0.0715,-0.4156,21:+0.87 22:-0.63 23:-0.05 24:-0.32 25:+0.09 26:-1.03
US500.cash,US30.cash,H4,24,high/buy,1.0000,120,0.0063,0.0704,0.4750,204,0.0438,0.3431,-0.3501,0.0108,0.0027,19:+0.33 20:+1.00 21:+0.14 22:-0.36 23:-0.17 24:+0.01 25:+0.04 26:-0.08
US500.cash,US30.cash,H4,24,high/buy,2.0000,120,-0.1126,-0.8851,0.3083,204,-0.0619,0.2353,-0.3258,-0.2529,0.0022,19:+1.00 20:+2.00 21:-0.15 22:-1.06 23:-0.55 24:-0.09 25:+0.11 26:-0.02
GER40.cash,EU50.cash,M15,120,low/sell,1.0000,114,-0.3147,-3.3735,0.4123,535,-0.0709,0.2860,-2.4492,-0.4401,-0.2416,21:-1.00 22:-0.61 23:-0.17 24:-0.26 25:-0.22 26:-0.23
GER40.cash,EU50.cash,M15,120,low/sell,2.0000,114,-0.4919,-3.8101,0.2719,535,-0.1189,0.2206,-2.6682,-0.6182,-0.4183,21:-1.00 22:-1.01 23:-0.05 24:-0.42 25:-0.06 26:-0.74
GER40.cash,EU50.cash,M15,120,high/buy,1.0000,145,-0.1750,-2.1152,0.4828,456,0.0109,0.3421,-2.0292,-0.3611,-0.0613,21:-0.47 22:-0.40 23:-0.28 24:-0.16 25:-0.10 26:+0.13
GER40.cash,EU50.cash,M15,120,high/buy,2.0000,145,-0.3940,-3.3603,0.3103,456,-0.0180,0.2610,-2.8398,-0.6688,-0.2261,21:-0.54 22:-0.75 23:-0.65 24:-0.39 25:-0.31 26:+0.12
GER40.cash,EU50.cash,M15,24,low/sell,1.0000,222,-0.2020,-3.0546,0.4865,2564,-0.1036,0.2804,-1.4482,-0.5303,-0.0886,21:+0.17 22:-0.78 23:-0.54 24:-0.04 25:+0.12 26:-0.29
GER40.cash,EU50.cash,M15,24,low/sell,2.0000,222,-0.4357,-4.5589,0.3243,2564,-0.1917,0.2180,-2.4736,-0.8738,-0.2844,21:-0.04 22:-1.37 23:-0.74 24:-0.41 25:+0.14 26:-0.53
GER40.cash,EU50.cash,M15,24,high/buy,1.0000,296,-0.2311,-3.9960,0.4730,2280,-0.0865,0.2930,-2.3957,-0.2406,-0.2268,21:-0.13 22:-0.42 23:-0.13 24:-0.27 25:-0.33 26:-0.07
GER40.cash,EU50.cash,M15,24,high/buy,2.0000,296,-0.4825,-5.9649,0.3007,2280,-0.1602,0.2268,-3.7862,-0.5433,-0.4555,21:-0.40 22:-0.87 23:-0.31 24:-0.60 25:-0.66 26:-0.09
GER40.cash,EU50.cash,H1,120,low/sell,1.0000,40,-0.3784,-2.4318,0.3750,158,-0.0599,0.3038,-1.8947,-0.4262,-0.3466,21:-0.06 22:-0.61 23:-0.14 24:-0.36 25:-0.37 26:-0.31
GER40.cash,EU50.cash,H1,120,low/sell,2.0000,40,-0.5819,-2.9034,0.2250,158,-0.1063,0.2342,-2.1275,-0.7899,-0.4432,21:-1.12 22:-0.82 23:-0.54 24:-0.72 25:-0.58 26:+0.01
GER40.cash,EU50.cash,H1,120,high/buy,1.0000,62,-0.0545,-0.4288,0.5484,127,-0.0366,0.3150,-0.1213,-0.2096,0.0817,21:-0.46 22:-0.36 23:+0.09 24:-0.06 25:+0.33 26:+0.14
GER40.cash,EU50.cash,H1,120,high/buy,2.0000,62,-0.1413,-0.7391,0.3871,127,0.0217,0.2598,-0.7250,-0.4191,0.1029,21:-0.53 22:-1.00 23:+0.01 24:-0.25 25:+0.51 26:+0.38
GER40.cash,EU50.cash,H1,24,low/sell,1.0000,84,-0.3422,-3.1182,0.3929,802,-0.0880,0.2805,-2.2429,-0.4328,-0.2968,21:-0.19 22:-0.47 23:-0.60 24:-0.63 25:-0.31 26:-0.02
GER40.cash,EU50.cash,H1,24,low/sell,2.0000,84,-0.4879,-3.2670,0.2619,802,-0.0810,0.2357,-2.6115,-0.7586,-0.3525,21:-0.24 22:-0.94 23:-0.92 24:-0.54 25:-0.20 26:-0.33
GER40.cash,EU50.cash,H1,24,high/buy,1.0000,138,-0.1528,-1.7819,0.4928,691,-0.0244,0.3256,-1.4029,-0.2633,-0.0678,21:-0.09 22:-0.55 23:-0.30 24:-0.08 25:-0.15 26:+0.06
GER40.cash,EU50.cash,H1,24,high/buy,2.0000,138,-0.4143,-3.5241,0.2899,691,-0.0765,0.2460,-2.6516,-0.4766,-0.3664,21:-0.51 22:-0.69 23:-0.33 24:-0.53 25:-0.35 26:-0.16
GER40.cash,EU50.cash,H4,120,low/sell,1.0000,9,0.0160,0.0455,0.5556,46,0.1673,0.3478,-0.4103,0.0570,-0.0352,21:+0.00 22:-0.32 23:+0.92 24:+0.91 25:-1.01 26:+0.97
GER40.cash,EU50.cash,H4,120,low/sell,2.0000,9,0.1432,0.2704,0.4444,46,0.1004,0.2174,0.0767,0.5140,-0.3203,21:+0.50 22:-0.14 23:+1.84 24:-1.17 25:-1.02 26:+1.94
GER40.cash,EU50.cash,H4,120,high/buy,1.0000,28,-0.3157,-1.6977,0.3929,32,-0.0350,0.2812,-1.1474,-0.3159,-0.3156,19:+1.00 20:-1.00 21:-1.00 22:-0.23 23:-0.14 24:+0.09 25:-0.28 26:-1.05
GER40.cash,EU50.cash,H4,120,high/buy,2.0000,28,-0.4740,-1.8547,0.2500,32,-0.1811,0.2188,-0.8426,-0.6318,-0.2919,19:+2.00 20:-1.00 21:-1.00 22:-0.70 23:-0.78 24:-0.01 25:-0.08 26:-1.11
GER40.cash,EU50.cash,H4,24,low/sell,1.0000,17,-0.2276,-0.9237,0.4118,246,-0.0518,0.2846,-0.6987,-0.0021,-0.3854,18:+1.00 19:+1.00 21:+1.00 22:-0.61 23:-1.19 24:-1.03 25:+0.10 26:-0.65
GER40.cash,EU50.cash,H4,24,low/sell,2.0000,17,-0.9949,-5.4312,0.0588,246,-0.0046,0.2398,-4.9451,-1.2900,-0.7883,18:-1.00 19:-1.00 21:-1.00 22:-1.55 23:-1.38 24:-1.07 25:-0.34 26:-1.09
GER40.cash,EU50.cash,H4,24,high/buy,1.0000,62,-0.0903,-0.7041,0.5161,200,-0.0545,0.2950,-0.2526,-0.0768,-0.1039,18:+1.00 19:+0.00 20:+0.20 21:-0.05 22:-0.54 23:-0.08 24:-0.14 25:+0.03 26:-0.19
GER40.cash,EU50.cash,H4,24,high/buy,2.0000,62,-0.4226,-2.4104,0.2742,200,-0.0787,0.2250,-1.7426,-0.4439,-0.4013,18:+2.00 19:-1.00 20:-0.40 21:-0.35 22:-0.92 23:-0.39 24:-0.97 25:+0.17 26:-0.15
EU50.cash,GER40.cash,M15,120,low/sell,1.0000,178,-0.2399,-3.2127,0.4101,541,-0.0746,0.2717,-2.0114,-0.2294,-0.2480,21:+0.60 22:-0.50 23:-0.03 24:-0.11 25:-0.46 26:-0.23
EU50.cash,GER40.cash,M15,120,low/sell,2.0000,178,-0.3464,-3.4367,0.2697,541,-0.0959,0.2089,-2.2056,-0.3840,-0.3177,21:+0.80 22:-0.82 23:-0.04 24:+0.02 25:-0.63 26:-0.53
EU50.cash,GER40.cash,M15,120,high/buy,1.0000,249,-0.1158,-1.8346,0.4699,469,-0.0047,0.3220,-1.4993,-0.0771,-0.1455,21:-0.27 22:-0.02 23:-0.09 24:-0.12 25:-0.23 26:-0.08
EU50.cash,GER40.cash,M15,120,high/buy,2.0000,249,-0.1696,-1.8757,0.3253,469,-0.1008,0.2281,-0.6376,-0.0600,-0.2536,21:-0.18 22:-0.02 23:-0.07 24:-0.24 25:-0.26 26:-0.26
EU50.cash,GER40.cash,M15,24,low/sell,1.0000,455,-0.1945,-4.1658,0.4286,2733,-0.0754,0.2733,-2.4267,-0.1929,-0.1955,21:+0.33 22:-0.20 23:-0.31 24:-0.23 25:-0.16 26:-0.20
EU50.cash,GER40.cash,M15,24,low/sell,2.0000,455,-0.3381,-5.2426,0.2791,2733,-0.1493,0.2049,-2.7545,-0.3461,-0.3330,21:+0.50 22:-0.50 23:-0.39 24:-0.35 25:-0.37 26:-0.26
EU50.cash,GER40.cash,M15,24,high/buy,1.0000,549,-0.2474,-5.8357,0.4098,2489,-0.0841,0.2768,-3.5883,-0.2265,-0.2612,21:-0.16 22:-0.25 23:-0.23 24:-0.12 25:-0.23 26:-0.47
EU50.cash,GER40.cash,M15,24,high/buy,2.0000,549,-0.4317,-7.5954,0.2477,2489,-0.1310,0.2057,-4.8438,-0.4126,-0.4443,21:-0.27 22:-0.53 23:-0.38 24:-0.31 25:-0.45 26:-0.60
EU50.cash,GER40.cash,H1,120,low/sell,1.0000,50,-0.0837,-0.5898,0.4600,158,-0.0661,0.2911,-0.1124,-0.0702,-0.0972,21:-0.14 22:-0.37 23:+0.28 24:+0.06 25:-0.03 26:-0.62
EU50.cash,GER40.cash,H1,120,low/sell,2.0000,50,-0.1874,-0.9742,0.2800,158,-0.0307,0.2342,-0.7232,-0.1004,-0.2743,21:-0.14 22:-0.07 23:-0.10 24:-0.09 25:-0.07 26:-1.04
EU50.cash,GER40.cash,H1,120,high/buy,1.0000,75,-0.0022,-0.0194,0.5200,124,0.0705,0.3306,-0.5275,0.0357,-0.0506,21:-0.33 22:+0.20 23:+0.07 24:+0.08 25:+0.06 26:-0.37
EU50.cash,GER40.cash,H1,120,high/buy,2.0000,75,0.0622,0.3687,0.3867,124,0.0748,0.2419,-0.0614,0.1667,-0.0708,21:+0.00 22:+0.22 23:+0.20 24:+0.08 25:+0.03 26:-0.41
EU50.cash,GER40.cash,H1,24,low/sell,1.0000,124,-0.1937,-2.1418,0.4274,821,-0.0794,0.2692,-1.2083,-0.2008,-0.1879,21:+0.20 22:-0.50 23:-0.19 24:-0.00 25:-0.26 26:-0.37
EU50.cash,GER40.cash,H1,24,low/sell,2.0000,124,-0.3165,-2.5906,0.2661,821,-0.1165,0.2071,-1.5466,-0.3124,-0.3199,21:+0.20 22:-0.57 23:-0.43 24:-0.15 25:-0.31 26:-0.59
EU50.cash,GER40.cash,H1,24,high/buy,1.0000,201,-0.1663,-2.3711,0.4328,712,-0.0242,0.3020,-1.8483,-0.0571,-0.2723,21:-0.11 22:-0.03 23:-0.04 24:-0.29 25:-0.32 26:-0.20
EU50.cash,GER40.cash,H1,24,high/buy,2.0000,201,-0.2529,-2.6557,0.2836,712,-0.0541,0.2261,-1.8658,-0.1495,-0.3533,21:-0.54 22:+0.01 23:+0.04 24:-0.46 25:-0.40 26:-0.13
EU50.cash,GER40.cash,H4,120,low/sell,1.0000,10,-0.2118,-0.6488,0.4000,47,0.2285,0.3830,-1.2847,0.1885,-0.6121,21:-1.00 22:+0.99 23:-0.02 24:-1.01 25:-0.01 26:-1.02
EU50.cash,GER40.cash,H4,120,low/sell,2.0000,10,0.1764,0.3604,0.4000,47,0.3395,0.3191,-0.3116,0.7770,-0.4242,21:-1.00 22:+1.99 23:+0.45 24:-1.01 25:+0.47 26:-1.05
EU50.cash,GER40.cash,H4,120,high/buy,1.0000,27,-0.3605,-1.9781,0.3333,30,0.1067,0.4333,-1.8835,-0.4944,-0.1932,20:-1.00 21:+0.20 22:-0.15 23:-1.02 24:-0.36 25:-0.62 26:+0.46
EU50.cash,GER40.cash,H4,120,high/buy,2.0000,27,-0.0543,-0.1996,0.3333,30,0.0481,0.3000,-0.2732,-0.2554,0.1970,20:-1.00 21:+0.80 22:+0.20 23:-1.04 24:-0.05 25:-0.43 26:+1.17
EU50.cash,GER40.cash,H4,24,low/sell,1.0000,29,-0.0376,-0.1990,0.4828,237,-0.0753,0.2658,0.1921,0.2187,-0.3532,18:-1.00 19:+1.00 20:+1.00 21:+0.50 22:-0.22 23:+0.40 24:-0.57 25:-0.05 26:-0.21
EU50.cash,GER40.cash,H4,24,low/sell,2.0000,29,-0.0063,-0.0232,0.3448,237,-0.0271,0.2236,0.0734,0.4374,-0.5525,18:-1.00 19:+2.00 20:-1.00 21:+0.50 22:+0.16 23:+1.06 24:-0.48 25:-1.09 26:-0.42
EU50.cash,GER40.cash,H4,24,high/buy,1.0000,68,-0.3082,-2.6341,0.3529,195,-0.0316,0.2923,-2.1026,-0.4719,-0.1240,18:-1.00 19:+0.00 20:-1.00 21:-0.82 22:-0.14 23:-0.39 24:-0.32 25:-0.10 26:+0.09
EU50.cash,GER40.cash,H4,24,high/buy,2.0000,68,-0.3531,-2.2602,0.2353,195,-0.0434,0.2205,-1.7176,-0.4717,-0.2197,18:-1.00 19:+0.50 20:-1.00 21:-0.73 22:-0.06 23:-0.62 24:-0.27 25:-0.55 26:+0.29
XAUUSD,XAGUSD,M15,120,low/sell,1.0000,365,-0.2340,-4.5659,0.4219,1414,-0.1130,0.2815,-2.1769,-0.2520,-0.2038,15:-0.38 16:-0.59 17:-0.87 18:+0.15 19:-0.20 20:-0.31 21:-0.21 22:-0.18 23:-0.13 24:-0.33 25:-0.04 26:-0.29
XAUUSD,XAGUSD,M15,120,low/sell,2.0000,365,-0.4301,-6.0166,0.2767,1414,-0.1997,0.2256,-2.9180,-0.4176,-0.4511,15:-0.83 16:-0.96 17:-0.99 18:+0.17 19:-0.61 20:-0.38 21:-0.26 22:-0.16 23:-0.52 24:-0.54 25:-0.22 26:-0.69
XAUUSD,XAGUSD,M15,120,high/buy,1.0000,423,-0.1296,-2.6939,0.4846,1282,-0.1116,0.2808,-0.3395,-0.1893,-0.0497,15:-0.27 16:-0.17 17:-0.69 18:-0.59 19:-0.04 20:-0.21 21:-0.21 22:-0.16 23:-0.13 24:-0.08 25:-0.02 26:-0.06
XAUUSD,XAGUSD,M15,120,high/buy,2.0000,423,-0.2377,-3.3764,0.3452,1282,-0.2635,0.2012,0.3302,-0.2743,-0.1887,15:-0.44 16:-0.09 17:-0.86 18:-0.65 19:+0.18 20:-0.27 21:-0.60 22:-0.18 23:-0.17 24:-0.38 25:-0.10 26:+0.01
XAUUSD,XAGUSD,M15,24,low/sell,1.0000,947,-0.2722,-8.8061,0.4118,5500,-0.1280,0.2575,-4.4275,-0.2663,-0.2795,15:-0.24 16:-0.31 17:-0.37 18:+0.04 19:-0.45 20:-0.21 21:-0.23 22:-0.23 23:-0.36 24:-0.41 25:-0.19 26:-0.26
XAUUSD,XAGUSD,M15,24,low/sell,2.0000,947,-0.5810,-13.5052,0.2555,5500,-0.2671,0.1985,-6.8331,-0.5983,-0.5594,15:-0.27 16:-0.62 17:-0.40 18:-0.73 19:-0.82 20:-0.53 21:-0.50 22:-0.62 23:-0.67 24:-0.71 25:-0.39 26:-0.64
XAUUSD,XAGUSD,M15,24,high/buy,1.0000,1027,-0.2351,-7.7998,0.4391,5134,-0.1590,0.2552,-2.3715,-0.2762,-0.1939,15:-0.51 16:-0.08 17:-0.30 18:+0.61 19:-0.20 20:-0.25 21:-0.38 22:-0.28 23:-0.24 24:-0.24 25:-0.10 26:-0.29
XAUUSD,XAGUSD,M15,24,high/buy,2.0000,1027,-0.4486,-10.3111,0.3028,5134,-0.3188,0.1924,-2.7810,-0.4840,-0.4132,15:-1.06 16:-0.54 17:-0.62 18:-1.78 19:-0.77 20:-0.37 21:-0.64 22:-0.30 23:-0.54 24:-0.48 25:-0.36 26:-0.41
XAUUSD,XAGUSD,H1,120,low/sell,1.0000,114,-0.2008,-2.1369,0.4386,385,-0.1290,0.2857,-0.6976,-0.2556,-0.0769,15:-0.40 16:-0.75 17:-0.43 18:+0.78 19:-0.19 20:-0.58 21:+0.28 22:-0.41 23:-0.14 24:-0.13 25:-0.06 26:-0.04
XAUUSD,XAGUSD,H1,120,low/sell,2.0000,114,-0.4008,-3.0985,0.2807,385,-0.2257,0.2156,-1.2152,-0.4765,-0.2299,15:-0.66 16:-0.88 17:-0.40 18:+0.56 19:-0.38 20:-0.84 21:-0.05 22:-0.89 23:-0.06 24:-0.65 25:-0.22 26:+0.15
XAUUSD,XAGUSD,H1,120,high/buy,1.0000,146,-0.0553,-0.6718,0.5137,330,-0.0174,0.2970,-0.4072,-0.0843,-0.0030,15:-0.32 16:+0.06 17:+0.68 18:-0.30 19:-0.06 20:-0.37 21:-0.09 22:-0.06 23:+0.08 24:-0.32 25:+0.06 26:+0.49
XAUUSD,XAGUSD,H1,120,high/buy,2.0000,146,-0.2394,-2.0166,0.3288,330,-0.0949,0.2333,-1.0501,-0.3920,0.0364,15:-0.65 16:-0.71 17:-0.15 18:-0.84 19:-0.31 20:-0.13 21:-0.47 22:-0.48 23:-0.20 24:-0.20 25:-0.08 26:+0.87
XAUUSD,XAGUSD,H1,24,low/sell,1.0000,321,-0.2631,-4.8835,0.3956,1832,-0.1179,0.2860,-2.5452,-0.3286,-0.1376,15:-0.72 16:-0.51 17:-0.99 18:-0.34 19:-0.51 20:-0.30 21:-0.29 22:-0.28 23:-0.03 24:-0.29 25:-0.01 26:-0.15
XAUUSD,XAGUSD,H1,24,low/sell,2.0000,321,-0.4514,-6.0242,0.2648,1832,-0.2236,0.2183,-2.8354,-0.4861,-0.3850,15:-0.90 16:-0.60 17:-1.38 18:-0.80 19:-0.72 20:-0.31 21:-0.47 22:-0.36 23:-0.29 24:-0.49 25:-0.20 26:-0.51
XAUUSD,XAGUSD,H1,24,high/buy,1.0000,398,-0.1905,-3.8487,0.4497,1654,-0.1076,0.2811,-1.5558,-0.2913,-0.0698,15:-0.25 16:-0.10 17:-0.78 18:-0.77 19:-0.56 20:-0.19 21:-0.44 22:-0.21 23:-0.19 24:-0.08 25:-0.13 26:+0.07
XAUUSD,XAGUSD,H1,24,high/buy,2.0000,398,-0.3934,-5.6653,0.2915,1654,-0.2177,0.2164,-2.3144,-0.4759,-0.2946,15:-1.02 16:-0.31 17:-1.56 18:-0.89 19:-0.79 20:-0.17 21:-0.73 22:-0.34 23:-0.26 24:-0.22 25:-0.31 26:-0.40
XAUUSD,XAGUSD,H4,120,low/sell,1.0000,39,-0.2559,-1.6577,0.3846,106,-0.0673,0.3302,-1.0711,-0.2845,-0.1604,15:-0.64 16:+0.23 17:+0.83 18:-0.21 19:-1.34 20:-0.13 21:+0.13 22:-0.62 23:-0.76 24:-0.41 25:-0.35 26:+0.28
XAUUSD,XAGUSD,H4,120,low/sell,2.0000,39,-0.1322,-0.5696,0.3590,106,-0.1278,0.2358,-0.0167,-0.2422,0.2348,15:-0.53 16:+0.79 17:+1.65 18:+0.09 19:-1.69 20:-0.06 21:-0.14 22:-1.06 23:-0.72 24:-0.15 25:-0.04 26:+0.89
XAUUSD,XAGUSD,H4,120,high/buy,1.0000,58,-0.1661,-1.2454,0.4483,84,0.0214,0.2976,-1.1877,-0.0050,-0.6279,15:-0.54 16:+0.79 17:+0.28 18:-0.49 19:-0.84 20:+0.10 21:+0.20 22:-0.03 23:+0.19 24:-0.42 25:-0.72 26:-1.20
XAUUSD,XAGUSD,H4,120,high/buy,2.0000,58,-0.3678,-2.0205,0.2759,84,-0.0796,0.2024,-1.2777,-0.3138,-0.5226,15:-0.41 16:+0.89 17:+0.07 18:-1.31 19:-1.47 20:+0.00 21:+0.03 22:-0.30 23:-0.37 24:-0.17 25:-0.68 26:-1.40
XAUUSD,XAGUSD,H4,24,low/sell,1.0000,108,-0.2569,-2.7685,0.3796,518,-0.1082,0.2683,-1.4944,-0.3070,-0.1264,15:-1.02 16:-0.46 17:-0.37 18:-0.75 19:+0.01 20:-0.28 21:+0.39 22:-0.48 23:-0.09 24:-0.39 25:+0.02 26:+0.03
XAUUSD,XAGUSD,H4,24,low/sell,2.0000,108,-0.3405,-2.4940,0.2963,518,-0.1867,0.1988,-1.0468,-0.3493,-0.3175,15:-1.16 16:-0.95 17:-0.82 18:-0.76 19:+0.18 20:-0.72 21:+0.77 22:-0.42 23:+0.22 24:-0.58 25:-0.30 26:+0.06
XAUUSD,XAGUSD,H4,24,high/buy,1.0000,138,-0.1554,-1.8461,0.4638,467,-0.0809,0.2869,-0.8093,-0.1310,-0.2042,15:-0.85 16:-0.04 17:+0.67 18:-0.07 19:-0.07 20:-0.03 21:-0.27 22:+0.06 23:-0.20 24:-0.44 25:-0.21 26:+0.29
XAUUSD,XAGUSD,H4,24,high/buy,2.0000,138,-0.2454,-2.0428,0.3261,467,-0.1493,0.2206,-0.7214,-0.2539,-0.2283,15:-0.86 16:-0.95 17:+0.59 18:+0.27 19:-0.04 20:+0.05 21:-0.32 22:-0.31 23:-0.30 24:-0.58 25:-0.36 26:+0.84
XAGUSD,XAUUSD,M15,120,low/sell,1.0000,621,-0.1109,-2.8154,0.4670,1600,-0.1047,0.2825,-0.1400,-0.1211,-0.0812,15:+0.02 16:-0.05 17:-0.06 18:-0.36 19:-0.15 20:-0.10 21:+0.05 22:-0.05 23:-0.27 24:-0.09 25:-0.15 26:+0.01
XAGUSD,XAUUSD,M15,120,low/sell,2.0000,621,-0.1677,-2.9660,0.3285,1600,-0.1368,0.2206,-0.4791,-0.1450,-0.2345,15:+0.09 16:-0.01 17:+0.04 18:-0.33 19:-0.49 20:-0.07 21:-0.08 22:-0.04 23:-0.30 24:-0.26 25:-0.20 26:-0.23
XAGUSD,XAUUSD,M15,120,high/buy,1.0000,676,-0.1567,-4.1422,0.4482,1473,-0.0390,0.2987,-2.7039,-0.1322,-0.2119,15:-0.10 16:-0.03 17:-0.25 18:-0.16 19:-0.07 20:-0.14 21:-0.29 22:-0.12 23:-0.09 24:-0.30 25:-0.18 26:-0.15
XAGUSD,XAUUSD,M15,120,high/buy,2.0000,676,-0.3112,-5.8605,0.2870,1473,-0.0875,0.2213,-3.5878,-0.3191,-0.2933,15:-0.30 16:-0.23 17:-0.51 18:-0.55 19:-0.44 20:-0.09 21:-0.67 22:-0.16 23:-0.16 24:-0.46 25:-0.24 26:-0.14
XAGUSD,XAUUSD,M15,24,low/sell,1.0000,2045,-0.2283,-10.5669,0.4166,8087,-0.0853,0.2885,-6.1108,-0.2298,-0.2243,15:-0.29 16:-0.39 17:-0.18 18:-0.36 19:-0.32 20:-0.23 21:-0.29 22:-0.05 23:-0.14 24:-0.17 25:-0.16 26:-0.38
XAGUSD,XAUUSD,M15,24,low/sell,2.0000,2045,-0.3991,-13.2188,0.2753,8087,-0.1480,0.2204,-7.5653,-0.4185,-0.3457,15:-0.49 16:-0.53 17:-0.49 18:-0.64 19:-0.51 20:-0.40 21:-0.52 22:-0.23 23:-0.23 24:-0.26 25:-0.26 26:-0.57
XAGUSD,XAUUSD,M15,24,high/buy,1.0000,2218,-0.2187,-10.5130,0.4202,7686,-0.0877,0.2983,-5.7336,-0.2664,-0.1229,15:-0.42 16:-0.36 17:-0.31 18:-0.23 19:-0.14 20:-0.25 21:-0.31 22:-0.17 23:-0.29 24:-0.09 25:-0.17 26:-0.09
XAGUSD,XAUUSD,M15,24,high/buy,2.0000,2218,-0.3646,-12.4074,0.2831,7686,-0.1599,0.2235,-6.2645,-0.4603,-0.1728,15:-0.50 16:-0.62 17:-0.50 18:-0.57 19:-0.50 20:-0.44 21:-0.57 22:-0.23 23:-0.41 24:-0.18 25:-0.16 26:-0.18
XAGUSD,XAUUSD,H1,120,low/sell,1.0000,168,-0.0986,-1.3031,0.4464,382,-0.1211,0.2487,0.2601,-0.0869,-0.1349,15:-0.26 16:-0.08 17:-0.03 18:+0.45 19:-0.27 20:-0.30 21:+0.19 22:+0.02 23:-0.52 24:-0.05 25:-0.29 26:-0.12
XAGUSD,XAUUSD,H1,120,low/sell,2.0000,168,-0.1426,-1.3356,0.2976,382,-0.1203,0.1937,-0.1809,-0.2276,0.1205,15:-0.47 16:-0.41 17:+0.17 18:+0.44 19:-0.39 20:-0.55 21:+0.01 22:-0.40 23:-0.46 24:+0.19 25:-0.21 26:+0.31
XAGUSD,XAUUSD,H1,120,high/buy,1.0000,180,-0.1308,-1.7695,0.4333,359,0.0343,0.3315,-1.9253,-0.1023,-0.1907,15:-0.40 16:+0.19 17:+0.19 18:-0.18 19:-0.34 20:+0.23 21:-0.53 22:-0.03 23:-0.30 24:-0.57 25:-0.07 26:+0.05
XAGUSD,XAUUSD,H1,120,high/buy,2.0000,180,-0.3034,-3.0237,0.2611,359,0.0098,0.2479,-2.5934,-0.2908,-0.3298,15:-0.93 16:+0.31 17:+0.21 18:-0.19 19:-0.49 20:-0.03 21:-0.80 22:-0.23 23:-0.84 24:-0.73 25:-0.18 26:-0.13
XAGUSD,XAUUSD,H1,24,low/sell,1.0000,508,-0.1751,-4.0704,0.4193,2114,-0.0651,0.2990,-2.3585,-0.1552,-0.2371,15:-0.09 16:-0.03 17:+0.04 18:+0.06 19:-0.47 20:-0.16 21:-0.19 22:-0.26 23:-0.23 24:-0.23 25:-0.13 26:-0.40
XAGUSD,XAUUSD,H1,24,low/sell,2.0000,508,-0.2835,-4.7077,0.2815,2114,-0.1148,0.2204,-2.5539,-0.2853,-0.2778,15:-0.35 16:-0.21 17:-0.08 18:-0.13 19:-0.57 20:-0.50 21:-0.26 22:-0.27 23:-0.30 24:-0.30 25:-0.15 26:-0.42
XAGUSD,XAUUSD,H1,24,high/buy,1.0000,559,-0.1416,-3.4273,0.4419,1971,-0.0312,0.3156,-2.4324,-0.1292,-0.1694,15:-0.10 16:-0.02 17:-0.28 18:-0.32 19:-0.15 20:-0.05 21:-0.13 22:-0.06 23:-0.09 24:-0.27 25:-0.12 26:-0.12
XAGUSD,XAUUSD,H1,24,high/buy,2.0000,559,-0.2373,-4.0557,0.2970,1971,-0.1062,0.2227,-2.0188,-0.2045,-0.3105,15:-0.23 16:+0.04 17:-0.49 18:-0.28 19:-0.32 20:-0.12 21:-0.39 22:-0.00 23:-0.08 24:-0.44 25:-0.23 26:-0.28
XAGUSD,XAUUSD,H4,120,low/sell,1.0000,44,-0.0286,-0.1935,0.4773,102,-0.0518,0.2255,0.1380,0.1910,-1.0169,15:+0.08 16:-0.03 17:+0.97 18:+0.71 19:-0.36 20:-0.00 21:+0.49 22:+0.47 23:-0.60 24:-1.02 25:-1.00 26:-1.03
XAGUSD,XAUUSD,H4,120,low/sell,2.0000,44,-0.0572,-0.2734,0.3182,102,-0.1943,0.1275,0.5772,0.1598,-1.0339,15:-0.50 16:+0.45 17:+1.94 18:+0.67 19:-0.04 20:-1.00 21:-0.26 22:+0.44 23:-0.41 24:-1.03 25:-1.00 26:-1.07
XAGUSD,XAUUSD,H4,120,high/buy,1.0000,53,0.0246,0.1778,0.5094,86,0.1118,0.3488,-0.5338,-0.1539,0.4373,15:+0.47 16:-0.56 17:-0.41 18:-0.53 19:-0.06 20:-0.02 21:-0.51 22:+0.07 23:-0.01 24:+0.65 25:+0.31 26:+0.32
XAGUSD,XAUUSD,H4,120,high/buy,2.0000,53,0.1822,0.8777,0.4151,86,0.0430,0.2326,0.5603,0.0730,0.4349,15:+1.19 16:-0.36 17:-0.16 18:-0.30 19:+0.38 20:+0.47 21:-0.27 22:-0.02 23:-0.26 24:+0.96 25:+0.19 26:-0.03
XAGUSD,XAUUSD,H4,24,low/sell,1.0000,152,-0.0322,-0.4059,0.4671,538,-0.0933,0.2602,0.7065,0.0135,-0.2035,15:+0.16 16:+0.05 17:-0.01 18:+0.08 19:-0.26 20:+0.12 21:-0.16 22:+0.23 23:-0.10 24:-0.14 25:-0.02 26:-0.54
XAGUSD,XAUUSD,H4,24,low/sell,2.0000,152,0.0962,0.8252,0.3684,538,-0.1495,0.1914,1.9237,0.0921,0.1120,15:+0.14 16:+0.55 17:+0.20 18:+0.58 19:-0.13 20:-0.10 21:-0.11 22:+0.08 23:-0.30 24:+0.25 25:+0.26 26:-0.32
XAGUSD,XAUUSD,H4,24,high/buy,1.0000,159,-0.1167,-1.5147,0.4214,502,-0.0286,0.3207,-1.0287,-0.1084,-0.1317,15:+0.03 16:+0.01 17:-0.19 18:+0.01 19:-0.19 20:-0.31 21:-0.47 22:+0.19 23:-0.14 24:-0.16 25:-0.06 26:-0.25
XAGUSD,XAUUSD,H4,24,high/buy,2.0000,159,-0.1569,-1.4328,0.2893,502,-0.1246,0.2151,-0.2636,-0.2036,-0.0734,15:+0.17 16:-0.21 17:-0.16 18:+0.39 19:-0.48 20:-0.53 21:-0.76 22:+0.24 23:-0.42 24:-0.24 25:+0.03 26:-0.11
