symbol,n,avgR,t,perm_mean,p_symbol,in_A
TSLA,1283,0.0742,1.8921,-0.0247,0.0150,True
AVGO,1126,0.0885,1.7114,-0.0259,0.0280,False
US100.cash,1252,0.0773,1.6292,-0.0073,0.0569,True
INTC,1339,0.0714,1.4433,-0.0164,0.0559,False
US500.cash,1247,0.0571,0.9824,-0.0283,0.0699,True
XOM,1373,0.0323,0.7337,-0.0322,0.0899,False
MSFT,2444,0.0207,0.6991,-0.0674,0.0110,False
NKE,1355,0.0288,0.6618,-0.0317,0.0989,False
QCOM,1364,0.0218,0.4611,-0.0052,0.2827,False
PLTR,1331,0.0150,0.3659,-0.0060,0.3746,False
US2000.cash,2147,0.0122,0.3457,-0.0415,0.0929,False
NVDA,1272,0.0046,0.1096,-0.0827,0.0460,False
BA,1360,0.0024,0.0587,-0.0017,0.4436,False
MSTR,1088,0.0001,0.0023,0.0064,0.4895,False
GOOG,1284,-0.0013,-0.0309,-0.0505,0.1319,False
XAUUSD,2922,-0.0154,-0.4458,-0.0557,0.0819,True
JPM,1362,-0.0192,-0.4672,-0.0183,0.4875,False
AMZN,1277,-0.0251,-0.6095,-0.0429,0.3646,False
META,1279,-0.0270,-0.6418,-0.0284,0.4865,False
DIS,1360,-0.0423,-1.0441,-37103.4420,0.6933,False
AAPL,2461,-0.0311,-1.1062,-0.0466,0.3117,True
JNJ,1359,-0.0511,-1.1401,0.0664,0.7133,False
CVX,1372,-0.0516,-1.2305,-0.0170,0.7552,False
NFLX,1276,-0.0605,-1.3594,-0.1269,0.1029,False
US30.cash,1762,-0.0547,-1.4982,0.0004,0.8891,False
KO,1353,-0.0744,-1.6399,-0.0575,0.6553,False
MCD,638,-0.1221,-1.7681,-0.0521,0.8521,False
BABA,1276,-0.0802,-2.3099,-0.0539,0.7313,False
V,1242,-0.1056,-2.4598,-0.1002,0.5674,False
WMT,1264,-0.1347,-3.4443,-0.1646,0.3067,False
AMD,1396,-0.1464,-3.9088,-0.0112,0.9990,False
ZM,1278,-0.1766,-4.9186,-0.0580,0.9970,False
BAC,1269,-0.2546,-6.3951,-0.1715,0.7892,False
PFE,1265,-0.4351,-10.3983,-0.2766,0.9820,False
T,1255,-0.4671,-11.8067,-0.4349,0.7682,False
