rule,asset,group,tf,n,per_yr,avgR,t,win,coin,longs,shorts,is_,oos,yrs_pos,worst,hold_h,rr,candidate
R3A gotobi 0900-0945,ADAUSD,crypto,M15,712,143.9966777408638,-0.22435011,-11.815532374751765,0.29353932584269665,-0.22435011,-0.233859,-0.21484117,-0.2794739007949829,-0.18036239,0/6,-0.34646422,0.6666667,4e+06,False
R3A non-gotobi 0900-0945,ADAUSD,crypto,M15,1714,345.3052950910094,-0.2176013,-17.708709579580383,0.29054842473745623,-0.2176013,-0.20899598,-0.22620662,-0.25919589400291443,-0.18430816,0/6,-0.31360686,0.6666667,4e+06,False
R3B all days 0900-0945,ADAUSD,crypto,M15,2426,488.746001103144,-0.219582,-21.28926168526806,0.2914262159934048,-0.219582,-0.21629295,-0.222871,-0.2651400566101074,-0.18314901,0/6,-0.32322365,0.6666667,4e+06,False
R3C gotobi 1000-1100,ADAUSD,crypto,M15,712,143.9966777408638,-0.21352875,-9.813770163002893,0.3089887640449438,-0.21352875,-0.19035803,-0.23669946,-0.25328803062438965,-0.18180162,0/6,-0.30717748,0.9166667,4e+06,False
R3C all days 1000-1100,ADAUSD,crypto,M15,2426,488.746001103144,-0.2149842,-18.457421712073874,0.3120362737015664,-0.2149842,-0.23261364,-0.1973548,-0.25805869698524475,-0.18053737,0/6,-0.3156541,0.9166667,4e+06,False
R3 fake gotobi 1100-1145,ADAUSD,crypto,M15,712,143.9966777408638,-0.21800375,-12.825981231985397,0.27247191011235955,-0.21800378,-0.21959653,-0.21641096,-0.258485347032547,-0.18570027,0/6,-0.320548,0.6666667,4e+06,False
R3C gotobi 1000-1100,ADAUSD,crypto,M30,712,143.9966777408638,-0.21352875,-9.813770163002893,0.3089887640449438,-0.21352875,-0.19035803,-0.23669946,-0.25328803062438965,-0.18180162,0/6,-0.30717748,0.9166667,4e+06,False
R3C all days 1000-1100,ADAUSD,crypto,M30,2426,488.746001103144,-0.2149842,-18.457421712073874,0.3120362737015664,-0.2149842,-0.23261364,-0.1973548,-0.25805869698524475,-0.18053737,0/6,-0.3156541,0.9166667,4e+06,False
R3A gotobi 0900-0945,AUDCAD,fx,M15,1664,142.10334346504558,-0.14143254,-11.736864826929496,0.3503605769230769,-0.14143254,-0.14072552,-0.14213954,-0.1519743800163269,-0.10745243,0/12,-0.28386492,0.5,4e+06,False
R3A non-gotobi 0900-0945,AUDCAD,fx,M15,4036,344.668926817863,-0.14100243,-17.16510749752494,0.36496531219028744,-0.14100243,-0.13390177,-0.1481031,-0.1504625678062439,-0.11035637,0/12,-0.2777745,0.5,4e+06,False
R3B all days 0900-0945,AUDCAD,fx,M15,5700,486.65848527349226,-0.14112799,-20.763478413560573,0.3607017543859649,-0.14112799,-0.1358938,-0.14636216,-0.15090355277061462,-0.10950635,0/12,-0.2793199,0.5,4e+06,False
R3C gotobi 1000-1100,AUDCAD,fx,M15,1664,142.10334346504558,-0.15098716,-10.114458976462192,0.3870192307692308,-0.15098716,-0.116558835,-0.1854155,-0.16544993221759796,-0.10436863,0/12,-0.31727144,0.75,4e+06,False
R3C all days 1000-1100,AUDCAD,fx,M15,5698,486.4877279102384,-0.14390157,-17.344393515545168,0.38996138996138996,-0.14390156,-0.10899017,-0.17881295,-0.154764786362648,-0.108777665,0/12,-0.28038096,0.75,4e+06,False
R3 fake gotobi 1100-1145,AUDCAD,fx,M15,1664,142.10334346504558,-0.14737616,-12.732657662589235,0.3551682692307692,-0.14737616,-0.14127153,-0.1534808,-0.15902075171470642,-0.109841555,0/12,-0.29521188,0.5,4e+06,False
R3C gotobi 1000-1100,AUDCAD,fx,M30,1664,142.10334346504558,-0.15098716,-10.114458976462192,0.3870192307692308,-0.15098716,-0.116558835,-0.1854155,-0.16544993221759796,-0.10436863,0/12,-0.31727144,0.75,4e+06,False
R3C all days 1000-1100,AUDCAD,fx,M30,5698,486.4877279102384,-0.14390157,-17.344393515545168,0.38996138996138996,-0.14390156,-0.10899017,-0.17881295,-0.154764786362648,-0.108777665,0/12,-0.28038096,0.75,4e+06,False
R3A gotobi 0900-0945,AUDCHF,fx,M15,1664,142.10334346504558,-0.12770626,-10.661385222958023,0.3786057692307692,-0.12770626,-0.11609464,-0.13931787,-0.1367909163236618,-0.098423265,0/12,-0.2483135,0.5,4e+06,False
R3A non-gotobi 0900-0945,AUDCHF,fx,M15,4036,344.668926817863,-0.12770376,-16.14062054548028,0.3773538156590684,-0.12770376,-0.12688917,-0.12851833,-0.13294799625873566,-0.11071504,0/12,-0.24261805,0.5,4e+06,False
R3B all days 0900-0945,AUDCHF,fx,M15,5700,486.65848527349226,-0.12770449,-19.33911520562217,0.377719298245614,-0.12770447,-0.123737924,-0.13167104,-0.13406890630722046,-0.107117,0/12,-0.24426998,0.5,4e+06,False
R3C gotobi 1000-1100,AUDCHF,fx,M15,1664,142.10334346504558,-0.12915775,-8.67279017606716,0.3936298076923077,-0.12915775,-0.077544086,-0.18077143,-0.13731451332569122,-0.1028656,0/12,-0.2519775,0.75,4e+06,False
R3C all days 1000-1100,AUDCHF,fx,M15,5698,486.4877279102384,-0.12227077,-14.640853076945325,0.39487539487539486,-0.12227077,-0.0789283,-0.16561323,-0.13024035096168518,-0.09650282,0/12,-0.24812268,0.75,4e+06,False
R3 fake gotobi 1100-1145,AUDCHF,fx,M15,1664,142.10334346504558,-0.12745306,-11.380788439168308,0.36538461538461536,-0.12745306,-0.12387729,-0.13102882,-0.13868343830108643,-0.09125358,0/12,-0.27238446,0.5,4e+06,False
R3C gotobi 1000-1100,AUDCHF,fx,M30,1664,142.10334346504558,-0.12915775,-8.67279017606716,0.3936298076923077,-0.12915775,-0.077544086,-0.18077143,-0.13731451332569122,-0.1028656,0/12,-0.2519775,0.75,4e+06,False
R3C all days 1000-1100,AUDCHF,fx,M30,5698,486.4877279102384,-0.12227077,-14.640853076945325,0.39487539487539486,-0.12227077,-0.0789283,-0.16561323,-0.13024035096168518,-0.09650282,0/12,-0.24812268,0.75,4e+06,False
R3A gotobi 0900-0945,AUDJPY,fx,M15,1664,142.10334346504558,-0.07218166,-5.1516089147493895,0.43149038461538464,-0.07218166,-0.036321737,-0.10804158,-0.07459825277328491,-0.06439212,0/12,-0.16088231,0.5,4e+06,False
R3A non-gotobi 0900-0945,AUDJPY,fx,M15,4036,344.668926817863,-0.08157337,-7.128824894312913,0.43954410307234887,-0.08157337,-0.08080313,-0.08234361,-0.08228194713592529,-0.079277955,0/12,-0.19741447,0.5,4e+06,False
R3B all days 0900-0945,AUDJPY,fx,M15,5700,486.65848527349226,-0.07883165,-8.685964925297155,0.43719298245614036,-0.07883165,-0.06781768,-0.08984561,-0.08004072308540344,-0.07492058,0/12,-0.16449283,0.5,4e+06,False
R3C gotobi 1000-1100,AUDJPY,fx,M15,1664,142.10334346504558,-0.07251351,-4.487433170838024,0.4417067307692308,-0.07251351,-0.08139218,-0.06363484,-0.07415203005075455,-0.06723198,0/12,-0.11887217,0.75,4e+06,False
R3C all days 1000-1100,AUDJPY,fx,M15,5698,486.4877279102384,-0.07311358,-7.076885399222655,0.44155844155844154,-0.07311358,-0.06065397,-0.0855732,-0.0747908353805542,-0.06769056,0/12,-0.15696864,0.75,4e+06,False
R3 fake gotobi 1100-1145,AUDJPY,fx,M15,1664,142.10334346504558,-0.06761551,-4.587191162449122,0.4266826923076923,-0.06761551,-0.09550445,-0.03972657,-0.06583943963050842,-0.07334041,0/12,-0.14050342,0.5,4e+06,False
R3C gotobi 1000-1100,AUDJPY,fx,M30,1664,142.10334346504558,-0.07251351,-4.487433170838024,0.4417067307692308,-0.07251351,-0.08139218,-0.06363484,-0.07415203005075455,-0.06723198,0/12,-0.11887217,0.75,4e+06,False
R3C all days 1000-1100,AUDJPY,fx,M30,5698,486.4877279102384,-0.07311358,-7.076885399222655,0.44155844155844154,-0.07311358,-0.06065397,-0.0855732,-0.0747908353805542,-0.06769056,0/12,-0.15696864,0.75,4e+06,False
R3A gotobi 0900-0945,AUDNZD,fx,M15,1664,142.10334346504558,-0.16008036,-10.81326153159317,0.34975961538461536,-0.16008036,-0.17151162,-0.14864911,-0.17406299710273743,-0.11500943,0/12,-0.33430707,0.5,4e+06,False
R3A non-gotobi 0900-0945,AUDNZD,fx,M15,4036,344.668926817863,-0.16398798,-16.875220161213328,0.36744301288404363,-0.16398798,-0.16040833,-0.16756763,-0.1789035052061081,-0.11566917,0/12,-0.3239437,0.5,4e+06,False
R3B all days 0900-0945,AUDNZD,fx,M15,5700,486.65848527349226,-0.16284722,-20.04326759181702,0.362280701754386,-0.16284724,-0.16364971,-0.16204475,-0.17749160528182983,-0.11547604,0/12,-0.32700172,0.5,4e+06,False
R3C gotobi 1000-1100,AUDNZD,fx,M15,1664,142.10334346504558,-0.15504143,-9.207986123737093,0.38341346153846156,-0.15504143,-0.13412288,-0.17595996,-0.17011378705501556,-0.1064579,0/12,-0.34812355,0.75,4e+06,False
R3C all days 1000-1100,AUDNZD,fx,M15,5698,486.4877279102384,-0.15125306,-15.790827438768154,0.38504738504738506,-0.15125306,-0.13469784,-0.16780828,-0.1729186326265335,-0.08120215,0/12,-0.33056578,0.75,4e+06,False
R3 fake gotobi 1100-1145,AUDNZD,fx,M15,1664,142.10334346504558,-0.15536897,-10.580110749156951,0.3515625,-0.15536897,-0.14118315,-0.16955478,-0.18347077071666718,-0.06478707,0/12,-0.33183712,0.5,4e+06,False
R3C gotobi 1000-1100,AUDNZD,fx,M30,1664,142.10334346504558,-0.15504143,-9.207986123737093,0.38341346153846156,-0.15504143,-0.13412288,-0.17595996,-0.17011378705501556,-0.1064579,0/12,-0.34812355,0.75,4e+06,False
R3C all days 1000-1100,AUDNZD,fx,M30,5698,486.4877279102384,-0.15125306,-15.790827438768154,0.38504738504738506,-0.15125306,-0.13469784,-0.16780828,-0.1729186326265335,-0.08120215,0/12,-0.33056578,0.75,4e+06,False
R3A gotobi 0900-0945,AUDUSD,fx,M15,1662,142.0654107184648,-0.0663137,-5.482847558701641,0.43080625752105894,-0.06631369,-0.07114153,-0.061485857,-0.07206171005964279,-0.047691297,0/12,-0.14020357,0.5,4e+06,False
R3A non-gotobi 0900-0945,AUDUSD,fx,M15,4036,344.668926817863,-0.06651081,-8.067353842228414,0.42814667988107036,-0.06651081,-0.07226076,-0.060760844,-0.07060886174440384,-0.053235166,0/12,-0.09872928,0.5,4e+06,False
R3B all days 0900-0945,AUDUSD,fx,M15,5698,486.60147299509003,-0.066453315,-9.741030295861066,0.42892242892242893,-0.066453315,-0.071934305,-0.060972314,-0.07103263586759567,-0.051618207,0/12,-0.11087656,0.5,4e+06,False
R3C gotobi 1000-1100,AUDUSD,fx,M15,1662,142.0654107184648,-0.07039958,-4.614580055692529,0.44103489771359805,-0.07039958,-0.040720478,-0.10007868,-0.0736304223537445,-0.05993234,0/12,-0.12797369,0.75,4e+06,False
R3C all days 1000-1100,AUDUSD,fx,M15,5696,486.43067570727146,-0.067466326,-7.928756160936152,0.445751404494382,-0.067466326,-0.031180052,-0.1037526,-0.0717364251613617,-0.05363931,0/12,-0.11620459,0.75,4e+06,False
R3 fake gotobi 1100-1145,AUDUSD,fx,M15,1662,142.0654107184648,-0.069871865,-5.725498972720672,0.4314079422382672,-0.069871865,-0.059363812,-0.08037991,-0.07478046417236328,-0.053969003,0/12,-0.14597678,0.5,4e+06,False
R3C gotobi 1000-1100,AUDUSD,fx,M30,1662,142.0654107184648,-0.07039958,-4.614580055692529,0.44103489771359805,-0.07039958,-0.040720478,-0.10007868,-0.0736304223537445,-0.05993234,0/12,-0.12797369,0.75,4e+06,False
R3C all days 1000-1100,AUDUSD,fx,M30,5696,486.43067570727146,-0.067466326,-7.928756160936152,0.445751404494382,-0.067466326,-0.031180052,-0.1037526,-0.0717364251613617,-0.05363931,0/12,-0.11620459,0.75,4e+06,False
R3A gotobi 0900-0945,AUS200.cash,index,M15,972,128.58493299529155,-0.27010775,-9.59217612164527,0.3724279835390947,-0.27010775,-0.3066537,-0.23356177,-0.41909706592559814,-0.037998125,0/8,-0.7752901,0.6666667,4e+06,False
R3A non-gotobi 0900-0945,AUS200.cash,index,M15,2398,316.4268424855491,-0.28359428,-16.190624595354077,0.36613844870725604,-0.28359425,-0.32349855,-0.24369001,-0.42566797137260437,-0.05854221,0/8,-0.75307524,0.6666667,4e+06,False
R3B all days 0900-0945,AUS200.cash,index,M15,3370,444.68659682080926,-0.2797044,-18.804017723479014,0.36795252225519287,-0.2797044,-0.31864,-0.24076876,-0.42378145456314087,-0.052573748,0/8,-0.75957024,0.6666667,4e+06,False
R3C gotobi 1000-1100,AUS200.cash,index,M15,1020,134.59356936416185,-0.27598438,-11.36107837901338,0.35980392156862745,-0.27598438,-0.31118995,-0.24077877,-0.4060535430908203,-0.0569205,0/8,-0.78718144,0.9166667,4e+06,False
R3C all days 1000-1100,AUS200.cash,index,M15,3532,465.2228633249189,-0.27354392,-20.478684732070505,0.3686296715741789,-0.2735439,-0.2859099,-0.26117793,-0.39905035495758057,-0.06014457,0/8,-0.78413415,0.9166667,4e+06,False
R3 fake gotobi 1100-1145,AUS200.cash,index,M15,1020,134.59356936416185,-0.27120247,-14.100794498205083,0.3333333333333333,-0.27120247,-0.24026716,-0.30213782,-0.40021950006484985,-0.05391066,0/8,-0.7575603,0.6666667,4e+06,False
R3C gotobi 1000-1100,AUS200.cash,index,M30,1020,134.59356936416185,-0.27598438,-11.36107837901338,0.35980392156862745,-0.27598438,-0.31118995,-0.24077877,-0.4060535430908203,-0.0569205,0/8,-0.78718144,0.9166667,4e+06,False
R3C all days 1000-1100,AUS200.cash,index,M30,3532,465.2228633249189,-0.27354392,-20.478684732070505,0.3686296715741789,-0.2735439,-0.2859099,-0.26117793,-0.39905035495758057,-0.06014457,0/8,-0.78413415,0.9166667,4e+06,False
R3A gotobi 0900-0945,BTCUSD,crypto,M15,1240,142.6488188976378,-0.106229916,-8.22309251089179,0.3959677419354839,-0.106229916,-0.10816611,-0.10429373,-0.11731698364019394,-0.08259993,0/9,-0.20615683,0.6666667,4e+06,False
R3A non-gotobi 0900-0945,BTCUSD,crypto,M15,3004,344.92643822697266,-0.100910395,-11.787992962783033,0.38315579227696406,-0.100910395,-0.0961257,-0.10569511,-0.10838580876588821,-0.08479745,0/9,-0.17662005,0.6666667,4e+06,False
R3B all days 0900-0945,BTCUSD,crypto,M15,4244,487.3061930210626,-0.10246464,-14.354784733690215,0.3868991517436381,-0.10246464,-0.099643625,-0.10528566,-0.11098867654800415,-0.08415189,0/9,-0.18511346,0.6666667,4e+06,False
R3C gotobi 1000-1100,BTCUSD,crypto,M15,1242,142.8788976377953,-0.100043006,-7.186718453814144,0.3752012882447665,-0.100043006,-0.116233125,-0.08385288,-0.11069867014884949,-0.07727861,0/9,-0.21242097,0.9166667,4e+06,False
R3C all days 1000-1100,BTCUSD,crypto,M15,4246,487.53583778685953,-0.09752801,-12.643840072234202,0.38459726801695715,-0.09752801,-0.11432852,-0.0807275,-0.10670839995145798,-0.077791534,0/9,-0.19273913,0.9166667,4e+06,False
R3 fake gotobi 1100-1145,BTCUSD,crypto,M15,1242,142.8788976377953,-0.09901571,-8.409914014130113,0.3462157809983897,-0.09901572,-0.10765711,-0.09037432,-0.10656518489122391,-0.08288729,0/9,-0.2010873,0.6666667,4e+06,False
R3C gotobi 1000-1100,BTCUSD,crypto,M30,1242,142.8788976377953,-0.100043006,-7.186718453814144,0.3752012882447665,-0.100043006,-0.116233125,-0.08385288,-0.11069867014884949,-0.07727861,0/9,-0.21242097,0.9166667,4e+06,False
R3C all days 1000-1100,BTCUSD,crypto,M30,4246,487.53583778685953,-0.09752801,-12.643840072234202,0.38459726801695715,-0.09752801,-0.11432852,-0.0807275,-0.10670839995145798,-0.077791534,0/9,-0.19273913,0.9166667,4e+06,False
R3A gotobi 0900-0945,CADCHF,fx,M15,1664,142.10334346504558,-0.18203172,-22.240418022115872,0.2644230769230769,-0.18203172,-0.16823667,-0.19582677,-0.18862545490264893,-0.16077779,0/12,-0.31699428,0.5,4e+06,False
R3A non-gotobi 0900-0945,CADCHF,fx,M15,4036,344.668926817863,-0.17700987,-33.0319377750322,0.27601585728444006,-0.17700987,-0.17488766,-0.17913207,-0.18273870646953583,-0.1584513,0/12,-0.31321546,0.5,4e+06,False
R3B all days 0900-0945,CADCHF,fx,M15,5700,486.65848527349226,-0.1784759,-39.805304434126946,0.27263157894736845,-0.17847587,-0.17294604,-0.18400575,-0.1844557821750641,-0.15913232,0/12,-0.31433052,0.5,4e+06,False
R3C gotobi 1000-1100,CADCHF,fx,M15,1664,142.10334346504558,-0.17673633,-19.059454937031212,0.28305288461538464,-0.17673633,-0.1531844,-0.20028822,-0.1859375238418579,-0.14707756,0/12,-0.3186339,0.75,4e+06,False
R3C all days 1000-1100,CADCHF,fx,M15,5698,486.4877279102384,-0.17503475,-34.452602748344404,0.28676728676728674,-0.17503475,-0.15527144,-0.19479808,-0.1817580610513687,-0.15329644,0/12,-0.30505145,0.75,4e+06,False
R3 fake gotobi 1100-1145,CADCHF,fx,M15,1664,142.10334346504558,-0.18051402,-24.39854014027565,0.2439903846153846,-0.18051402,-0.18294412,-0.17808393,-0.19126692414283752,-0.14585367,0/12,-0.33563244,0.5,4e+06,False
R3C gotobi 1000-1100,CADCHF,fx,M30,1664,142.10334346504558,-0.17673633,-19.059454937031212,0.28305288461538464,-0.17673633,-0.1531844,-0.20028822,-0.1859375238418579,-0.14707756,0/12,-0.3186339,0.75,4e+06,False
R3C all days 1000-1100,CADCHF,fx,M30,5698,486.4877279102384,-0.17503475,-34.452602748344404,0.28676728676728674,-0.17503475,-0.15527144,-0.19479808,-0.1817580610513687,-0.15329644,0/12,-0.30505145,0.75,4e+06,False
R3A gotobi 0900-0945,CADJPY,fx,M15,1664,142.10334346504558,-0.09540338,-8.230147368107437,0.4092548076923077,-0.09540338,-0.056940295,-0.13386646,-0.09426065534353256,-0.099086784,0/12,-0.2022489,0.5,4e+06,False
R3A non-gotobi 0900-0945,CADJPY,fx,M15,4036,344.668926817863,-0.09018118,-11.807117266619105,0.41377601585728446,-0.09018118,-0.09485474,-0.085507624,-0.09190835058689117,-0.08458601,0/12,-0.18929617,0.5,4e+06,False
R3B all days 0900-0945,CADJPY,fx,M15,5700,486.65848527349226,-0.09170569,-14.375819981761559,0.4124561403508772,-0.091705695,-0.083786376,-0.09962501,-0.09259448945522308,-0.088830665,0/12,-0.19305302,0.5,4e+06,False
R3C gotobi 1000-1100,CADJPY,fx,M15,1664,142.10334346504558,-0.090532504,-7.383993343415826,0.40625,-0.090532504,-0.12797382,-0.053091187,-0.09180507808923721,-0.0864306,0/12,-0.19075762,0.75,4e+06,False
R3C all days 1000-1100,CADJPY,fx,M15,5698,486.4877279102384,-0.08930482,-12.981697184312171,0.4075114075114075,-0.08930481,-0.1001944,-0.07841523,-0.08873273432254791,-0.091154546,0/12,-0.1915008,0.75,4e+06,False
R3 fake gotobi 1100-1145,CADJPY,fx,M15,1664,142.10334346504558,-0.08755174,-7.169729083666904,0.37560096153846156,-0.08755174,-0.11522273,-0.05988074,-0.08829253166913986,-0.08516389,0/12,-0.20200188,0.5,4e+06,False
R3C gotobi 1000-1100,CADJPY,fx,M30,1664,142.10334346504558,-0.090532504,-7.383993343415826,0.40625,-0.090532504,-0.12797382,-0.053091187,-0.09180507808923721,-0.0864306,0/12,-0.19075762,0.75,4e+06,False
R3C all days 1000-1100,CADJPY,fx,M30,5698,486.4877279102384,-0.08930482,-12.981697184312171,0.4075114075114075,-0.08930481,-0.1001944,-0.07841523,-0.08873273432254791,-0.091154546,0/12,-0.1915008,0.75,4e+06,False
R3A gotobi 0900-0945,CHFJPY,fx,M15,1664,142.10334346504558,-0.09844394,-8.471513249964943,0.3954326923076923,-0.09844394,-0.06411812,-0.13276976,-0.10155393183231354,-0.08841934,0/12,-0.17991842,0.5,4e+06,False
R3A non-gotobi 0900-0945,CHFJPY,fx,M15,4036,344.668926817863,-0.09857341,-13.504779564863211,0.4031219028741328,-0.09857341,-0.10499822,-0.0921486,-0.10136491060256958,-0.08953037,0/12,-0.18220545,0.5,4e+06,False
R3B all days 0900-0945,CHFJPY,fx,M15,5700,486.65848527349226,-0.098535605,-15.939985180055183,0.40087719298245617,-0.09853562,-0.09306411,-0.10400713,-0.10142004489898682,-0.089205146,0/12,-0.18153562,0.5,4e+06,False
R3C gotobi 1000-1100,CHFJPY,fx,M15,1664,142.10334346504558,-0.09787366,-8.230378351295013,0.39603365384615385,-0.09787366,-0.16668247,-0.029064856,-0.10281817615032196,-0.081935726,0/12,-0.19419518,0.75,4e+06,False
R3C all days 1000-1100,CHFJPY,fx,M15,5698,486.4877279102384,-0.098620005,-15.293526210441746,0.4047034047034047,-0.098620005,-0.13247196,-0.064768046,-0.1022825837135315,-0.08677785,0/12,-0.19283232,0.75,4e+06,False
R3 fake gotobi 1100-1145,CHFJPY,fx,M15,1664,142.10334346504558,-0.08990068,-6.896496639681318,0.3737980769230769,-0.08990068,-0.118003435,-0.06179792,-0.09052880108356476,-0.08787599,0/12,-0.20085151,0.5,4e+06,False
R3C gotobi 1000-1100,CHFJPY,fx,M30,1664,142.10334346504558,-0.09787366,-8.230378351295013,0.39603365384615385,-0.09787366,-0.16668247,-0.029064856,-0.10281817615032196,-0.081935726,0/12,-0.19419518,0.75,4e+06,False
R3C all days 1000-1100,CHFJPY,fx,M30,5698,486.4877279102384,-0.098620005,-15.293526210441746,0.4047034047034047,-0.098620005,-0.13247196,-0.064768046,-0.1022825837135315,-0.08677785,0/12,-0.19283232,0.75,4e+06,False
R3A gotobi 0900-0945,CORN.c,soft,M15,332,95.6332807570978,-0.39347765,-14.772234770764124,0.1897590361445783,-0.3934777,-0.3777308,-0.40922454,-0.027587829157710075,-0.50583756,0/4,-0.65535975,0.6666667,4e+06,False
R3A non-gotobi 0900-0945,CORN.c,soft,M15,798,230.228672985782,-0.3878785,-18.829563955754505,0.22055137844611528,-0.3878785,-0.36240903,-0.413348,-0.023333249613642693,-0.49253824,0/4,-0.6462733,0.6666667,4e+06,False
R3B all days 0900-0945,CORN.c,soft,M15,1130,325.4988170347003,-0.38952357,-23.589585128486814,0.21150442477876105,-0.3895236,-0.36691067,-0.4121365,-0.024629566818475723,-0.49640325,0/4,-0.648921,0.6666667,4e+06,False
R3C gotobi 1000-1100,CORN.c,soft,M15,448,129.04731861198738,-0.4027353,-16.29276868637698,0.20982142857142858,-0.4027353,-0.3818548,-0.42361575,-0.03738364577293396,-0.5023766,0/4,-0.61485195,0.9166667,4e+06,False
R3C all days 1000-1100,CORN.c,soft,M15,1564,450.51340694006313,-0.4114738,-31.701137408368666,0.19948849104859334,-0.4114738,-0.3784682,-0.44447944,-0.03706759214401245,-0.51083076,0/4,-0.63081247,0.9166667,4e+06,False
R3 fake gotobi 1100-1145,CORN.c,soft,M15,440,126.7429022082019,-0.39538234,-20.650260856109956,0.17954545454545454,-0.39538234,-0.3732973,-0.4174674,-0.03738275542855263,-0.4952892,0/4,-0.6040036,0.6666667,4e+06,False
R3C gotobi 1000-1100,CORN.c,soft,M30,458,131.92783911671924,-0.41347924,-16.872158653223103,0.2052401746724891,-0.4134792,-0.39271805,-0.43424034,-0.03738364577293396,-0.51321733,0/4,-0.6298913,0.9166667,4e+06,False
R3C all days 1000-1100,CORN.c,soft,M30,1590,458.00276025236593,-0.41780084,-32.43018582415942,0.1968553459119497,-0.41780084,-0.3828198,-0.45278186,-0.03706759214401245,-0.5167553,0/4,-0.63817024,0.9166667,4e+06,False
R3C gotobi 1000-1100,COTTON.c,soft,M15,168,106.16262975778547,-1.6486505,-22.999170832692975,0.017857142857142856,-1.6486505,-1.4869342,-1.810367,,-1.6486505,0/2,-1.9588481,0.9166667,4e+06,False
R3C all days 1000-1100,COTTON.c,soft,M15,586,370.3053633217993,-1.6226102,-42.87274499067361,0.03583617747440273,-1.6226102,-1.5277019,-1.7175187,,-1.6226102,0/2,-1.9448016,0.9166667,4e+06,False
R3 fake gotobi 1100-1145,COTTON.c,soft,M15,240,133.42465753424656,-1.9745693,-24.26095841461434,0.025,-1.9745693,-1.9222374,-2.0269012,,-1.9745693,0/3,-4.47511,0.6666667,4e+06,False
R3C gotobi 1000-1100,COTTON.c,soft,M30,168,106.16262975778547,-1.6486505,-22.999170832692975,0.017857142857142856,-1.6486505,-1.4869342,-1.810367,,-1.6486505,0/2,-1.9588481,0.9166667,4e+06,False
R3C all days 1000-1100,COTTON.c,soft,M30,588,371.56920415224914,-1.6253477,-43.03263966008469,0.03571428571428571,-1.6253477,-1.5313483,-1.7193471,,-1.6253477,0/2,-1.9479153,0.9166667,4e+06,False
R3A gotobi 0900-0945,DOGEUSD,crypto,M15,712,143.9966777408638,-0.17526175,-7.902324852128345,0.3089887640449438,-0.17526174,-0.1417025,-0.20882097,-0.2234010547399521,-0.13684753,0/6,-0.3081151,0.6666667,4e+06,False
R3A non-gotobi 0900-0945,DOGEUSD,crypto,M15,1714,345.3052950910094,-0.19146965,-15.782596458593565,0.30221703617269546,-0.19146967,-0.20184636,-0.18109296,-0.24144592881202698,-0.15146765,0/6,-0.30082288,0.6666667,4e+06,False
R3B all days 0900-0945,DOGEUSD,crypto,M15,2426,488.746001103144,-0.18671283,-17.350684816317298,0.30420445177246497,-0.18671285,-0.18419492,-0.18923077,-0.23615632951259613,-0.14717273,0/6,-0.30295718,0.6666667,4e+06,False
R3C gotobi 1000-1100,DOGEUSD,crypto,M15,712,143.9966777408638,-0.20096613,-9.134815679753327,0.29775280898876405,-0.20096613,-0.23174128,-0.17019099,-0.231658935546875,-0.1764739,0/6,-0.29301348,0.9166667,4e+06,False
R3C all days 1000-1100,DOGEUSD,crypto,M15,2426,488.746001103144,-0.1973556,-17.685967111236742,0.314921681780709,-0.1973556,-0.22039926,-0.17431192,-0.2296876758337021,-0.17149952,0/6,-0.28891876,0.9166667,4e+06,False
R3 fake gotobi 1100-1145,DOGEUSD,crypto,M15,712,143.9966777408638,-0.19798718,-11.994283878576855,0.28792134831460675,-0.19798718,-0.17593344,-0.22004093,-0.23820923268795013,-0.16589078,0/6,-0.29214013,0.6666667,4e+06,False
R3C gotobi 1000-1100,DOGEUSD,crypto,M30,712,143.9966777408638,-0.20096613,-9.134815679753327,0.29775280898876405,-0.20096613,-0.23174128,-0.17019099,-0.231658935546875,-0.1764739,0/6,-0.29301348,0.9166667,4e+06,False
R3C all days 1000-1100,DOGEUSD,crypto,M30,2426,488.746001103144,-0.1973556,-17.685967111236742,0.314921681780709,-0.1973556,-0.22039926,-0.17431192,-0.2296876758337021,-0.17149952,0/6,-0.28891876,0.9166667,4e+06,False
R3A gotobi 0900-0945,DXY.cash,index,M15,174,110.72038327526133,-0.15357363,-5.254528204454725,0.27586206896551724,-0.15357365,-0.10680718,-0.20034012,,-0.15357363,0/2,-0.16746603,0.6666667,4e+06,False
R3A non-gotobi 0900-0945,DXY.cash,index,M15,432,273.9375,-0.16108023,-8.690208209836502,0.3101851851851852,-0.16108023,-0.16514651,-0.15701395,,-0.16108023,0/2,-0.16392311,0.6666667,4e+06,False
R3B all days 0900-0945,DXY.cash,index,M15,606,383.60745233968805,-0.15892488,-10.160837709298765,0.30033003300330036,-0.15892488,-0.1483956,-0.16945413,,-0.15892488,0/2,-0.16493893,0.6666667,4e+06,False
R3C gotobi 1000-1100,DXY.cash,index,M15,250,139.8353751914242,-0.18985741,-7.018740593880811,0.332,-0.18985741,-0.0649046,-0.31481025,,-0.18985741,0/3,-0.8277558,0.9166667,4e+06,False
R3C all days 1000-1100,DXY.cash,index,M15,872,482.5727272727273,-0.1962917,-13.308007805037853,0.33371559633027525,-0.1962917,-0.16280447,-0.22977896,,-0.1962917,0/3,-0.8189664,0.9166667,4e+06,False
R3 fake gotobi 1100-1145,DXY.cash,index,M15,250,139.62155963302754,-0.18034068,-7.440242916546109,0.284,-0.18034068,-0.2109513,-0.14973006,,-0.18034068,0/3,-0.820554,0.6666667,4e+06,False
R3C gotobi 1000-1100,DXY.cash,index,M30,250,139.8353751914242,-0.18985741,-7.018740593880811,0.332,-0.18985741,-0.0649046,-0.31481025,,-0.18985741,0/3,-0.8277558,0.9166667,4e+06,False
R3C all days 1000-1100,DXY.cash,index,M30,872,482.5727272727273,-0.1962917,-13.308007805037853,0.33371559633027525,-0.1962917,-0.16280447,-0.22977896,,-0.1962917,0/3,-0.8189664,0.9166667,4e+06,False
R3A gotobi 0900-0945,ETHUSD,crypto,M15,1240,142.91890186178605,-0.4566602,-18.20785255946143,0.2879032258064516,-0.45666027,-0.43735287,-0.47596765,-0.6184427738189697,-0.11185097,0/9,-1.7537106,0.6666667,4e+06,False
R3A non-gotobi 0900-0945,ETHUSD,crypto,M15,2996,344.87519697447215,-0.4660662,-29.24396057590543,0.281041388518024,-0.46606624,-0.45421505,-0.47791734,-0.6298789381980896,-0.11435074,0/9,-1.7462761,0.6666667,4e+06,False
R3B all days 0900-0945,ETHUSD,crypto,M15,4236,487.61393003466753,-0.4633128,-34.44553197783226,0.2830500472143532,-0.4633128,-0.44927904,-0.47734657,-0.6265367865562439,-0.11361638,0/9,-1.7484536,0.6666667,4e+06,False
R3C gotobi 1000-1100,ETHUSD,crypto,M15,1240,142.91890186178605,-0.45613462,-18.29703255710049,0.27580645161290324,-0.45613462,-0.47618186,-0.43608737,-0.6228183507919312,-0.10087934,0/9,-1.7606686,0.9166667,4e+06,False
R3C all days 1000-1100,ETHUSD,crypto,M15,4236,487.61393003466753,-0.45639715,-33.64512671866239,0.29296506137865913,-0.4563971,-0.47577336,-0.4370209,-0.6204530596733093,-0.104918346,0/9,-1.7541987,0.9166667,4e+06,False
R3 fake gotobi 1100-1145,ETHUSD,crypto,M15,1240,142.91890186178605,-0.45486784,-19.488666142254175,0.27741935483870966,-0.45486784,-0.4837198,-0.42601588,-0.6146512031555176,-0.1143196,0/9,-1.7625928,0.6666667,4e+06,False
R3C gotobi 1000-1100,ETHUSD,crypto,M30,1240,142.91890186178605,-0.45613462,-18.29703255710049,0.27580645161290324,-0.45613462,-0.47618186,-0.43608737,-0.6228183507919312,-0.10087934,0/9,-1.7606686,0.9166667,4e+06,False
R3C all days 1000-1100,ETHUSD,crypto,M30,4236,487.61393003466753,-0.45639715,-33.64512671866239,0.29296506137865913,-0.4563971,-0.47577336,-0.4370209,-0.6204530596733093,-0.104918346,0/9,-1.7541987,0.9166667,4e+06,False
R3A gotobi 0900-0945,EU50.cash,index,M15,444,139.20257510729613,-0.5083841,-21.072382597021274,0.11486486486486487,-0.5083841,-0.38356495,-0.63320327,-0.4818148612976074,-0.56985027,0/4,-0.58079374,0.6666667,4e+06,False
R3A non-gotobi 0900-0945,EU50.cash,index,M15,1072,335.22945205479454,-0.51469654,-34.67046561888164,0.12220149253731344,-0.51469654,-0.3855373,-0.6438558,-0.490052729845047,-0.57209677,0/4,-0.5843138,0.6666667,4e+06,False
R3B all days 0900-0945,EU50.cash,index,M15,1516,473.6689478186484,-0.51284784,-40.54169724731522,0.12005277044854881,-0.51284784,-0.38495967,-0.640736,-0.4876435399055481,-0.57143664,0/4,-0.58329284,0.6666667,4e+06,False
R3C gotobi 1000-1100,EU50.cash,index,M15,450,141.08369098712447,-0.11016045,-5.846404095139274,0.37333333333333335,-0.11016044,-0.12898764,-0.09133325,-0.10921640694141388,-0.11234003,0/4,-0.13302259,0.9166667,4e+06,False
R3C all days 1000-1100,EU50.cash,index,M15,1530,478.0431993156544,-0.11167818,-11.474744681933783,0.369281045751634,-0.11167818,-0.12212121,-0.101235166,-0.10782984644174576,-0.120798886,0/4,-0.13421328,0.9166667,4e+06,False
R3 fake gotobi 1100-1145,EU50.cash,index,M15,442,138.57553648068668,-0.113628924,-8.86741022274615,0.3574660633484163,-0.113628924,-0.11454011,-0.112717725,-0.10996273905038834,-0.12205565,0/4,-0.13429588,0.6666667,4e+06,False
R3C gotobi 1000-1100,EU50.cash,index,M30,452,141.7107296137339,-0.11025112,-5.8754905012626795,0.37389380530973454,-0.110251114,-0.12835266,-0.092149585,-0.10935209691524506,-0.11234003,0/4,-0.13298875,0.9166667,4e+06,False
R3C all days 1000-1100,EU50.cash,index,M30,1544,482.4174508126604,-0.11191724,-11.586045117326746,0.36917098445595853,-0.11191725,-0.12071385,-0.10312065,-0.10799217969179153,-0.12116675,0/4,-0.13414012,0.9166667,4e+06,False
R3A gotobi 0900-0945,EURAUD,fx,M15,1664,142.10334346504558,-0.07243039,-6.183861838717501,0.4296875,-0.07243039,-0.06710716,-0.07775361,-0.0686020627617836,-0.08477043,0/12,-0.15182723,0.5,4e+06,False
R3A non-gotobi 0900-0945,EURAUD,fx,M15,4036,344.668926817863,-0.068539605,-8.402196340929043,0.42467789890981167,-0.068539605,-0.061887246,-0.07519197,-0.06407752633094788,-0.08299449,0/12,-0.09796612,0.5,4e+06,False
R3B all days 0900-0945,EURAUD,fx,M15,5700,486.65848527349226,-0.069675446,-10.381211575683723,0.426140350877193,-0.06967544,-0.063411094,-0.07593979,-0.06539726257324219,-0.08351435,0/12,-0.10794223,0.5,4e+06,False
R3C gotobi 1000-1100,EURAUD,fx,M15,1664,142.10334346504558,-0.072044864,-4.597321902701056,0.4411057692307692,-0.072044864,-0.11629654,-0.027793197,-0.06588714569807053,-0.09189337,1/12,-0.11408284,0.75,4e+06,False
R3C all days 1000-1100,EURAUD,fx,M15,5698,486.4877279102384,-0.06567212,-7.48928610763478,0.44032994032994033,-0.06567212,-0.10329822,-0.028046027,-0.06087365746498108,-0.081186935,0/12,-0.09904831,0.75,4e+06,False
R3 fake gotobi 1100-1145,EURAUD,fx,M15,1664,142.10334346504558,-0.07620733,-7.221691183114092,0.4188701923076923,-0.07620733,-0.074237294,-0.07817737,-0.07418818771839142,-0.08271576,0/12,-0.13773815,0.5,4e+06,False
R3C gotobi 1000-1100,EURAUD,fx,M30,1664,142.10334346504558,-0.072044864,-4.597321902701056,0.4411057692307692,-0.072044864,-0.11629654,-0.027793197,-0.06588714569807053,-0.09189337,1/12,-0.11408284,0.75,4e+06,False
R3C all days 1000-1100,EURAUD,fx,M30,5698,486.4877279102384,-0.06567212,-7.48928610763478,0.44032994032994033,-0.06567212,-0.10329822,-0.028046027,-0.06087365746498108,-0.081186935,0/12,-0.09904831,0.75,4e+06,False
R3A gotobi 0900-0945,EURCAD,fx,M15,1664,142.10334346504558,-0.098130785,-13.49174865322902,0.3605769230769231,-0.098130785,-0.09959789,-0.096663676,-0.09102550148963928,-0.12103362,0/12,-0.14481686,0.5,4e+06,False
R3A non-gotobi 0900-0945,EURCAD,fx,M15,4036,344.668926817863,-0.09678381,-19.196838870285212,0.3560455896927651,-0.09678381,-0.08774523,-0.10582239,-0.08976206928491592,-0.11953067,0/12,-0.15074578,0.5,4e+06,False
R3B all days 0900-0945,EURCAD,fx,M15,5700,486.65848527349226,-0.09717703,-23.397817852282927,0.35736842105263156,-0.09717703,-0.091205366,-0.103148684,-0.09013060480356216,-0.119970605,0/12,-0.14841278,0.5,4e+06,False
R3C gotobi 1000-1100,EURCAD,fx,M15,1664,142.10334346504558,-0.09661197,-11.449767313184415,0.36778846153846156,-0.09661197,-0.12488251,-0.06834142,-0.08891195058822632,-0.12143178,0/12,-0.15748401,0.75,4e+06,False
R3C all days 1000-1100,EURCAD,fx,M15,5698,486.4877279102384,-0.093726315,-19.69209291151114,0.3595998595998596,-0.093726315,-0.10140193,-0.08605069,-0.08512834459543228,-0.12152601,0/12,-0.15164447,0.75,4e+06,False
R3 fake gotobi 1100-1145,EURCAD,fx,M15,1664,142.10334346504558,-0.09347706,-13.448937742963295,0.32752403846153844,-0.09347706,-0.08814691,-0.098807216,-0.08735734969377518,-0.11320302,0/12,-0.15641177,0.5,4e+06,False
R3C gotobi 1000-1100,EURCAD,fx,M30,1664,142.10334346504558,-0.09661197,-11.449767313184415,0.36778846153846156,-0.09661197,-0.12488251,-0.06834142,-0.08891195058822632,-0.12143178,0/12,-0.15748401,0.75,4e+06,False
R3C all days 1000-1100,EURCAD,fx,M30,5698,486.4877279102384,-0.093726315,-19.69209291151114,0.3595998595998596,-0.093726315,-0.10140193,-0.08605069,-0.08512834459543228,-0.12152601,0/12,-0.15164447,0.75,4e+06,False
R3A gotobi 0900-0945,EURCHF,fx,M15,1658,142.18936370039916,-0.13187312,-15.34331492174748,0.3088057901085645,-0.13187312,-0.1061877,-0.15755852,-0.1357986479997635,-0.119279504,0/12,-0.21065831,0.5,4e+06,False
R3A non-gotobi 0900-0945,EURCHF,fx,M15,4018,344.3393946503989,-0.13062419,-25.64442096134013,0.31508213041314087,-0.13062419,-0.1213188,-0.1399296,-0.1313101351261139,-0.1284151,0/12,-0.20171732,0.5,4e+06,False
R3B all days 0900-0945,EURCHF,fx,M15,5676,486.3145672061928,-0.13098902,-29.815563209651646,0.3132487667371388,-0.13098903,-0.116898894,-0.14507915,-0.13262039422988892,-0.12574093,0/12,-0.20435563,0.5,4e+06,False
R3C gotobi 1000-1100,EURCHF,fx,M15,1658,142.18936370039916,-0.13201562,-14.818480321788444,0.3238841978287093,-0.13201562,-0.12074424,-0.14328699,-0.136135995388031,-0.11879694,0/12,-0.22034806,0.75,4e+06,False
R3C all days 1000-1100,EURCHF,fx,M15,5674,486.143209007741,-0.13098544,-28.490182945455423,0.32692985548114206,-0.13098545,-0.1079625,-0.15400839,-0.1339031457901001,-0.121603705,0/12,-0.20420681,0.75,4e+06,False
R3 fake gotobi 1100-1145,EURCHF,fx,M15,1658,142.18936370039916,-0.12726031,-16.27918626679182,0.2991556091676719,-0.12726031,-0.12576701,-0.12875362,-0.13066613674163818,-0.116333984,0/12,-0.1914671,0.5,4e+06,False
R3C gotobi 1000-1100,EURCHF,fx,M30,1658,142.18936370039916,-0.13201562,-14.818480321788444,0.3238841978287093,-0.13201562,-0.12074424,-0.14328699,-0.136135995388031,-0.11879694,0/12,-0.22034806,0.75,4e+06,False
R3C all days 1000-1100,EURCHF,fx,M30,5674,486.143209007741,-0.13098544,-28.490182945455423,0.32692985548114206,-0.13098545,-0.1079625,-0.15400839,-0.1339031457901001,-0.121603705,0/12,-0.20420681,0.75,4e+06,False
R3A gotobi 0900-0945,EURGBP,fx,M15,1664,142.10334346504558,-0.08900721,-12.666012934468633,0.3485576923076923,-0.08900721,-0.07252776,-0.10548667,-0.07702000439167023,-0.12764616,0/12,-0.13919403,0.5,4e+06,False
R3A non-gotobi 0900-0945,EURGBP,fx,M15,4036,344.668926817863,-0.08624033,-19.711280499252858,0.3570366699702676,-0.08624033,-0.072976485,-0.09950418,-0.07437685132026672,-0.12467201,0/12,-0.1351929,0.5,4e+06,False
R3B all days 0900-0945,EURGBP,fx,M15,5700,486.65848527349226,-0.08704807,-23.429601719532602,0.3545614035087719,-0.08704806,-0.07284549,-0.10125064,-0.0751478299498558,-0.12554261,0/12,-0.13639109,0.5,4e+06,False
R3C gotobi 1000-1100,EURGBP,fx,M15,1664,142.10334346504558,-0.08546235,-10.476945147678613,0.3816105769230769,-0.08546235,-0.105797574,-0.065127134,-0.07404333353042603,-0.12226986,0/12,-0.13039395,0.75,4e+06,False
R3C all days 1000-1100,EURGBP,fx,M15,5698,486.4877279102384,-0.08691992,-20.89835867058899,0.36784836784836783,-0.08691991,-0.08694019,-0.08689963,-0.07552258670330048,-0.12377071,0/12,-0.13237426,0.75,4e+06,False
R3 fake gotobi 1100-1145,EURGBP,fx,M15,1664,142.10334346504558,-0.08449856,-13.422298087229864,0.3269230769230769,-0.08449856,-0.072364345,-0.09663277,-0.07300014793872833,-0.12156198,0/12,-0.13249229,0.5,4e+06,False
R3C gotobi 1000-1100,EURGBP,fx,M30,1664,142.10334346504558,-0.08546235,-10.476945147678613,0.3816105769230769,-0.08546235,-0.105797574,-0.065127134,-0.07404333353042603,-0.12226986,0/12,-0.13039395,0.75,4e+06,False
R3C all days 1000-1100,EURGBP,fx,M30,5698,486.4877279102384,-0.08691992,-20.89835867058899,0.36784836784836783,-0.08691991,-0.08694019,-0.08689963,-0.07552258670330048,-0.12377071,0/12,-0.13237426,0.75,4e+06,False
R3A gotobi 0900-0945,EURJPY,fx,M15,1664,142.10334346504558,-0.072060935,-5.847491356109012,0.4362980769230769,-0.072060935,-0.03133064,-0.112791225,-0.06922958046197891,-0.08118739,0/12,-0.10877769,0.5,4e+06,False
R3A non-gotobi 0900-0945,EURJPY,fx,M15,4036,344.668926817863,-0.07088673,-8.966514836490154,0.43434093161546083,-0.07088673,-0.07667725,-0.065096214,-0.06983569264411926,-0.07429154,0/12,-0.13100797,0.5,4e+06,False
R3B all days 0900-0945,EURJPY,fx,M15,5700,486.65848527349226,-0.07122952,-10.705439197002212,0.43491228070175436,-0.07122952,-0.06343922,-0.079019815,-0.06965889781713486,-0.07631009,0/12,-0.11821678,0.5,4e+06,False
R3C gotobi 1000-1100,EURJPY,fx,M15,1664,142.10334346504558,-0.07020428,-5.545031636838649,0.42788461538461536,-0.07020428,-0.12734202,-0.013066537,-0.0707172378897667,-0.06855083,0/12,-0.1445967,0.75,4e+06,False
R3C all days 1000-1100,EURJPY,fx,M15,5698,486.4877279102384,-0.07130372,-10.539680874544004,0.4283959283959284,-0.07130372,-0.091533326,-0.051074095,-0.06941040605306625,-0.07742531,0/12,-0.13406584,0.75,4e+06,False
R3 fake gotobi 1100-1145,EURJPY,fx,M15,1664,142.10334346504558,-0.0574371,-4.059293979581343,0.4152644230769231,-0.0574371,-0.08814231,-0.026731886,-0.05253387242555618,-0.07324192,1/12,-0.110005036,0.5,4e+06,False
R3C gotobi 1000-1100,EURJPY,fx,M30,1664,142.10334346504558,-0.07020428,-5.545031636838649,0.42788461538461536,-0.07020428,-0.12734202,-0.013066537,-0.0707172378897667,-0.06855083,0/12,-0.1445967,0.75,4e+06,False
R3C all days 1000-1100,EURJPY,fx,M30,5698,486.4877279102384,-0.07130372,-10.539680874544004,0.4283959283959284,-0.07130372,-0.091533326,-0.051074095,-0.06941040605306625,-0.07742531,0/12,-0.13406584,0.75,4e+06,False
R3A gotobi 0900-0945,EURNZD,fx,M15,1664,142.10334346504558,-0.13820168,-12.344683712324793,0.3683894230769231,-0.13820168,-0.14428896,-0.13211441,-0.15045635402202606,-0.098700605,0/12,-0.2644774,0.5,4e+06,False
R3A non-gotobi 0900-0945,EURNZD,fx,M15,4036,344.668926817863,-0.13579233,-17.334482660604426,0.3902378592666006,-0.13579233,-0.12409341,-0.14749125,-0.146461620926857,-0.10122923,0/12,-0.26263133,0.5,4e+06,False
R3B all days 0900-0945,EURNZD,fx,M15,5700,486.65848527349226,-0.1364957,-21.20320324440241,0.383859649122807,-0.13649571,-0.1299891,-0.1430023,-0.1476268321275711,-0.10048906,0/12,-0.26317608,0.5,4e+06,False
R3C gotobi 1000-1100,EURNZD,fx,M15,1664,142.10334346504558,-0.1329656,-8.986798446865828,0.3984375,-0.1329656,-0.16084209,-0.105089106,-0.14577345550060272,-0.0916814,0/12,-0.2717536,0.75,4e+06,False
R3C all days 1000-1100,EURNZD,fx,M15,5698,486.4877279102384,-0.12717554,-15.365068982567,0.3955773955773956,-0.12717554,-0.14707093,-0.10728016,-0.14088453352451324,-0.08285048,0/12,-0.2689136,0.75,4e+06,False
R3 fake gotobi 1100-1145,EURNZD,fx,M15,1664,142.10334346504558,-0.12298225,-9.390557058748618,0.36778846153846156,-0.12298225,-0.1156005,-0.13036399,-0.14609485864639282,-0.048482187,0/12,-0.2823801,0.5,4e+06,False
R3C gotobi 1000-1100,EURNZD,fx,M30,1664,142.10334346504558,-0.1329656,-8.986798446865828,0.3984375,-0.1329656,-0.16084209,-0.105089106,-0.14577345550060272,-0.0916814,0/12,-0.2717536,0.75,4e+06,False
R3C all days 1000-1100,EURNZD,fx,M30,5698,486.4877279102384,-0.12717554,-15.365068982567,0.3955773955773956,-0.12717554,-0.14707093,-0.10728016,-0.14088453352451324,-0.08285048,0/12,-0.2689136,0.75,4e+06,False
R3A gotobi 0900-0945,EURUSD,fx,M15,1662,142.0654107184648,-0.08184827,-9.324542560182753,0.4055354993983153,-0.08184827,-0.0878566,-0.07583994,-0.09505520015954971,-0.03906047,0/12,-0.28342128,0.5,4e+06,False
R3A non-gotobi 0900-0945,EURUSD,fx,M15,4036,344.668926817863,-0.08020427,-13.351504310113198,0.40113974231912786,-0.08020427,-0.089522384,-0.070886165,-0.09246557950973511,-0.04048383,0/12,-0.27391613,0.5,4e+06,False
R3B all days 0900-0945,EURUSD,fx,M15,5698,486.60147299509003,-0.0806838,-16.248989583092452,0.4024219024219024,-0.0806838,-0.089036494,-0.072331086,-0.09322094172239304,-0.04006868,0/12,-0.2766707,0.5,4e+06,False
R3C gotobi 1000-1100,EURUSD,fx,M15,1662,142.0654107184648,-0.08442256,-8.569099617847366,0.4109506618531889,-0.08442256,-0.10425902,-0.06458608,-0.09658747166395187,-0.045010693,0/12,-0.31088433,0.75,4e+06,False
R3C all days 1000-1100,EURUSD,fx,M15,5696,486.43067570727146,-0.085461095,-16.14713636854604,0.40730337078651685,-0.085461095,-0.07767381,-0.093248375,-0.09671851247549057,-0.049008477,0/12,-0.3019374,0.75,4e+06,False
R3 fake gotobi 1100-1145,EURUSD,fx,M15,1662,142.0654107184648,-0.07913362,-8.47704497236734,0.38567990373044525,-0.07913362,-0.06557382,-0.092693426,-0.09069016575813293,-0.0416928,0/12,-0.29445416,0.5,4e+06,False
R3C gotobi 1000-1100,EURUSD,fx,M30,1662,142.0654107184648,-0.08442256,-8.569099617847366,0.4109506618531889,-0.08442256,-0.10425902,-0.06458608,-0.09658747166395187,-0.045010693,0/12,-0.31088433,0.75,4e+06,False
R3C all days 1000-1100,EURUSD,fx,M30,5696,486.43067570727146,-0.085461095,-16.14713636854604,0.40730337078651685,-0.085461095,-0.07767381,-0.093248375,-0.09671851247549057,-0.049008477,0/12,-0.3019374,0.75,4e+06,False
R3A gotobi 0900-0945,FRA40.cash,index,M15,450,141.08369098712447,-0.34485623,-16.217627254387484,0.16666666666666666,-0.34485623,-0.39289954,-0.29681292,-0.3241877555847168,-0.39359677,0/4,-0.3941452,0.6666667,4e+06,False
R3A non-gotobi 0900-0945,FRA40.cash,index,M15,1078,337.97381974248924,-0.34865642,-26.79222771835023,0.1679035250463822,-0.34865642,-0.40501052,-0.29230228,-0.333584189414978,-0.3840434,0/4,-0.394979,0.6666667,4e+06,False
R3B all days 0900-0945,FRA40.cash,index,M15,1528,478.6466552315609,-0.34753725,-31.282584349132428,0.16753926701570682,-0.34753725,-0.40144384,-0.2936307,-0.3308143615722656,-0.38685074,0/4,-0.39473295,0.6666667,4e+06,False
R3C gotobi 1000-1100,FRA40.cash,index,M15,448,140.45665236051502,-0.34652835,-18.607957521033022,0.13839285714285715,-0.34652835,-0.35411915,-0.33893755,-0.3338264226913452,-0.37693608,0/4,-0.42676634,0.9166667,4e+06,False
R3C all days 1000-1100,FRA40.cash,index,M15,1524,477.393653516295,-0.34660953,-36.409567633285,0.1377952755905512,-0.34660953,-0.35551152,-0.33770752,-0.33131441473960876,-0.38265744,0/4,-0.3938576,0.9166667,4e+06,False
R3 fake gotobi 1100-1145,FRA40.cash,index,M15,446,139.82961373390557,-0.3469417,-26.618574733619695,0.09192825112107623,-0.34694177,-0.3464274,-0.34745604,-0.3310133218765259,-0.38483202,0/4,-0.39414522,0.6666667,4e+06,False
R3C gotobi 1000-1100,FRA40.cash,index,M30,450,141.08369098712447,-0.34694478,-18.71104745634653,0.13777777777777778,-0.3469448,-0.3546167,-0.33927295,-0.3338264226913452,-0.37788072,0/4,-0.42676634,0.9166667,4e+06,False
R3C all days 1000-1100,FRA40.cash,index,M30,1526,478.02015437392794,-0.3467322,-36.46863269884674,0.13761467889908258,-0.34673223,-0.35565642,-0.33780804,-0.33131441473960876,-0.38290995,0/4,-0.3938576,0.9166667,4e+06,False
R3A gotobi 0900-0945,GBPAUD,fx,M15,1658,141.5909516015899,-0.086522065,-8.115856325041348,0.3902291917973462,-0.086522065,-0.087383516,-0.08566061,-0.08296249806880951,-0.097941585,0/12,-0.14341019,0.5,4e+06,False
R3A non-gotobi 0900-0945,GBPAUD,fx,M15,4026,343.8149403787702,-0.087251514,-11.744055775755859,0.40039741679085944,-0.087251514,-0.09209399,-0.08240904,-0.08319145441055298,-0.1003614,0/12,-0.13877769,0.5,4e+06,False
R3B all days 0900-0945,GBPAUD,fx,M15,5684,485.2924263674614,-0.08703874,-14.240737975139647,0.3974313863476425,-0.08703873,-0.09071995,-0.083357506,-0.08312474936246872,-0.09965308,0/12,-0.13940115,0.5,4e+06,False
R3C gotobi 1000-1100,GBPAUD,fx,M15,1658,141.5909516015899,-0.091819815,-6.494868523608772,0.41797346200241253,-0.09181981,-0.12053131,-0.063108325,-0.08917899429798126,-0.100291915,1/12,-0.15391918,0.75,4e+06,False
R3C all days 1000-1100,GBPAUD,fx,M15,5682,485.12166900420755,-0.0851089,-10.702744910950589,0.4253783878915875,-0.0851089,-0.12156924,-0.04864856,-0.08310706168413162,-0.09155759,0/12,-0.14044231,0.75,4e+06,False
R3 fake gotobi 1100-1145,GBPAUD,fx,M15,1658,141.5909516015899,-0.09270379,-9.463882055338402,0.4028950542822678,-0.09270379,-0.10102664,-0.08438094,-0.09146927297115326,-0.09666426,0/12,-0.15626156,0.5,4e+06,False
R3C gotobi 1000-1100,GBPAUD,fx,M30,1658,141.5909516015899,-0.091819815,-6.494868523608772,0.41797346200241253,-0.09181981,-0.12053131,-0.063108325,-0.08917899429798126,-0.100291915,1/12,-0.15391918,0.75,4e+06,False
R3C all days 1000-1100,GBPAUD,fx,M30,5682,485.12166900420755,-0.0851089,-10.702744910950589,0.4253783878915875,-0.0851089,-0.12156924,-0.04864856,-0.08310706168413162,-0.09155759,0/12,-0.14044231,0.75,4e+06,False
R3A gotobi 0900-0945,GBPCAD,fx,M15,1660,141.76174888940847,-0.108403035,-16.900807088451792,0.3132530120481928,-0.108403035,-0.11670942,-0.10009664,-0.10885120183229446,-0.10696301,0/12,-0.20749865,0.5,4e+06,False
R3A non-gotobi 0900-0945,GBPCAD,fx,M15,4032,344.32733224222585,-0.10690884,-24.5283640225976,0.32663690476190477,-0.10690884,-0.10998304,-0.10383464,-0.10713972896337509,-0.10616184,0/12,-0.20968932,0.5,4e+06,False
R3B all days 0900-0945,GBPCAD,fx,M15,5692,485.97545582047684,-0.107344605,-29.738470262195918,0.32273366127898806,-0.107344605,-0.111944705,-0.10274449,-0.10763828456401825,-0.10639636,0/12,-0.20905393,0.5,4e+06,False
R3C gotobi 1000-1100,GBPCAD,fx,M15,1660,141.76174888940847,-0.10686708,-14.666533390514743,0.33433734939759036,-0.10686707,-0.11520474,-0.0985294,-0.10850035399198532,-0.10161902,0/12,-0.2101462,0.75,4e+06,False
R3C all days 1000-1100,GBPCAD,fx,M15,5690,485.80469845722297,-0.10613295,-26.378891695287027,0.3333919156414763,-0.10613295,-0.11409127,-0.09817464,-0.10704585909843445,-0.1031867,0/12,-0.20892783,0.75,4e+06,False
R3 fake gotobi 1100-1145,GBPCAD,fx,M15,1660,141.76174888940847,-0.105504885,-17.3872809872058,0.3042168674698795,-0.10550488,-0.10480174,-0.10620803,-0.10758835077285767,-0.098810285,0/12,-0.20447358,0.5,4e+06,False
R3C gotobi 1000-1100,GBPCAD,fx,M30,1660,141.76174888940847,-0.10686708,-14.666533390514743,0.33433734939759036,-0.10686707,-0.11520474,-0.0985294,-0.10850035399198532,-0.10161902,0/12,-0.2101462,0.75,4e+06,False
R3C all days 1000-1100,GBPCAD,fx,M30,5690,485.80469845722297,-0.10613295,-26.378891695287027,0.3333919156414763,-0.10613295,-0.11409127,-0.09817464,-0.10704585909843445,-0.1031867,0/12,-0.20892783,0.75,4e+06,False
R3A gotobi 0900-0945,GBPCHF,fx,M15,1664,142.10334346504558,-0.12537935,-16.549969703837785,0.3161057692307692,-0.12537935,-0.12195211,-0.12880662,-0.12806575000286102,-0.11672027,0/12,-0.20601493,0.5,4e+06,False
R3A non-gotobi 0900-0945,GBPCHF,fx,M15,4036,344.668926817863,-0.119865485,-26.444828835486927,0.3201189296333003,-0.119865485,-0.12468271,-0.11504827,-0.11930663138628006,-0.12167592,0/12,-0.18143927,0.5,4e+06,False
R3B all days 0900-0945,GBPCHF,fx,M15,5700,486.65848527349226,-0.121475145,-31.16798113336401,0.31894736842105265,-0.12147515,-0.123885565,-0.11906474,-0.1218615397810936,-0.1202253,0/12,-0.1885612,0.5,4e+06,False
R3C gotobi 1000-1100,GBPCHF,fx,M15,1664,142.10334346504558,-0.119066074,-13.688271580620627,0.33353365384615385,-0.119066074,-0.10109206,-0.13704008,-0.12175199389457703,-0.11040845,0/12,-0.18306957,0.75,4e+06,False
R3C all days 1000-1100,GBPCHF,fx,M15,5698,486.4877279102384,-0.11915016,-27.603640986020125,0.32713232713232715,-0.11915016,-0.10737691,-0.1309234,-0.1205371841788292,-0.114665516,0/12,-0.18036298,0.75,4e+06,False
R3 fake gotobi 1100-1145,GBPCHF,fx,M15,1664,142.10334346504558,-0.120587334,-18.306681944422124,0.28305288461538464,-0.120587334,-0.12512411,-0.11605056,-0.12438568472862244,-0.10834396,0/12,-0.18815169,0.5,4e+06,False
R3C gotobi 1000-1100,GBPCHF,fx,M30,1664,142.10334346504558,-0.119066074,-13.688271580620627,0.33353365384615385,-0.119066074,-0.10109206,-0.13704008,-0.12175199389457703,-0.11040845,0/12,-0.18306957,0.75,4e+06,False
R3C all days 1000-1100,GBPCHF,fx,M30,5698,486.4877279102384,-0.11915016,-27.603640986020125,0.32713232713232715,-0.11915016,-0.10737691,-0.1309234,-0.1205371841788292,-0.114665516,0/12,-0.18036298,0.75,4e+06,False
R3A gotobi 0900-0945,GBPJPY,fx,M15,1664,142.10334346504558,-0.08090878,-7.4034403042582415,0.41165865384615385,-0.08090878,-0.054385696,-0.10743187,-0.08011430501937866,-0.08346965,0/12,-0.14169388,0.5,4e+06,False
R3A non-gotobi 0900-0945,GBPJPY,fx,M15,4034,344.4981295300444,-0.07517767,-10.694699309984932,0.4157164105106594,-0.07517767,-0.081625946,-0.0687294,-0.07680973410606384,-0.06989403,0/12,-0.13789542,0.5,4e+06,False
R3B all days 0900-0945,GBPJPY,fx,M15,5698,486.4877279102384,-0.07685134,-13.000037302850348,0.4145314145314145,-0.076851346,-0.0736709,-0.080031775,-0.07777407765388489,-0.07386788,0/12,-0.13900794,0.5,4e+06,False
R3C gotobi 1000-1100,GBPJPY,fx,M15,1664,142.10334346504558,-0.07652642,-6.40004933742824,0.41466346153846156,-0.07652642,-0.12031196,-0.032740887,-0.0779089704155922,-0.07206998,0/12,-0.13833374,0.75,4e+06,False
R3C all days 1000-1100,GBPJPY,fx,M15,5696,486.3169705469845,-0.07550189,-11.845146783305715,0.41274578651685395,-0.07550189,-0.0962363,-0.054767486,-0.0749245434999466,-0.07736777,0/12,-0.13529998,0.75,4e+06,False
R3 fake gotobi 1100-1145,GBPJPY,fx,M15,1664,142.10334346504558,-0.0777715,-8.806942780009308,0.3816105769230769,-0.0777715,-0.09961937,-0.05592362,-0.07951343804597855,-0.07215657,0/12,-0.14205123,0.5,4e+06,False
R3C gotobi 1000-1100,GBPJPY,fx,M30,1664,142.10334346504558,-0.07652642,-6.40004933742824,0.41466346153846156,-0.07652642,-0.12031196,-0.032740887,-0.0779089704155922,-0.07206998,0/12,-0.13833374,0.75,4e+06,False
R3C all days 1000-1100,GBPJPY,fx,M30,5696,486.3169705469845,-0.07550189,-11.845146783305715,0.41274578651685395,-0.07550189,-0.0962363,-0.054767486,-0.0749245434999466,-0.07736777,0/12,-0.13529998,0.75,4e+06,False
R3A gotobi 0900-0945,GBPNZD,fx,M15,1640,140.05377601122282,-0.090034485,-8.492645818450598,0.40182926829268295,-0.090034485,-0.10321646,-0.076852515,-0.09165550768375397,-0.084908135,0/12,-0.13185549,0.5,4e+06,False
R3A non-gotobi 0900-0945,GBPNZD,fx,M15,4000,341.59457563712886,-0.09284308,-13.327214345688756,0.40725,-0.09284308,-0.0917547,-0.09393146,-0.09192885458469391,-0.095770106,0/12,-0.14628777,0.5,4e+06,False
R3B all days 0900-0945,GBPNZD,fx,M15,5640,481.53576437587657,-0.0920264,-15.803742006089474,0.4056737588652482,-0.0920264,-0.09508756,-0.08896524,-0.09184953570365906,-0.09259059,0/12,-0.1393686,0.5,4e+06,False
R3C gotobi 1000-1100,GBPNZD,fx,M15,1640,140.05377601122282,-0.09326672,-7.101673078414746,0.43597560975609756,-0.093266726,-0.11207558,-0.07445785,-0.09402676671743393,-0.09086311,0/12,-0.1604144,0.75,4e+06,False
R3C all days 1000-1100,GBPNZD,fx,M15,5638,481.3650070126227,-0.08252133,-11.066689195553757,0.4240865555161405,-0.082521334,-0.10701026,-0.058032405,-0.08604349941015244,-0.07129018,0/12,-0.13758586,0.75,4e+06,False
R3 fake gotobi 1100-1145,GBPNZD,fx,M15,1640,140.05377601122282,-0.076237075,-6.056822352181362,0.40182926829268295,-0.076237075,-0.075943775,-0.07653038,-0.08826320618391037,-0.038205218,0/12,-0.14253247,0.5,4e+06,False
R3C gotobi 1000-1100,GBPNZD,fx,M30,1640,140.05377601122282,-0.09326672,-7.101673078414746,0.43597560975609756,-0.093266726,-0.11207558,-0.07445785,-0.09402676671743393,-0.09086311,0/12,-0.1604144,0.75,4e+06,False
R3C all days 1000-1100,GBPNZD,fx,M30,5638,481.3650070126227,-0.08252133,-11.066689195553757,0.4240865555161405,-0.082521334,-0.10701026,-0.058032405,-0.08604349941015244,-0.07129018,0/12,-0.13758586,0.75,4e+06,False
R3A gotobi 0900-0945,GBPUSD,fx,M15,1646,140.69775333489352,-0.05612794,-7.31409683388843,0.4131227217496962,-0.056127943,-0.07533228,-0.036923606,-0.056993208825588226,-0.053359967,0/12,-0.08525056,0.5,4e+06,False
R3A non-gotobi 0900-0945,GBPUSD,fx,M15,4002,341.76537292494737,-0.053504117,-10.533987016391443,0.41879060469765117,-0.053504113,-0.06736883,-0.039639406,-0.05230554938316345,-0.057344068,0/12,-0.072325006,0.5,4e+06,False
R3B all days 0900-0945,GBPUSD,fx,M15,5648,482.3315407996259,-0.05426878,-12.808636254008517,0.4171388101983003,-0.05426878,-0.06968962,-0.038847942,-0.05367133021354675,-0.056182038,0/12,-0.07421259,0.5,4e+06,False
R3C gotobi 1000-1100,GBPUSD,fx,M15,1648,140.86871050783992,-0.05519579,-6.106984358354681,0.4174757281553398,-0.05519579,-0.0676216,-0.04276998,-0.05500420555472374,-0.055809654,0/12,-0.08212299,0.75,4e+06,False
R3C all days 1000-1100,GBPUSD,fx,M15,5648,482.3315407996259,-0.056906056,-12.22603305179712,0.41820113314447593,-0.056906056,-0.054441642,-0.05937046,-0.056092388927936554,-0.059511717,0/12,-0.076379105,0.75,4e+06,False
R3 fake gotobi 1100-1145,GBPUSD,fx,M15,1646,140.69775333489352,-0.054513615,-7.934302031249105,0.3997569866342649,-0.054513615,-0.0433215,-0.065705724,-0.053685665130615234,-0.057162195,0/12,-0.070946075,0.5,4e+06,False
R3C gotobi 1000-1100,GBPUSD,fx,M30,1648,140.86871050783992,-0.05519579,-6.106984358354681,0.4174757281553398,-0.05519579,-0.0676216,-0.04276998,-0.05500420555472374,-0.055809654,0/12,-0.08212299,0.75,4e+06,False
R3C all days 1000-1100,GBPUSD,fx,M30,5650,482.50233808744446,-0.056895535,-12.228057517625576,0.41823008849557525,-0.056895543,-0.054417964,-0.05937312,-0.05607897788286209,-0.059511717,0/12,-0.076379105,0.75,4e+06,False
R3A gotobi 0900-0945,GER40.cash,index,M15,652,138.93990665110852,-0.12131342,-6.671228873686204,0.3665644171779141,-0.12131342,-0.14915037,-0.093476474,-0.16156035661697388,-0.09250509,0/5,-0.20263946,0.6666667,4e+06,False
R3A non-gotobi 0900-0945,GER40.cash,index,M15,1582,335.74985473561884,-0.1210508,-10.148339585591417,0.3672566371681416,-0.1210508,-0.14633834,-0.09576325,-0.16692639887332916,-0.08838182,0/5,-0.20135322,0.6666667,4e+06,False
R3B all days 0900-0945,GER40.cash,index,M15,2234,474.12463683904707,-0.121127434,-12.144816205214015,0.36705461056401073,-0.121127434,-0.14715904,-0.09509585,-0.16535696387290955,-0.08958338,0/5,-0.20172612,0.6666667,4e+06,False
R3C gotobi 1000-1100,GER40.cash,index,M15,658,140.21849474912483,-0.08232195,-5.2459771555756385,0.378419452887538,-0.08232196,-0.09151596,-0.07312794,-0.09546579420566559,-0.07294327,0/5,-0.1311477,0.9166667,4e+06,False
R3C all days 1000-1100,GER40.cash,index,M15,2258,479.2181871005229,-0.08519324,-10.340840482789892,0.3830823737821081,-0.08519325,-0.09140923,-0.07897726,-0.09767584502696991,-0.07629062,0/5,-0.13434556,0.9166667,4e+06,False
R3 fake gotobi 1100-1145,GER40.cash,index,M15,658,140.21849474912483,-0.08953253,-8.394028096577383,0.3221884498480243,-0.08953253,-0.09288919,-0.08617588,-0.10417637228965759,-0.07908354,0/5,-0.14505216,0.6666667,4e+06,False
R3C gotobi 1000-1100,GER40.cash,index,M30,658,140.21849474912483,-0.08232195,-5.2459771555756385,0.378419452887538,-0.08232196,-0.09151596,-0.07312794,-0.09546579420566559,-0.07294327,0/5,-0.1311477,0.9166667,4e+06,False
R3C all days 1000-1100,GER40.cash,index,M30,2258,479.2181871005229,-0.08519324,-10.340840482789892,0.3830823737821081,-0.08519325,-0.09140923,-0.07897726,-0.09767584502696991,-0.07629062,0/5,-0.13434556,0.9166667,4e+06,False
R3A gotobi 0900-0945,HK50.cash,index,M15,412,129.16995708154505,-0.2316756,-16.619057229574622,0.12135922330097088,-0.23167562,-0.24335864,-0.2199926,-0.2182212471961975,-0.2622149,0/4,-0.2622149,0.6666667,4e+06,False
R3A non-gotobi 0900-0945,HK50.cash,index,M15,990,310.9178847807394,-0.23517053,-30.816260330180523,0.12424242424242424,-0.23517053,-0.24942896,-0.2209121,-0.22421176731586456,-0.26136637,0/4,-0.26136637,0.6666667,4e+06,False
R3B all days 0900-0945,HK50.cash,index,M15,1402,439.55407725321885,-0.23414348,-34.60338165417256,0.12339514978601997,-0.23414348,-0.2476451,-0.22064187,-0.22247062623500824,-0.26162216,0/4,-0.26162213,0.6666667,4e+06,False
R3C gotobi 1000-1100,HK50.cash,index,M15,412,129.16995708154505,-0.25187063,-4.848903983740706,0.38349514563106796,-0.25187063,-0.23853943,-0.2652019,-0.24404127895832062,-0.26964208,0/4,-0.2720097,0.9166667,4e+06,False
R3C all days 1000-1100,HK50.cash,index,M15,1402,439.55407725321885,-0.22914234,-8.174453355982754,0.38516405135520687,-0.22914234,-0.2248957,-0.23338898,-0.20498579740524292,-0.2856226,0/4,-0.2856226,0.9166667,4e+06,False
R3 fake gotobi 1100-1145,HK50.cash,index,M15,670,134.0183461117196,-0.04400772,-1.429650069558141,0.4701492537313433,-0.04400772,-0.07902922,-0.008986218,-0.03418762981891632,-0.05196995,1/6,-0.07441737,0.6666667,4e+06,False
R3C gotobi 1000-1100,HK50.cash,index,M30,670,134.0183461117196,-0.19236742,-4.8671628885466,0.39552238805970147,-0.19236743,-0.19800338,-0.18673147,-0.23040272295475006,-0.16152802,0/6,-0.26859733,0.9166667,4e+06,False
R3C all days 1000-1100,HK50.cash,index,M30,2288,456.91197375615087,-0.16157205,-7.4373073442339575,0.40734265734265734,-0.16157205,-0.17260334,-0.15054075,-0.19843992590904236,-0.1313861,0/6,-0.25887346,0.9166667,4e+06,False
R3A gotobi 0900-0945,JP225.cash,index,M15,704,140.81927710843374,-0.038982414,-1.1531073119090127,0.4559659090909091,-0.038982414,-0.031151177,-0.046813652,-0.060968074947595596,-0.020869875,1/6,-0.122552186,0.6666667,4e+06,False
R3A non-gotobi 0900-0945,JP225.cash,index,M15,1730,345.29098360655735,-0.04283886,-1.991629552332319,0.4572254335260116,-0.04283886,-0.074745946,-0.010931781,-0.06436754763126373,-0.025245046,0/6,-0.0691185,0.6666667,4e+06,False
R3B all days 0900-0945,JP225.cash,index,M15,2434,485.8024590163934,-0.04172344,-2.299579132158698,0.456861133935908,-0.04172344,-0.06213678,-0.021310104,-0.06338120996952057,-0.023982847,0/6,-0.084009856,0.6666667,4e+06,False
R3C gotobi 1000-1100,JP225.cash,index,M15,704,140.81927710843374,-0.051413182,-1.8739598165933102,0.4602272727272727,-0.051413182,-0.071875855,-0.03095051,-0.06993455439805984,-0.036154643,0/6,-0.15435405,0.9166667,4e+06,False
R3C all days 1000-1100,JP225.cash,index,M15,2432,485.4032786885246,-0.03758213,-2.5297096329029296,0.46175986842105265,-0.03758213,-0.052778658,-0.022385594,-0.05497593432664871,-0.023360286,0/6,-0.066364415,0.9166667,4e+06,False
R3 fake gotobi 1100-1145,JP225.cash,index,M15,704,140.81927710843374,-0.050754234,-2.9314645789910214,0.4502840909090909,-0.050754234,-0.05759493,-0.043913543,-0.07066860049962997,-0.034348104,0/6,-0.082111254,0.6666667,4e+06,False
R3C gotobi 1000-1100,JP225.cash,index,M30,704,140.81927710843374,-0.051413182,-1.8739598165933102,0.4602272727272727,-0.051413182,-0.071875855,-0.03095051,-0.06993455439805984,-0.036154643,0/6,-0.15435405,0.9166667,4e+06,False
R3C all days 1000-1100,JP225.cash,index,M30,2432,485.4032786885246,-0.03758213,-2.5297096329029296,0.46175986842105265,-0.03758213,-0.052778658,-0.022385594,-0.05497593432664871,-0.023360286,0/6,-0.066364415,0.9166667,4e+06,False
R3A gotobi 0900-0945,LTCUSD,crypto,M15,1216,142.44515715202053,-0.27154446,-18.469330281518364,0.24177631578947367,-0.27154446,-0.27093416,-0.27215475,-0.2100740224123001,-0.39883173,0/9,-0.5367106,0.6666667,4e+06,False
R3A non-gotobi 0900-0945,LTCUSD,crypto,M15,2946,344.6593529788597,-0.26878995,-29.079014751743927,0.22267481330617786,-0.26878995,-0.24458776,-0.29299217,-0.20625729858875275,-0.39976698,0/9,-0.53713757,0.6666667,4e+06,False
R3B all days 0900-0945,LTCUSD,crypto,M15,4162,486.9220051249199,-0.26959473,-34.4487731939164,0.22825564632388276,-0.26959473,-0.25228527,-0.2869042,-0.20736947655677795,-0.39949226,0/9,-0.5370128,0.6666667,4e+06,False
R3C gotobi 1000-1100,LTCUSD,crypto,M15,1216,142.44515715202053,-0.26983678,-18.044350770548256,0.2138157894736842,-0.26983678,-0.27871075,-0.26096278,-0.19957154989242554,-0.41533545,0/9,-0.57382864,0.9166667,4e+06,False
R3C all days 1000-1100,LTCUSD,crypto,M15,4160,486.6880204996797,-0.27050993,-33.64070571653307,0.22379807692307693,-0.27050993,-0.27546868,-0.26555118,-0.20177024602890015,-0.41390458,0/9,-0.552685,0.9166667,4e+06,False
R3 fake gotobi 1100-1145,LTCUSD,crypto,M15,1216,142.44515715202053,-0.26692262,-19.78303048091643,0.20970394736842105,-0.26692262,-0.27985477,-0.25399047,-0.19168448448181152,-0.42271873,0/9,-0.5698253,0.6666667,4e+06,False
R3C gotobi 1000-1100,LTCUSD,crypto,M30,1218,142.67944194996792,-0.27004242,-18.08696060285829,0.2134646962233169,-0.27004242,-0.27890182,-0.261183,-0.20004720985889435,-0.41533545,0/9,-0.57382864,0.9166667,4e+06,False
R3C all days 1000-1100,LTCUSD,crypto,M30,4166,487.38997437540036,-0.2706634,-33.707260421022774,0.22347575612097936,-0.2706634,-0.27562687,-0.2656999,-0.20214347541332245,-0.41390458,0/9,-0.552685,0.9166667,4e+06,False
R3A gotobi 0900-0945,NATGAS.cash,energy,M15,262,138.89042089985486,-1.3804181,-28.256350976261903,0.0,-1.380418,-1.3670617,-1.3937743,,-1.3804181,0/3,-1.9412153,0.6666667,4e+06,False
R3A non-gotobi 0900-0945,NATGAS.cash,energy,M15,656,344.75395683453235,-1.3727142,-45.822076925352846,0.006097560975609756,-1.3727142,-1.3641694,-1.381259,,-1.3727142,0/3,-1.957083,0.6666667,4e+06,False
R3B all days 0900-0945,NATGAS.cash,energy,M15,918,482.4453237410072,-1.3749129,-53.84700402221173,0.004357298474945534,-1.3749127,-1.3649948,-1.384831,,-1.3749129,0/3,-1.9524513,0.6666667,4e+06,False
R3C gotobi 1000-1100,NATGAS.cash,energy,M15,262,138.89042089985486,-1.3796731,-28.291978573729136,0.003816793893129771,-1.3796731,-1.3502141,-1.4091322,,-1.3796731,0/3,-1.9413841,0.9166667,4e+06,False
R3C all days 1000-1100,NATGAS.cash,energy,M15,918,482.4453237410072,-1.3738612,-52.818218618560124,0.0032679738562091504,-1.3738612,-1.3595704,-1.3881521,,-1.3738612,0/3,-1.9546779,0.9166667,4e+06,False
R3 fake gotobi 1100-1145,NATGAS.cash,energy,M15,262,138.89042089985486,-1.3724191,-29.078682003959155,0.0,-1.3724191,-1.3764627,-1.3683757,,-1.3724191,0/3,-1.9321065,0.6666667,4e+06,False
R3C gotobi 1000-1100,NATGAS.cash,energy,M30,262,138.89042089985486,-1.3796731,-28.291978573729136,0.003816793893129771,-1.3796731,-1.3502141,-1.4091322,,-1.3796731,0/3,-1.9413841,0.9166667,4e+06,False
R3C all days 1000-1100,NATGAS.cash,energy,M30,918,482.4453237410072,-1.3738612,-52.818218618560124,0.0032679738562091504,-1.3738612,-1.3595704,-1.3881521,,-1.3738612,0/3,-1.9546779,0.9166667,4e+06,False
R3A gotobi 0900-0945,NZDCAD,fx,M15,1658,141.5909516015899,-0.13717175,-12.569551671055063,0.35705669481302776,-0.13717175,-0.12543955,-0.14890394,-0.1400132030248642,-0.128056,0/12,-0.2600602,0.5,4e+06,False
R3A non-gotobi 0900-0945,NZDCAD,fx,M15,4030,344.1565349544073,-0.135093,-17.81472365497231,0.38064516129032255,-0.135093,-0.13379703,-0.13638897,-0.13509143888950348,-0.13509811,0/12,-0.26201096,0.5,4e+06,False
R3B all days 0900-0945,NZDCAD,fx,M15,5688,485.6339410939691,-0.13569894,-21.734912859221605,0.3737693389592124,-0.13569894,-0.1313609,-0.14003697,-0.13652420043945312,-0.13303676,0/12,-0.26144516,0.5,4e+06,False
R3C gotobi 1000-1100,NZDCAD,fx,M15,1658,141.5909516015899,-0.13487457,-10.012764728258885,0.39505428226779254,-0.13487457,-0.12237429,-0.14737485,-0.13661397993564606,-0.12929438,0/12,-0.25816062,0.75,4e+06,False
R3C all days 1000-1100,NZDCAD,fx,M15,5686,485.46318373071523,-0.12884322,-17.118312619251675,0.3855082659162856,-0.12884322,-0.11328957,-0.14439686,-0.13284771144390106,-0.115931176,0/12,-0.269969,0.75,4e+06,False
R3 fake gotobi 1100-1145,NZDCAD,fx,M15,1658,141.5909516015899,-0.1173206,-8.810174200071664,0.3703256936067551,-0.11732059,-0.119775936,-0.114865236,-0.12744905054569244,-0.08482725,0/12,-0.25735897,0.5,4e+06,False
R3C gotobi 1000-1100,NZDCAD,fx,M30,1658,141.5909516015899,-0.13487457,-10.012764728258885,0.39505428226779254,-0.13487457,-0.12237429,-0.14737485,-0.13661397993564606,-0.12929438,0/12,-0.25816062,0.75,4e+06,False
R3C all days 1000-1100,NZDCAD,fx,M30,5686,485.46318373071523,-0.12884322,-17.118312619251675,0.3855082659162856,-0.12884322,-0.11328957,-0.14439686,-0.13284771144390106,-0.115931176,0/12,-0.269969,0.75,4e+06,False
R3A gotobi 0900-0945,NZDCHF,fx,M15,1658,141.5909516015899,-0.19061214,-16.313436295114165,0.3238841978287093,-0.19061214,-0.16812244,-0.21310183,-0.20038048923015594,-0.15927409,0/12,-0.34139705,0.5,4e+06,False
R3A non-gotobi 0900-0945,NZDCHF,fx,M15,4030,344.1565349544073,-0.18769258,-24.226139592005584,0.3411910669975186,-0.18769258,-0.18999039,-0.18539482,-0.19366367161273956,-0.16838695,0/12,-0.33945686,0.5,4e+06,False
R3B all days 0900-0945,NZDCHF,fx,M15,5688,485.6339410939691,-0.1885436,-29.188819948365484,0.3361462728551336,-0.1885436,-0.18361607,-0.19347115,-0.19561900198459625,-0.16571943,0/12,-0.33999172,0.5,4e+06,False
R3C gotobi 1000-1100,NZDCHF,fx,M15,1658,141.5909516015899,-0.18780777,-12.956471173266282,0.36127864897466827,-0.18780778,-0.15848179,-0.21713375,-0.19642408192157745,-0.16016561,0/12,-0.35303342,0.75,4e+06,False
R3C all days 1000-1100,NZDCHF,fx,M15,5686,485.46318373071523,-0.18048033,-22.31601070490208,0.3547309180443194,-0.18048033,-0.15145546,-0.2095052,-0.19030413031578064,-0.14880475,0/12,-0.3408412,0.75,4e+06,False
R3 fake gotobi 1100-1145,NZDCHF,fx,M15,1658,141.5909516015899,-0.17862946,-13.784276058128166,0.31544028950542824,-0.17862943,-0.18392858,-0.1733303,-0.19370286166667938,-0.13027212,0/12,-0.3435499,0.5,4e+06,False
R3C gotobi 1000-1100,NZDCHF,fx,M30,1658,141.5909516015899,-0.18780777,-12.956471173266282,0.36127864897466827,-0.18780778,-0.15848179,-0.21713375,-0.19642408192157745,-0.16016561,0/12,-0.35303342,0.75,4e+06,False
R3C all days 1000-1100,NZDCHF,fx,M30,5686,485.46318373071523,-0.18048033,-22.31601070490208,0.3547309180443194,-0.18048033,-0.15145546,-0.2095052,-0.19030413031578064,-0.14880475,0/12,-0.3408412,0.75,4e+06,False
R3A gotobi 0900-0945,NZDJPY,fx,M15,1664,142.10334346504558,-0.09643516,-7.350731764404887,0.4140625,-0.09643516,-0.051805027,-0.1410653,-0.09981954097747803,-0.08552613,0/12,-0.2139884,0.5,4e+06,False
R3A non-gotobi 0900-0945,NZDJPY,fx,M15,4036,344.668926817863,-0.093193874,-10.595132222991435,0.4308721506442022,-0.09319387,-0.097121425,-0.08926631,-0.0953221321105957,-0.08629937,0/12,-0.18167646,0.5,4e+06,False
R3B all days 0900-0945,NZDJPY,fx,M15,5700,486.65848527349226,-0.0941401,-12.876741285516031,0.42596491228070177,-0.09414009,-0.08389222,-0.104387976,-0.09663396328687668,-0.086073026,0/12,-0.1911402,0.5,4e+06,False
R3C gotobi 1000-1100,NZDJPY,fx,M15,1664,142.10334346504558,-0.091360524,-5.8916474395171194,0.4362980769230769,-0.091360524,-0.124113485,-0.058607563,-0.09525962173938751,-0.07879234,0/12,-0.16863917,0.75,4e+06,False
R3C all days 1000-1100,NZDJPY,fx,M15,5698,486.4877279102384,-0.08464619,-9.668569674197196,0.4331344331344331,-0.084646195,-0.083603665,-0.08568872,-0.08780566602945328,-0.0744307,0/12,-0.17282274,0.75,4e+06,False
R3 fake gotobi 1100-1145,NZDJPY,fx,M15,1664,142.10334346504558,-0.07924468,-4.924514754631609,0.39663461538461536,-0.07924468,-0.112703964,-0.04578539,-0.08315593004226685,-0.06663733,0/12,-0.1961532,0.5,4e+06,False
R3C gotobi 1000-1100,NZDJPY,fx,M30,1664,142.10334346504558,-0.091360524,-5.8916474395171194,0.4362980769230769,-0.091360524,-0.124113485,-0.058607563,-0.09525962173938751,-0.07879234,0/12,-0.16863917,0.75,4e+06,False
R3C all days 1000-1100,NZDJPY,fx,M30,5698,486.4877279102384,-0.08464619,-9.668569674197196,0.4331344331344331,-0.084646195,-0.083603665,-0.08568872,-0.08780566602945328,-0.0744307,0/12,-0.17282274,0.75,4e+06,False
R3A gotobi 0900-0945,NZDUSD,fx,M15,1662,142.0654107184648,-0.09870389,-8.582853080262849,0.4055354993983153,-0.09870389,-0.091153786,-0.10625398,-0.10621847212314606,-0.07435815,0/12,-0.21474242,0.5,4e+06,False
R3A non-gotobi 0900-0945,NZDUSD,fx,M15,4036,344.668926817863,-0.101571426,-12.852444071781012,0.41650148662041625,-0.10157143,-0.11247763,-0.09066523,-0.10735272616147995,-0.08284294,0/12,-0.20887773,0.5,4e+06,False
R3B all days 0900-0945,NZDUSD,fx,M15,5698,486.60147299509003,-0.10073501,-15.437521730521592,0.4133029133029133,-0.10073502,-0.106257856,-0.09521218,-0.10702188313007355,-0.080368206,0/12,-0.21059543,0.5,4e+06,False
R3C gotobi 1000-1100,NZDUSD,fx,M15,1662,142.0654107184648,-0.09541546,-6.667982321570647,0.4326113116726835,-0.095415466,-0.08551295,-0.10531798,-0.09853845834732056,-0.08529756,0/12,-0.23130725,0.75,4e+06,False
R3C all days 1000-1100,NZDUSD,fx,M15,5696,486.43067570727146,-0.093523495,-11.742335313141478,0.42327949438202245,-0.093523495,-0.071937054,-0.11510993,-0.09966413676738739,-0.073639505,0/12,-0.21212055,0.75,4e+06,False
R3 fake gotobi 1100-1145,NZDUSD,fx,M15,1662,142.0654107184648,-0.08586923,-6.541386073928767,0.4055354993983153,-0.08586923,-0.08333939,-0.08839907,-0.09548497200012207,-0.054716192,0/12,-0.20795451,0.5,4e+06,False
R3C gotobi 1000-1100,NZDUSD,fx,M30,1662,142.0654107184648,-0.09541546,-6.667982321570647,0.4326113116726835,-0.095415466,-0.08551295,-0.10531798,-0.09853845834732056,-0.08529756,0/12,-0.23130725,0.75,4e+06,False
R3C all days 1000-1100,NZDUSD,fx,M30,5696,486.43067570727146,-0.093523495,-11.742335313141478,0.42327949438202245,-0.093523495,-0.071937054,-0.11510993,-0.09966413676738739,-0.073639505,0/12,-0.21212055,0.75,4e+06,False
R3A gotobi 0900-0945,SOYBEAN.c,soft,M15,286,91.55258545135845,-0.4728494,-15.195673434294825,0.1958041958041958,-0.4728494,-0.50500154,-0.44069722,-0.03217344731092453,-0.5244911,0/4,-0.7514918,0.6666667,4e+06,False
R3A non-gotobi 0900-0945,SOYBEAN.c,soft,M15,694,222.94063324538257,-0.46243173,-21.423095732977945,0.19020172910662825,-0.46243167,-0.45819533,-0.46666804,-0.03317716345191002,-0.5045421,0/4,-0.72272414,0.6666667,4e+06,False
R3B all days 0900-0945,SOYBEAN.c,soft,M15,980,313.71165644171776,-0.46547195,-26.190838576285323,0.19183673469387755,-0.46547195,-0.47185507,-0.45908883,-0.032849859446287155,-0.5102931,0/4,-0.7311303,0.6666667,4e+06,False
R3C gotobi 1000-1100,SOYBEAN.c,soft,M15,416,133.16739702015775,-0.45565537,-14.27262135845722,0.21875,-0.45565537,-0.39788377,-0.5134269,-0.003866112558171153,-0.5145844,0/4,-0.694964,0.9166667,4e+06,False
R3C all days 1000-1100,SOYBEAN.c,soft,M15,1440,460.9640666082384,-0.4422317,-25.371969238482958,0.22708333333333333,-0.4422317,-0.38138908,-0.50307435,-0.0160655677318573,-0.4970054,0/4,-0.66959655,0.9166667,4e+06,False
R3 fake gotobi 1100-1145,SOYBEAN.c,soft,M15,416,133.16739702015775,-0.44845244,-19.355873230245475,0.1778846153846154,-0.44845244,-0.4117513,-0.48515362,-0.03235665336251259,-0.5027258,0/4,-0.6785328,0.6666667,4e+06,False
R3C gotobi 1000-1100,SOYBEAN.c,soft,M30,416,133.16739702015775,-0.45565537,-14.27262135845722,0.21875,-0.45565537,-0.39788377,-0.5134269,-0.003866112558171153,-0.5145844,0/4,-0.694964,0.9166667,4e+06,False
R3C all days 1000-1100,SOYBEAN.c,soft,M30,1440,460.9640666082384,-0.4422317,-25.371969238482958,0.22708333333333333,-0.4422317,-0.38138908,-0.50307435,-0.0160655677318573,-0.4970054,0/4,-0.66959655,0.9166667,4e+06,False
R3A gotobi 0900-0945,UK100.cash,index,M15,686,138.73837209302326,-0.20554867,-11.084042599308491,0.2988338192419825,-0.2055487,-0.20652816,-0.20456922,-0.18499118089675903,-0.2221029,0/6,-0.38647524,0.6666667,4e+06,False
R3A non-gotobi 0900-0945,UK100.cash,index,M15,1658,334.0234418091561,-0.21203816,-19.797823317611535,0.2792521109770808,-0.21203814,-0.19840807,-0.22566824,-0.19363363087177277,-0.2263747,0/6,-0.4025741,0.6666667,4e+06,False
R3B all days 0900-0945,UK100.cash,index,M15,2344,472.2261445118588,-0.21013893,-22.55388547773635,0.28498293515358364,-0.21013893,-0.2007845,-0.21949336,-0.1910710632801056,-0.22513743,0/6,-0.39767444,0.6666667,4e+06,False
R3C gotobi 1000-1100,UK100.cash,index,M15,686,138.73837209302326,-0.13096169,-7.73097531527016,0.36588921282798836,-0.13096169,-0.1259738,-0.13594957,-0.09561225771903992,-0.15942729,0/6,-0.2225324,0.9166667,4e+06,False
R3C all days 1000-1100,UK100.cash,index,M15,2356,474.64368450082736,-0.12594481,-13.448069181675116,0.3548387096774194,-0.12594481,-0.113854825,-0.13803478,-0.08989285677671432,-0.15443571,0/6,-0.2065709,0.9166667,4e+06,False
R3 fake gotobi 1100-1145,UK100.cash,index,M15,686,138.73837209302326,-0.14196016,-13.269529320506061,0.2784256559766764,-0.14196016,-0.14216496,-0.14175537,-0.11474316567182541,-0.16387703,0/6,-0.20211431,0.6666667,4e+06,False
R3C gotobi 1000-1100,UK100.cash,index,M30,686,138.73837209302326,-0.13096169,-7.73097531527016,0.36588921282798836,-0.13096169,-0.1259738,-0.13594957,-0.09561225771903992,-0.15942729,0/6,-0.2225324,0.9166667,4e+06,False
R3C all days 1000-1100,UK100.cash,index,M30,2356,474.64368450082736,-0.12594481,-13.448069181675116,0.3548387096774194,-0.12594481,-0.113854825,-0.13803478,-0.08989285677671432,-0.15443571,0/6,-0.2065709,0.9166667,4e+06,False
R3A gotobi 0900-0945,UKOIL.cash,energy,M15,464,92.81270536692223,-0.05512288,-3.448679723709588,0.3879310344827586,-0.05512288,-0.055081934,-0.05516382,-0.054469767957925797,-0.05561765,0/6,-0.09639546,0.6666667,4e+06,False
R3A non-gotobi 0900-0945,UKOIL.cash,energy,M15,1144,227.95744680851064,-0.05954373,-7.484966756412133,0.3706293706293706,-0.05954373,-0.053977694,-0.065109774,-0.057588931173086166,-0.060977254,0/6,-0.093278676,0.6666667,4e+06,False
R3B all days 0900-0945,UKOIL.cash,energy,M15,1608,320.41571194762685,-0.058268063,-7.9837562131506905,0.3756218905472637,-0.058268063,-0.054296333,-0.0622398,-0.056676898151636124,-0.05944594,0/6,-0.091701075,0.6666667,4e+06,False
R3C gotobi 1000-1100,UKOIL.cash,energy,M15,704,140.81927710843374,-0.05566838,-3.012701368104249,0.453125,-0.05566838,-0.064502954,-0.04683381,-0.055832136422395706,-0.055533484,0/6,-0.094117515,0.9166667,4e+06,False
R3C all days 1000-1100,UKOIL.cash,energy,M15,2434,485.00736497545006,-0.05598389,-5.603714247461066,0.44700082169268696,-0.055983882,-0.054449704,-0.05751807,-0.05126236006617546,-0.05985145,0/6,-0.074062906,0.9166667,4e+06,False
R3 fake gotobi 1100-1145,UKOIL.cash,energy,M15,704,140.81927710843374,-0.04835992,-3.0006741371116203,0.4133522727272727,-0.04835992,-0.02752222,-0.069197625,-0.05617232248187065,-0.0419238,0/6,-0.07986117,0.6666667,4e+06,False
R3C gotobi 1000-1100,UKOIL.cash,energy,M30,704,140.81927710843374,-0.05566838,-3.012701368104249,0.453125,-0.05566838,-0.064502954,-0.04683381,-0.055832136422395706,-0.055533484,0/6,-0.094117515,0.9166667,4e+06,False
R3C all days 1000-1100,UKOIL.cash,energy,M30,2434,485.00736497545006,-0.05598389,-5.603714247461066,0.44700082169268696,-0.055983882,-0.054449704,-0.05751807,-0.05126236006617546,-0.05985145,0/6,-0.074062906,0.9166667,4e+06,False
R3A gotobi 0900-0945,US100.cash,index,M15,698,140.85331491712708,-0.021144582,-1.6437209799550996,0.47421203438395415,-0.021144586,-0.035176355,-0.007112814,-0.019058549776673317,-0.02281126,0/6,-0.033113815,0.73333335,4e+06,False
R3A non-gotobi 0900-0945,US100.cash,index,M15,1712,344.9023717595146,-0.023245012,-2.944310839440094,0.45735981308411217,-0.023245012,-0.04528061,-0.0012094161,-0.02127671055495739,-0.024816353,0/6,-0.030585302,0.73333335,4e+06,False
R3B all days 0900-0945,US100.cash,index,M15,2410,485.2549614112459,-0.022636674,-3.362722618017307,0.46224066390041496,-0.022636676,-0.04235415,-0.0029191978,-0.020634064450860023,-0.024235774,0/6,-0.030978255,0.73333335,4e+06,False
R3C gotobi 1000-1100,US100.cash,index,M15,698,140.85331491712708,-0.019576443,-1.4873622716647317,0.4584527220630373,-0.019576441,0.00056037796,-0.03971326,-0.023446936160326004,-0.016484037,0/6,-0.031832077,0.98333335,4e+06,False
R3C all days 1000-1100,US100.cash,index,M15,2410,485.2549614112459,-0.02145317,-3.0454496462501193,0.46597510373443984,-0.02145317,-0.006200056,-0.03670629,-0.021808728575706482,-0.021169255,0/6,-0.031584684,0.98333335,4e+06,False
R3 fake gotobi 1100-1145,US100.cash,index,M15,698,140.85331491712708,-0.02367857,-2.5581918543864366,0.45702005730659023,-0.02367857,-0.033356816,-0.0140003245,-0.023067209869623184,-0.024167027,0/6,-0.035865773,0.73333335,4e+06,False
R3C gotobi 1000-1100,US100.cash,index,M30,698,140.85331491712708,-0.019576443,-1.4873622716647317,0.4584527220630373,-0.019576441,0.00056037796,-0.03971326,-0.023446936160326004,-0.016484037,0/6,-0.031832077,0.98333335,4e+06,False
R3C all days 1000-1100,US100.cash,index,M30,2410,485.2549614112459,-0.02145317,-3.0454496462501193,0.46597510373443984,-0.02145317,-0.006200056,-0.03670629,-0.021808728575706482,-0.021169255,0/6,-0.031584684,0.98333335,4e+06,False
R3A gotobi 0900-0945,US2000.cash,index,M15,1204,139.78417037507947,-0.10558066,-11.101292154474288,0.3538205980066445,-0.10558066,-0.115898065,-0.095263235,-0.11228618025779724,-0.0913705,0/9,-0.21771203,0.6666667,4e+06,False
R3A non-gotobi 0900-0945,US2000.cash,index,M15,2956,343.1910362364908,-0.10570422,-17.349396118386622,0.34607577807848444,-0.10570422,-0.1142788,-0.09712964,-0.11233363300561905,-0.09174901,0/9,-0.20510362,0.6666667,4e+06,False
R3B all days 0900-0945,US2000.cash,index,M15,4160,482.51508415369955,-0.10566846,-20.59947851202038,0.3483173076923077,-0.10566846,-0.11474745,-0.09658947,-0.11231987178325653,-0.091639824,0/9,-0.20870604,0.6666667,4e+06,False
R3C gotobi 1000-1100,US2000.cash,index,M15,1206,139.6612238427394,-0.10392053,-10.396246227064436,0.35655058043117743,-0.10392054,-0.10372735,-0.10411371,-0.1090053990483284,-0.09311847,0/9,-0.19146931,0.9166667,4e+06,False
R3C all days 1000-1100,US2000.cash,index,M15,4164,481.45014245014244,-0.104261406,-18.87861576246357,0.3525456292026897,-0.10426141,-0.09460286,-0.11391997,-0.10881248861551285,-0.09464904,0/9,-0.20113267,0.9166667,4e+06,False
R3 fake gotobi 1100-1145,US2000.cash,index,M15,1206,139.6612238427394,-0.105275236,-13.936451674492549,0.2877280265339967,-0.105275236,-0.10181546,-0.10873502,-0.11087395995855331,-0.09338157,0/9,-0.20409425,0.6666667,4e+06,False
R3C gotobi 1000-1100,US2000.cash,index,M30,1206,139.6612238427394,-0.10392053,-10.396246227064436,0.35655058043117743,-0.10392054,-0.10372735,-0.10411371,-0.1090053990483284,-0.09311847,0/9,-0.19146931,0.9166667,4e+06,False
R3C all days 1000-1100,US2000.cash,index,M30,4164,481.45014245014244,-0.104261406,-18.87861576246357,0.3525456292026897,-0.10426141,-0.09460286,-0.11391997,-0.10881248861551285,-0.09464904,0/9,-0.20113267,0.9166667,4e+06,False
R3A gotobi 0900-0945,US30.cash,index,M15,1046,138.0243858381503,-0.016391145,-1.5757045955861,0.4665391969407266,-0.016391145,-0.018784758,-0.013997531,-0.013447646982967854,-0.021424066,0/8,-0.034776248,0.6666667,4e+06,False
R3A non-gotobi 0900-0945,US30.cash,index,M15,2582,340.0921384781825,-0.01440396,-2.2005374985559554,0.46979085979860574,-0.014403962,-0.03668105,0.007873124,-0.009720821864902973,-0.022422357,1/8,-0.030949207,0.6666667,4e+06,False
R3B all days 0900-0945,US30.cash,index,M15,3628,477.86765236206276,-0.014976891,-2.7035758933362364,0.46885336273428885,-0.014976891,-0.03152131,0.0015675284,-0.01079492922872305,-0.022134358,1/8,-0.031030692,0.6666667,4e+06,False
R3C gotobi 1000-1100,US30.cash,index,M15,1046,138.0243858381503,-0.020023061,-1.8958587904397555,0.4684512428298279,-0.020023061,-0.031568363,-0.00847776,-0.016798006370663643,-0.025537407,0/8,-0.03285965,0.9166667,4e+06,False
R3C all days 1000-1100,US30.cash,index,M15,3628,477.86765236206276,-0.015247392,-2.64205379824028,0.46802646085997796,-0.015247389,-0.012766518,-0.017728264,-0.009954181499779224,-0.024306769,1/8,-0.033051845,0.9166667,4e+06,False
R3 fake gotobi 1100-1145,US30.cash,index,M15,1046,138.0243858381503,-0.018112224,-2.415327376882187,0.45506692160611856,-0.018112224,-0.016951172,-0.019273274,-0.014065144583582878,-0.025032097,0/8,-0.03537858,0.6666667,4e+06,False
R3C gotobi 1000-1100,US30.cash,index,M30,1046,138.0243858381503,-0.020023061,-1.8958587904397555,0.4684512428298279,-0.020023061,-0.031568363,-0.00847776,-0.016798006370663643,-0.025537407,0/8,-0.03285965,0.9166667,4e+06,False
R3C all days 1000-1100,US30.cash,index,M30,3628,477.86765236206276,-0.015247392,-2.64205379824028,0.46802646085997796,-0.015247389,-0.012766518,-0.017728264,-0.009954181499779224,-0.024306769,1/8,-0.033051845,0.9166667,4e+06,False
R3A gotobi 0900-0945,US500.cash,index,M15,698,140.85331491712708,-0.032183256,-2.3482074727040216,0.45558739255014324,-0.03218326,-0.048525736,-0.01584078,-0.028394589200615883,-0.03521029,0/6,-0.04762868,0.73333335,4e+06,False
R3A non-gotobi 0900-0945,US500.cash,index,M15,1710,344.4994484280199,-0.03231708,-4.085006502689796,0.45087719298245615,-0.03231708,-0.06066128,-0.0039728754,-0.028437945991754532,-0.035405718,0/6,-0.039626922,0.73333335,4e+06,False
R3B all days 0900-0945,US500.cash,index,M15,2408,484.85226019845646,-0.03227829,-4.692179381053444,0.4522425249169435,-0.032278284,-0.057143584,-0.0074129915,-0.02842536009848118,-0.03534913,0/6,-0.040859267,0.73333335,4e+06,False
R3C gotobi 1000-1100,US500.cash,index,M15,698,140.85331491712708,-0.033734057,-2.5441015084159138,0.4498567335243553,-0.03373406,-0.01756608,-0.04990204,-0.03307214379310608,-0.03426291,0/6,-0.050586067,0.98333335,4e+06,False
R3C all days 1000-1100,US500.cash,index,M15,2408,484.85226019845646,-0.03351215,-4.762446379890973,0.44601328903654486,-0.03351215,-0.021386333,-0.045637965,-0.031762510538101196,-0.034906637,0/6,-0.04190795,0.98333335,4e+06,False
R3 fake gotobi 1100-1145,US500.cash,index,M15,698,140.85331491712708,-0.03431088,-3.6227723917007313,0.4140401146131805,-0.034310877,-0.043489173,-0.025132578,-0.03160299360752106,-0.036474396,0/6,-0.04759028,0.73333335,4e+06,False
R3C gotobi 1000-1100,US500.cash,index,M30,698,140.85331491712708,-0.033734057,-2.5441015084159138,0.4498567335243553,-0.03373406,-0.01756608,-0.04990204,-0.03307214379310608,-0.03426291,0/6,-0.050586067,0.98333335,4e+06,False
R3C all days 1000-1100,US500.cash,index,M30,2408,484.85226019845646,-0.03351215,-4.762446379890973,0.44601328903654486,-0.03351215,-0.021386333,-0.045637965,-0.031762510538101196,-0.034906637,0/6,-0.04190795,0.98333335,4e+06,False
R3A gotobi 0900-0945,USDCAD,fx,M15,1662,142.0654107184648,-0.06663755,-8.248691327403558,0.40794223826714804,-0.06663755,-0.057845004,-0.07543011,-0.06408308446407318,-0.07491354,0/12,-0.12492406,0.5,4e+06,False
R3A non-gotobi 0900-0945,USDCAD,fx,M15,4036,344.668926817863,-0.065015726,-11.287171735315505,0.4147670961347869,-0.065015726,-0.05058324,-0.079448216,-0.06258195638656616,-0.07289989,0/12,-0.113240935,0.5,4e+06,False
R3B all days 0900-0945,USDCAD,fx,M15,5698,486.60147299509003,-0.065488786,-13.900622046653513,0.41277641277641275,-0.065488786,-0.05270136,-0.0782762,-0.06301981210708618,-0.07348721,0/12,-0.11666277,0.5,4e+06,False
R3C gotobi 1000-1100,USDCAD,fx,M15,1662,142.0654107184648,-0.06613357,-6.671376340763019,0.41997593261131166,-0.06613357,-0.06560611,-0.06666105,-0.06186162307858467,-0.07997383,0/12,-0.11024143,0.75,4e+06,False
R3C all days 1000-1100,USDCAD,fx,M15,5696,486.43067570727146,-0.06519155,-11.75366921524405,0.4241573033707865,-0.06519155,-0.07549823,-0.054884873,-0.060963042080402374,-0.07888387,0/12,-0.11507132,0.75,4e+06,False
R3 fake gotobi 1100-1145,USDCAD,fx,M15,1662,142.0654107184648,-0.062431343,-7.459825162955209,0.39651022864019253,-0.062431343,-0.07484187,-0.050020818,-0.06055373698472977,-0.068514414,0/12,-0.11430007,0.5,4e+06,False
R3C gotobi 1000-1100,USDCAD,fx,M30,1662,142.0654107184648,-0.06613357,-6.671376340763019,0.41997593261131166,-0.06613357,-0.06560611,-0.06666105,-0.06186162307858467,-0.07997383,0/12,-0.11024143,0.75,4e+06,False
R3C all days 1000-1100,USDCAD,fx,M30,5696,486.43067570727146,-0.06519155,-11.75366921524405,0.4241573033707865,-0.06519155,-0.07549823,-0.054884873,-0.060963042080402374,-0.07888387,0/12,-0.11507132,0.75,4e+06,False
R3A gotobi 0900-0945,USDCHF,fx,M15,1662,142.0654107184648,-0.074401096,-8.94042730845309,0.401323706377858,-0.0744011,-0.055895343,-0.092906855,-0.07629406452178955,-0.06826828,0/12,-0.11435585,0.5,4e+06,False
R3A non-gotobi 0900-0945,USDCHF,fx,M15,4034,344.8206178329043,-0.071994096,-12.616197288294533,0.3996033713435796,-0.071994096,-0.054590583,-0.089397624,-0.07450923323631287,-0.06385166,0/12,-0.11573404,0.5,4e+06,False
R3B all days 0900-0945,USDCHF,fx,M15,5696,486.54443405051455,-0.072696425,-15.420031348116641,0.4001053370786517,-0.072696425,-0.054971293,-0.09042156,-0.07503007352352142,-0.065139845,0/12,-0.11533039,0.5,4e+06,False
R3C gotobi 1000-1100,USDCHF,fx,M15,1662,142.0654107184648,-0.07219001,-7.747153460361353,0.39951865222623345,-0.07219001,-0.05278264,-0.09159739,-0.07533691823482513,-0.06199468,0/12,-0.12466515,0.75,4e+06,False
R3C all days 1000-1100,USDCHF,fx,M15,5694,486.3735968194575,-0.07308963,-14.768300425097962,0.4035827186512118,-0.07308963,-0.068265155,-0.0779141,-0.0754866823554039,-0.06533133,0/12,-0.12130244,0.75,4e+06,False
R3 fake gotobi 1100-1145,USDCHF,fx,M15,1662,142.0654107184648,-0.06996867,-9.296692406276488,0.38206979542719616,-0.06996867,-0.08564327,-0.054294087,-0.07344469428062439,-0.058707077,0/12,-0.123459354,0.5,4e+06,False
R3C gotobi 1000-1100,USDCHF,fx,M30,1662,142.0654107184648,-0.07219001,-7.747153460361353,0.39951865222623345,-0.07219001,-0.05278264,-0.09159739,-0.07533691823482513,-0.06199468,0/12,-0.12466515,0.75,4e+06,False
R3C all days 1000-1100,USDCHF,fx,M30,5694,486.3735968194575,-0.07308963,-14.768300425097962,0.4035827186512118,-0.07308963,-0.068265155,-0.0779141,-0.0754866823554039,-0.06533133,0/12,-0.12130244,0.75,4e+06,False
R3A gotobi 0900-0945,USDJPY,fx,M15,1662,142.0654107184648,-0.075281836,-5.61814420778851,0.4398315282791817,-0.07528183,-0.029632468,-0.12093119,-0.08391144871711731,-0.047323596,0/12,-0.28484294,0.5,4e+06,False
R3A non-gotobi 0900-0945,USDJPY,fx,M15,4036,344.668926817863,-0.07765268,-9.43813697621462,0.4437561942517344,-0.07765267,-0.0670787,-0.08822666,-0.0863267257809639,-0.049553145,0/12,-0.27610102,0.5,4e+06,False
R3B all days 0900-0945,USDJPY,fx,M15,5698,486.60147299509003,-0.07696115,-10.968775533847536,0.4426114426114426,-0.076961145,-0.056156334,-0.09776596,-0.08562222123146057,-0.04890286,0/12,-0.2786344,0.5,4e+06,False
R3C gotobi 1000-1100,USDJPY,fx,M15,1662,142.0654107184648,-0.08873097,-6.476848680526221,0.42117930204572807,-0.08873097,-0.13932198,-0.038139958,-0.09865035116672516,-0.056594227,0/12,-0.35900477,0.75,4e+06,False
R3C all days 1000-1100,USDJPY,fx,M15,5696,486.43067570727146,-0.08073845,-10.783012381464607,0.43047752808988765,-0.08073845,-0.1081338,-0.0533431,-0.08953064680099487,-0.052268498,0/12,-0.32688248,0.75,4e+06,False
R3 fake gotobi 1100-1145,USDJPY,fx,M15,1662,142.0654107184648,-0.0694415,-5.056360829497708,0.4091456077015644,-0.0694415,-0.1157129,-0.023170082,-0.07782181352376938,-0.04229099,1/12,-0.3007754,0.5,4e+06,False
R3C gotobi 1000-1100,USDJPY,fx,M30,1662,142.0654107184648,-0.08873097,-6.476848680526221,0.42117930204572807,-0.08873097,-0.13932198,-0.038139958,-0.09865035116672516,-0.056594227,0/12,-0.35900477,0.75,4e+06,False
R3C all days 1000-1100,USDJPY,fx,M30,5696,486.43067570727146,-0.08073845,-10.783012381464607,0.43047752808988765,-0.08073845,-0.1081338,-0.0533431,-0.08953064680099487,-0.052268498,0/12,-0.32688248,0.75,4e+06,False
R3A gotobi 0900-0945,USOIL.cash,energy,M15,800,140.54834054834055,-0.039665725,-3.201828857149245,0.40375,-0.039665725,-0.04827856,-0.03105289,-0.036935217678546906,-0.04262377,0/6,-0.06275649,0.6666667,4e+06,False
R3A non-gotobi 0900-0945,USOIL.cash,energy,M15,1964,344.053237410072,-0.052250423,-7.806415230145057,0.3966395112016293,-0.052250423,-0.06738283,-0.037118014,-0.04111452028155327,-0.064088166,0/6,-0.086845964,0.6666667,4e+06,False
R3B all days 0900-0945,USOIL.cash,energy,M15,2764,484.19712230215833,-0.04860796,-8.161224211591612,0.3986975397973951,-0.04860796,-0.06185337,-0.035362553,-0.03989701718091965,-0.057918753,0/6,-0.07981445,0.6666667,4e+06,False
R3C gotobi 1000-1100,USOIL.cash,energy,M15,800,140.54834054834055,-0.049774256,-2.9443992781925847,0.45125,-0.049774256,-0.07404388,-0.025504641,-0.04528854414820671,-0.054633785,0/6,-0.06589578,0.9166667,4e+06,False
R3C all days 1000-1100,USOIL.cash,energy,M15,2766,484.54748201438855,-0.04918222,-5.405436418201106,0.44685466377440347,-0.04918222,-0.051677857,-0.046686586,-0.04295086860656738,-0.05585201,0/6,-0.06104193,0.9166667,4e+06,False
R3 fake gotobi 1100-1145,USOIL.cash,energy,M15,800,140.54834054834055,-0.044697862,-3.1736094347287755,0.42375,-0.044697862,-0.046561316,-0.042834405,-0.044195886701345444,-0.045241673,0/6,-0.0686522,0.6666667,4e+06,False
R3C gotobi 1000-1100,USOIL.cash,energy,M30,800,140.54834054834055,-0.049774256,-2.9443992781925847,0.45125,-0.049774256,-0.07404388,-0.025504641,-0.04528854414820671,-0.054633785,0/6,-0.06589578,0.9166667,4e+06,False
R3C all days 1000-1100,USOIL.cash,energy,M30,2766,484.54748201438855,-0.04918222,-5.405436418201106,0.44685466377440347,-0.04918222,-0.051677857,-0.046686586,-0.04295086860656738,-0.05585201,0/6,-0.06104193,0.9166667,4e+06,False
R3A gotobi 0900-0945,WHEAT.c,soft,M15,334,96.20938485804417,-0.40576103,-12.583435840996586,0.24850299401197604,-0.40576097,-0.39326614,-0.41825593,0.0032606448512524366,-0.5303848,1/4,-0.87471807,0.6666667,4e+06,False
R3A non-gotobi 0900-0945,WHEAT.c,soft,M15,806,231.9869976359338,-0.4012556,-18.786811279733953,0.23573200992555832,-0.4012556,-0.39552116,-0.40699002,-0.030031776055693626,-0.50952923,0/4,-0.84290856,0.6666667,4e+06,False
R3B all days 0900-0945,WHEAT.c,soft,M15,1140,327.8622047244094,-0.4025756,-22.610274681797634,0.2394736842105263,-0.4025756,-0.3948605,-0.41029075,-0.020044047385454178,-0.5155963,0/4,-0.85245144,0.6666667,4e+06,False
R3C gotobi 1000-1100,WHEAT.c,soft,M15,460,132.50394321766564,-0.39417544,-15.295550658617367,0.23695652173913043,-0.39417544,-0.34712368,-0.44122723,-0.01846763677895069,-0.4932632,0/4,-0.72111595,0.9166667,4e+06,False
R3C all days 1000-1100,WHEAT.c,soft,M15,1600,460.1574803149606,-0.3920025,-28.29005479812622,0.2325,-0.3920025,-0.34889117,-0.43511382,-0.017875900492072105,-0.4899599,0/4,-0.70153683,0.9166667,4e+06,False
R3 fake gotobi 1100-1145,WHEAT.c,soft,M15,460,132.50394321766564,-0.35423982,-17.77168933428729,0.18043478260869567,-0.35423976,-0.29462343,-0.41385618,-0.02123766392469406,-0.44206452,0/4,-0.63472635,0.6666667,4e+06,False
R3C gotobi 1000-1100,WHEAT.c,soft,M30,464,133.65615141955837,-0.39906543,-15.509173830886592,0.2349137931034483,-0.39906543,-0.34993923,-0.44819167,-0.01846763677895069,-0.4983518,0/4,-0.7205816,0.9166667,4e+06,False
R3C all days 1000-1100,WHEAT.c,soft,M30,1606,461.88307086614174,-0.39443657,-28.46639661365335,0.23163138231631383,-0.39443654,-0.35027677,-0.43859634,-0.017875900492072105,-0.49256703,0/4,-0.7036695,0.9166667,4e+06,False
R3A gotobi 0900-0945,XAGUSD,metal,M15,1638,140.01392464310788,-0.31173837,-28.838853259008943,0.22527472527472528,-0.31173837,-0.32762155,-0.2958552,-0.3774442970752716,-0.098619744,0/12,-0.76061153,0.6666667,4e+06,False
R3A non-gotobi 0900-0945,XAGUSD,metal,M15,4028,344.30774631406507,-0.31073263,-42.404055638328586,0.22442899702085403,-0.31073263,-0.3257185,-0.2957468,-0.3791356384754181,-0.0897163,0/12,-0.7631498,0.6666667,4e+06,False
R3B all days 0900-0945,XAGUSD,metal,M15,5666,483.9818755846586,-0.3110234,-51.20263719008791,0.22467349099894104,-0.31102338,-0.3262687,-0.29577813,-0.3786463737487793,-0.09228486,0/12,-0.7624156,0.6666667,4e+06,False
R3C gotobi 1000-1100,XAGUSD,metal,M15,1638,140.01392464310788,-0.3101924,-19.3637311555858,0.2875457875457875,-0.3101924,-0.33725888,-0.28312597,-0.37624701857566833,-0.09594271,0/12,-0.75132996,0.9166667,4e+06,False
R3C all days 1000-1100,XAGUSD,metal,M15,5668,484.15271281571563,-0.31203622,-35.194836859680606,0.28793225123500354,-0.31203622,-0.33434668,-0.28972578,-0.37566933035850525,-0.10610849,0/12,-0.7540345,0.9166667,4e+06,False
R3 fake gotobi 1100-1145,XAGUSD,metal,M15,1638,140.01392464310788,-0.30234906,-26.625106969465573,0.23443223443223443,-0.30234906,-0.29331958,-0.31137854,-0.36919429898262024,-0.0855349,0/12,-0.75310314,0.6666667,4e+06,False
R3C gotobi 1000-1100,XAGUSD,metal,M30,1638,140.01392464310788,-0.3101924,-19.3637311555858,0.2875457875457875,-0.3101924,-0.33725888,-0.28312597,-0.37624701857566833,-0.09594271,0/12,-0.75132996,0.9166667,4e+06,False
R3C all days 1000-1100,XAGUSD,metal,M30,5668,484.15271281571563,-0.31203622,-35.194836859680606,0.28793225123500354,-0.31203622,-0.33434668,-0.28972578,-0.37566933035850525,-0.10610849,0/12,-0.7540345,0.9166667,4e+06,False
R3A gotobi 0900-0945,XAUUSD,gold,M15,1640,140.05377601122282,-0.06028527,-6.8475743302495,0.4195121951219512,-0.060285266,-0.08920882,-0.031361718,-0.06941209733486176,-0.030834777,0/12,-0.14026032,0.73333335,4e+06,False
R3A non-gotobi 0900-0945,XAUUSD,gold,M15,4030,344.47870348701144,-0.06028094,-9.83029876227948,0.42258064516129035,-0.06028094,-0.07259682,-0.04796506,-0.07130028307437897,-0.024653282,0/12,-0.14793932,0.73333335,4e+06,False
R3B all days 0900-0945,XAUUSD,gold,M15,5670,484.21031096563013,-0.060282197,-11.943133953098775,0.4216931216931217,-0.060282197,-0.077401705,-0.043162677,-0.07075431942939758,-0.026443146,0/12,-0.14575015,0.73333335,4e+06,False
R3C gotobi 1000-1100,XAUUSD,gold,M15,1640,140.05377601122282,-0.055387758,-4.1097031034473845,0.4457317073170732,-0.05538776,-0.026972895,-0.083802626,-0.0668376237154007,-0.018441306,0/12,-0.13569535,0.98333335,4e+06,False
R3C all days 1000-1100,XAUUSD,gold,M15,5670,484.21031096563013,-0.055783994,-7.457772433479868,0.44850088183421516,-0.055783994,-0.03146131,-0.08010669,-0.06584237515926361,-0.023281932,0/12,-0.13834885,0.98333335,4e+06,False
R3 fake gotobi 1100-1145,XAUUSD,gold,M15,1640,140.05377601122282,-0.055077408,-6.05980340029604,0.4067073170731707,-0.055077415,-0.036847364,-0.07330746,-0.06554386019706726,-0.021304244,0/12,-0.13004214,0.73333335,4e+06,False
R3C gotobi 1000-1100,XAUUSD,gold,M30,1640,140.05377601122282,-0.055387758,-4.1097031034473845,0.4457317073170732,-0.05538776,-0.026972895,-0.083802626,-0.0668376237154007,-0.018441306,0/12,-0.13569535,0.98333335,4e+06,False
R3C all days 1000-1100,XAUUSD,gold,M30,5670,484.21031096563013,-0.055783994,-7.457772433479868,0.44850088183421516,-0.055783994,-0.03146131,-0.08010669,-0.06584237515926361,-0.023281932,0/12,-0.13834885,0.98333335,4e+06,False
R3A gotobi 0900-0945,XCUUSD,metal,M15,246,139.52096273291926,-0.14671843,-6.068518547419014,0.26422764227642276,-0.14671844,-0.1773618,-0.11607505,,-0.14671843,0/3,-0.25346524,0.6666667,4e+06,False
R3A non-gotobi 0900-0945,XCUUSD,metal,M15,614,342.9105504587156,-0.16820037,-12.136412078939555,0.30618892508143325,-0.16820039,-0.15417008,-0.18223068,,-0.16820037,0/3,-0.24195689,0.6666667,4e+06,False
R3B all days 0900-0945,XCUUSD,metal,M15,860,480.2981651376147,-0.16205554,-13.427483998812715,0.2941860465116279,-0.16205554,-0.160804,-0.1633071,,-0.16205554,0/3,-0.24425857,0.6666667,4e+06,False
R3C gotobi 1000-1100,XCUUSD,metal,M15,246,139.52096273291926,-0.14874044,-3.323623002001641,0.3902439024390244,-0.14874044,-0.14962834,-0.14785255,,-0.14874044,0/3,-0.25346512,0.9166667,4e+06,False
R3C all days 1000-1100,XCUUSD,metal,M15,860,480.2981651376147,-0.17338565,-7.500099844678327,0.3825581395348837,-0.17338565,-0.18901648,-0.15775484,,-0.17338565,0/3,-0.24713218,0.9166667,4e+06,False
R3 fake gotobi 1100-1145,XCUUSD,metal,M15,246,139.52096273291926,-0.16234489,-5.556856244239623,0.3048780487804878,-0.16234489,-0.10390785,-0.22078194,,-0.16234489,0/3,-0.29757628,0.6666667,4e+06,False
R3C gotobi 1000-1100,XCUUSD,metal,M30,246,139.52096273291926,-0.14874044,-3.323623002001641,0.3902439024390244,-0.14874044,-0.14962834,-0.14785255,,-0.14874044,0/3,-0.25346512,0.9166667,4e+06,False
R3C all days 1000-1100,XCUUSD,metal,M30,860,480.2981651376147,-0.17338565,-7.500099844678327,0.3825581395348837,-0.17338565,-0.18901648,-0.15775484,,-0.17338565,0/3,-0.24713218,0.9166667,4e+06,False
R3A gotobi 0900-0945,XPDUSD,metal,M15,1298,137.4186956521739,-0.763784,-50.8013536203986,0.07010785824345146,-0.763784,-0.7378592,-0.7897088,-0.8034506440162659,-0.66866684,0/10,-1.0026926,0.6666667,4e+06,False
R3A non-gotobi 0900-0945,XPDUSD,metal,M15,3196,337.96728430804865,-0.76655155,-75.75169475684693,0.07634543178973717,-0.76655155,-0.72009003,-0.813013,-0.8081950545310974,-0.66839194,0/10,-1.0502223,0.6666667,4e+06,False
R3B all days 0900-0945,XPDUSD,metal,M15,4494,475.226838448176,-0.76575226,-91.11429734878638,0.07454383622607921,-0.76575226,-0.7252224,-0.8062821,-0.8068197965621948,-0.6684707,0/10,-1.0362775,0.6666667,4e+06,False
R3C gotobi 1000-1100,XPDUSD,metal,M15,1306,138.26565217391305,-0.7588221,-43.36361250449294,0.09418070444104135,-0.758822,-0.7231437,-0.79450035,-0.7946235537528992,-0.67222345,0/10,-1.0462887,0.9166667,4e+06,False
R3C all days 1000-1100,XPDUSD,metal,M15,4520,477.9762594093804,-0.76273745,-82.35419078867756,0.09845132743362832,-0.76273745,-0.72445613,-0.8010187,-0.7929171919822693,-0.69065887,0/10,-1.0271361,0.9166667,4e+06,False
R3 fake gotobi 1100-1145,XPDUSD,metal,M15,1298,137.4186956521739,-0.71966535,-49.808892359852294,0.06702619414483821,-0.71966535,-0.68526906,-0.75406164,-0.7553213238716125,-0.6347967,0/10,-1.0594149,0.6666667,4e+06,False
R3C gotobi 1000-1100,XPDUSD,metal,M30,1308,138.47739130434783,-0.758491,-43.40404194916406,0.09403669724770643,-0.7584911,-0.7231657,-0.7938163,-0.7940787076950073,-0.67222345,0/10,-1.0462887,0.9166667,4e+06,False
R3C all days 1000-1100,XPDUSD,metal,M30,4532,479.2452229299363,-0.76339716,-82.46638329265981,0.09841129744042365,-0.7633971,-0.7245489,-0.8022453,-0.7937387824058533,-0.69065887,0/10,-1.0271361,0.9166667,4e+06,False
R3A gotobi 0900-0945,XPTUSD,metal,M15,1314,139.11260869565217,-0.4724952,-37.53302839056367,0.1248097412480974,-0.4724952,-0.46676844,-0.47822198,-0.4634626805782318,-0.4946961,0/10,-0.58666587,0.6666667,4e+06,False
R3A non-gotobi 0900-0945,XPTUSD,metal,M15,3250,343.87673812282736,-0.4814139,-57.200315813699056,0.12615384615384614,-0.4814139,-0.47212666,-0.49070117,-0.4743623733520508,-0.49843547,0/10,-0.61626315,0.6666667,4e+06,False
R3B all days 0900-0945,XPTUSD,metal,M15,4564,482.7688966116421,-0.47884622,-68.37333619641849,0.12576687116564417,-0.4788461,-0.470584,-0.48710832,-0.4712124764919281,-0.4973687,0/10,-0.6078773,0.6666667,4e+06,False
R3C gotobi 1000-1100,XPTUSD,metal,M15,1316,139.32434782608695,-0.48073474,-29.897498268527478,0.17249240121580547,-0.4807348,-0.49198672,-0.4694827,-0.46498438715934753,-0.5192448,0/10,-0.6250355,0.9166667,4e+06,False
R3C all days 1000-1100,XPTUSD,metal,M15,4566,482.98045178105997,-0.48133624,-55.570395420561155,0.17257993867717916,-0.48133624,-0.478669,-0.48400354,-0.46911197900772095,-0.5109531,0/10,-0.6168141,0.9166667,4e+06,False
R3 fake gotobi 1100-1145,XPTUSD,metal,M15,1320,139.7478260869565,-0.4643947,-36.240935845371595,0.1303030303030303,-0.46439472,-0.43981814,-0.48897132,-0.46046504378318787,-0.47397327,0/10,-0.59461135,0.6666667,4e+06,False
R3C gotobi 1000-1100,XPTUSD,metal,M30,1316,139.32434782608695,-0.48073474,-29.897498268527478,0.17249240121580547,-0.4807348,-0.49198672,-0.4694827,-0.46498438715934753,-0.5192448,0/10,-0.6250355,0.9166667,4e+06,False
R3C all days 1000-1100,XPTUSD,metal,M30,4566,482.98045178105997,-0.48133624,-55.570395420561155,0.17257993867717916,-0.48133624,-0.478669,-0.48400354,-0.46911197900772095,-0.5109531,0/10,-0.6168141,0.9166667,4e+06,False
R3A gotobi 0900-0945,XRPUSD,crypto,M15,1218,142.67944194996792,-1.8710996,-18.268488694159334,0.18883415435139572,-1.8710994,-1.8880683,-1.8541306,-2.635241985321045,-0.2849247,0/9,-7.3974357,0.6666667,4e+06,False
R3A non-gotobi 0900-0945,XRPUSD,crypto,M15,2948,344.89333760409994,-1.8555378,-28.039781055035334,0.19470827679782904,-1.8555378,-1.8956524,-1.8154234,-2.6107218265533447,-0.27219015,0/9,-7.3516846,0.6666667,4e+06,False
R3B all days 0900-0945,XRPUSD,crypto,M15,4166,487.38997437540036,-1.8600876,-33.468636756037796,0.19299087854056649,-1.8600876,-1.8934354,-1.8267401,-2.6178743839263916,-0.27593118,0/9,-7.3650846,0.6666667,4e+06,False
R3C gotobi 1000-1100,XRPUSD,crypto,M15,1218,142.67944194996792,-1.8607901,-17.98273666475646,0.19540229885057472,-1.8607904,-1.8888875,-1.8326931,-2.621582508087158,-0.28157032,0/9,-7.419082,0.9166667,4e+06,False
R3C all days 1000-1100,XRPUSD,crypto,M15,4166,487.38997437540036,-1.8583742,-33.259482301928664,0.19683149303888622,-1.8583742,-1.8918755,-1.824873,-2.612215042114258,-0.28246716,0/9,-7.382046,0.9166667,4e+06,False
R3 fake gotobi 1100-1145,XRPUSD,crypto,M15,1218,142.67944194996792,-1.8772454,-18.262568463278193,0.16584564860426929,-1.8772455,-1.8994331,-1.8550578,-2.6361989974975586,-0.30184168,0/9,-7.432775,0.6666667,4e+06,False
R3C gotobi 1000-1100,XRPUSD,crypto,M30,1218,142.67944194996792,-1.8607901,-17.98273666475646,0.19540229885057472,-1.8607904,-1.8888875,-1.8326931,-2.621582508087158,-0.28157032,0/9,-7.419082,0.9166667,4e+06,False
R3C all days 1000-1100,XRPUSD,crypto,M30,4166,487.38997437540036,-1.8583742,-33.259482301928664,0.19683149303888622,-1.8583742,-1.8918755,-1.824873,-2.612215042114258,-0.28246716,0/9,-7.382046,0.9166667,4e+06,False
