strategy,tf,group,n,avgR,t,win,n_base,base,t_base,win_base
S1,M5,crypto,9059,-0.6604858782192436,-25.69234094435517,0.7946793244287449,16524.0,-0.3075704455553621,-3.051335547531211,0.7901234567901234
S1,ALL,crypto,15458,0.2804739008619096,1.185522940188799,0.7957691810065985,30968.0,0.2088424484031568,1.449229792406251,0.7959829501420822
S1,IS,crypto,9551,0.49134013254756215,1.283276820240923,0.7592922207098733,,,,
S1,OOS,crypto,5907,-0.06047469890610646,-11.486141665822597,0.8547486033519553,,,,
S2,M5,crypto,1040,-0.5721349753397749,-8.466131747610731,0.7692307692307693,3000.0,-0.4327823396541964,-12.585234780798638,0.8
S2,ALL,crypto,1313,-0.575544977987338,-9.82508561628296,0.7555217060167555,12000.0,1.0173392494936089,3.027887796611358,0.801
S2,IS,crypto,749,-0.9484278590308388,-9.498960816076867,0.7182910547396528,,,,
S2,OOS,crypto,564,-0.08035122284268838,-4.950234838187876,0.8049645390070922,,,,
S3,M5,crypto,1409,-0.5580137275842214,-9.465055656021386,0.7757274662881476,3208.0,-0.1583278780043962,-0.5253827888446871,0.7836658354114713
S3,ALL,crypto,1762,-0.5365857937722849,-10.377714306330578,0.775255391600454,12208.0,0.532701078593294,1.9703131641918379,0.7960353866317169
S3,IS,crypto,966,-0.9574340664128727,-10.440877472656021,0.7101449275362319,,,,
S3,OOS,crypto,796,-0.025857864914485988,-2.3297274987665646,0.8542713567839196,,,,
S4,M5,crypto,4286,-0.29477494602712995,-12.256850730289095,0.8028464769015399,8572.0,-0.41535150707441515,-20.674657204640493,0.8117125524965002
S4,ALL,crypto,6158,-0.2447746970048724,-14.029234657084059,0.8051315362130562,17576.0,0.29154975294826563,1.4899087985374158,0.8002389622212107
S4,IS,crypto,3800,-0.3717199949777127,-13.402119676261782,0.7863157894736842,,,,
S4,OOS,crypto,2358,-0.0401978809332892,-5.700188283813631,0.8354537743850721,,,,
S5,M5,crypto,1139,-0.017336859230476682,-0.021023547738072135,0.7410008779631255,3248.0,-0.5814172116917091,-14.774302046295102,0.7558497536945813
S5,ALL,crypto,1467,-0.15739151128907022,-0.24557884840097857,0.7423312883435583,11248.0,0.7442108169021396,2.2756235437351946,0.7534672830725462
S5,IS,crypto,863,-0.2192699996679616,-0.20123290560650986,0.6917728852838934,,,,
S5,OOS,crypto,604,-0.06897903534373347,-3.697132501699498,0.8145695364238411,,,,
S1,M30,crypto,3591,-0.06967870805434476,-0.1816628458589142,0.7969924812030075,7182.0,0.06329840989556881,0.23198800030336178,0.8003341687552213
S2,M30,crypto,161,-0.5673092265826444,-3.5801525237161465,0.7329192546583851,3000.0,-0.42182653209543264,-12.472011622236245,0.7846666666666666
S3,M30,crypto,211,-0.3545257170766704,-3.032605969789407,0.7677725118483413,3000.0,0.22694417843435818,0.4953950250215054,0.7966666666666666
S4,M30,crypto,1101,-0.1379040404135125,-6.518762823714997,0.7983651226158038,3004.0,-0.4357763300107944,-12.658571004094158,0.7799600532623169
S5,M30,crypto,226,-0.6424451009090583,-3.93057592478711,0.7787610619469026,3000.0,-0.46911834128405705,-13.304823214991957,0.7546666666666667
S1,H1,crypto,2131,1.6212896723233456,1.6468679655292504,0.8019709056780854,4262.0,0.17068706365578962,0.4661048973873889,0.8047864852182074
S2,H1,crypto,93,-0.641542164101694,-3.392168001354915,0.6559139784946236,3000.0,0.8201893079517218,1.2965500351878878,0.7946666666666666
S3,H1,crypto,117,-0.7058849369185689,-2.9567242245516514,0.7777777777777778,3000.0,-0.38508815689996745,-12.106690606725314,0.798
S4,H1,crypto,632,-0.12086738328956044,-4.456444734358414,0.8275316455696202,3000.0,0.17544308798073416,0.389710638206969,0.784
S5,H1,crypto,89,-0.6502770907004508,-3.03985988612102,0.651685393258427,3000.0,0.4636965189186667,0.8400870900438899,0.7443333333333333
S1,H4,crypto,677,10.508353145071831,2.698429035058205,0.7843426883308715,3000.0,3.4558831797782714,3.149934817054938,0.8053333333333333
S2,H4,crypto,19,-0.508946052776083,-1.958928205063115,0.6842105263157895,3000.0,4.103776561772342,3.4688259033266546,0.8246666666666667
S3,H4,crypto,25,-0.07317450151791602,-0.8352367420537301,0.8,3000.0,2.4951875118339544,2.638593179627484,0.8066666666666666
S4,H4,crypto,139,-0.1129254010751495,-2.2445343406211653,0.8273381294964028,3000.0,3.1558048026236087,3.0032892107080684,0.804
S5,H4,crypto,13,-0.6214931169050633,-0.7291323982490174,0.8461538461538461,2000.0,5.137795919593055,3.13870253169389,0.7615
