rule,asset,group,tf,n,per_yr,avgR,t,win,base,coin,is_,n_is,oos,n_oos,last60,yrs_pos,worst,worst_yr,by_year,hold_h,candidate,ret_pct,exit_stop,exit_roi,exit_sig
S1 Strategy001 EMA20/50 cross + Heikin-Ashi,ADAUSD,crypto,M5,1143,227.88250545851528,-0.097497523881505,-3.566456438830399,0.84251968503937,-0.188400161337036,,-0.14790219840440436,462.0,-0.06330228213469226,681.0,-0.017770675756867027,0/6,-0.8374365436340956,2021.0,2021:-0.84 2022:-0.10 2023:-0.06 2024:-0.04 2025:-0.09 2026:-0.06,7.125,False,-0.9749752388150501,0.15223097112860892,0.8451443569553806,0.0017497812773403325
S2 Strategy002 RSI/Stoch/BB + hammer,ADAUSD,crypto,M5,130,26.29152823920266,-0.09589595004127327,-2.690262004449918,0.8153846153846154,-0.07561280241599329,,-0.02341975491035219,60.0,-0.15801840301063416,70.0,-0.15860231532703803,0/6,-0.21925406978778264,2024.0,2021:-0.02 2022:-0.03 2023:-0.02 2024:-0.22 2025:-0.18 2026:-0.05,6.375,False,-0.9589595004127326,0.14615384615384616,0.46923076923076923,0.38461538461538464
S3 Strategy003 RSI/MFI/Fisher dip,ADAUSD,crypto,M5,169,33.823150684931505,-0.07905888294988749,-2.6886319109963734,0.7928994082840237,-0.058782139019763605,,-0.0919650752307553,73.0,-0.0692447992363109,96.0,-0.06169413426610236,1/6,-0.14345075416304645,2025.0,2021:+0.05 2022:-0.13 2023:-0.10 2024:-0.01 2025:-0.14 2026:-0.01,5.583333333333333,False,-0.7905888294988747,0.1301775147928994,0.4556213017751479,0.41420118343195267
S4 Strategy004 ADX/CCI/StochF,ADAUSD,crypto,M5,505,100.79303278688525,-0.028814620518038483,-1.9572245221136382,0.8475247524752475,-0.057740873549335686,,-0.009346518003624658,230.0,-0.04509703353009368,275.0,-0.0429753326799022,2/6,-0.10598667932544628,2025.0,2021:-0.08 2022:+0.01 2023:-0.01 2024:+0.01 2025:-0.11 2026:-0.02,3.1666666666666665,False,-0.2881462051803848,0.0891089108910891,0.3920792079207921,0.5188118811881188
S5 Strategy005 volume spike + Fisher RSI (hyperopt params),ADAUSD,crypto,M5,148,30.199441340782126,-0.07480515133410148,-1.874965798040712,0.7905405405405406,-0.08779074295564641,,-0.14708082345574636,53.0,-0.0344829342557101,95.0,-0.01910337533158109,0/6,-1.0616859070034437,2021.0,2021:-1.06 2022:-0.29 2023:-0.07 2024:-0.06 2025:-0.07 2026:-0.01,24.041666666666668,False,-0.7480515133410147,0.18243243243243243,0.8175675675675675,0.0
S1 Strategy001 EMA20/50 cross + Heikin-Ashi,ADAUSD,crypto,M30,476,95.68464501926253,-0.09980718046689908,-4.867613864580805,0.8235294117647058,-0.07906443966594952,,-0.11333335410625295,210.0,-0.08912862233056708,266.0,-0.04899432611119033,0/6,-0.15613022751537353,2025.0,2021:-0.12 2022:-0.14 2023:-0.08 2024:-0.04 2025:-0.16 2026:-0.05,9.625,False,-0.9980718046689908,0.17436974789915966,0.8256302521008403,0.0
S2 Strategy002 RSI/Stoch/BB + hammer,ADAUSD,crypto,M30,17,3.564437428243398,-0.1773758213835431,-1.4295423167750416,0.7647058823529411,-0.07805604369417313,,-0.21030726421164098,8.0,-0.14810342775856722,9.0,-0.1773758213835431,2/5,-0.3054096856155218,2022.0,2021:+0.09 2022:-0.31 2023:+0.06 2025:-0.17 2026:-0.13,10.541666666666666,False,-1.773758213835431,0.23529411764705882,0.7647058823529411,0.0
S3 Strategy003 RSI/MFI/Fisher dip,ADAUSD,crypto,M30,31,7.072298563397877,-0.12493817333196769,-1.50324174192799,0.8064516129032258,-0.07023297412988119,,-0.031643273092369584,9.0,-0.1631042688845306,22.0,-0.12493817333196769,1/5,-0.29215204149933044,2022.0,2022:-0.29 2023:+0.10 2024:-0.13 2025:-0.23 2026:-0.13,7.791666666666667,False,-1.2493817333196768,0.1935483870967742,0.8064516129032258,0.0
S4 Strategy004 ADX/CCI/StochF,ADAUSD,crypto,M30,138,27.801709873138446,-0.055931677933387595,-1.6286212790468604,0.8478260869565217,-0.07836157311494611,,-0.04776823592728755,61.0,-0.062398820301856464,77.0,-0.07128319808576532,2/6,-0.126920370217183,2024.0,2021:+0.09 2022:-0.05 2023:-0.09 2024:-0.13 2025:-0.08 2026:+0.02,5.354166666666666,False,-0.5593167793338759,0.13768115942028986,0.782608695652174,0.07971014492753623
S5 Strategy005 volume spike + Fisher RSI (hyperopt params),ADAUSD,crypto,M30,47,9.59036312849162,-0.009982751280660843,-0.16979397295120327,0.8723404255319149,-0.14786682958689432,,0.0923503931206025,22.0,-0.10003591835377257,25.0,-0.009982751280660843,4/6,-0.318611819515631,2025.0,2021:+0.19 2022:+0.16 2023:+0.08 2024:-0.11 2025:-0.32 2026:+0.02,24.041666666666668,False,-0.09982751280660845,0.1276595744680851,0.8723404255319149,0.0
S1 Strategy001 EMA20/50 cross + Heikin-Ashi,ADAUSD,crypto,H1,257,51.576510989010984,-0.12078301927923056,-4.213195072889955,0.8015564202334631,-0.052243693549086555,,-0.0934117582446088,105.0,-0.13969079828341005,152.0,-0.04557863044744142,1/6,-0.2893927818036957,2021.0,2021:-0.29 2022:-0.12 2023:+0.00 2024:-0.20 2025:-0.17 2026:-0.02,11.541666666666666,False,-1.2078301927923054,0.19066147859922178,0.8093385214007782,0.0
S2 Strategy002 RSI/Stoch/BB + hammer,ADAUSD,crypto,H1,13,3.020515267175573,-0.3587017014203796,-2.2238244118274393,0.5384615384615384,-0.11281427320090245,,-0.3119192777131411,6.0,-0.3988009217408699,7.0,-0.3587017014203796,1/5,-0.491727850877193,2026.0,2022:-0.33 2023:-0.29 2024:+0.07 2025:-0.47 2026:-0.49,18.291666666666668,False,-3.5870170142037967,0.38461538461538464,0.6153846153846154,0.0
S3 Strategy003 RSI/MFI/Fisher dip,ADAUSD,crypto,H1,10,2.4333777481678878,0.11538837134757754,4.272059839831103,0.9,-0.08510507085390744,,0.10656812659846594,3.0,0.1191684762400539,7.0,0.11538837134757754,5/5,0.0611111111111118,2026.0,2022:+0.19 2023:+0.06 2024:+0.10 2025:+0.18 2026:+0.06,8.666666666666666,False,1.1538837134757753,0.0,1.0,0.0
S4 Strategy004 ADX/CCI/StochF,ADAUSD,crypto,H1,85,17.490845070422534,-0.06528307234682217,-1.4304717469038655,0.8470588235294118,-0.07366053017697251,,-0.061910016229101326,41.0,-0.06842614736560747,44.0,-0.09941857726202744,2/6,-0.34254831462846913,2026.0,2021:+0.14 2022:-0.04 2023:-0.21 2024:+0.05 2025:-0.03 2026:-0.34,4.708333333333333,False,-0.6528307234682215,0.15294117647058825,0.8352941176470589,0.011764705882352941
S5 Strategy005 volume spike + Fisher RSI (hyperopt params),ADAUSD,crypto,H1,21,5.3488493723849375,-0.17981821236648615,-1.4473808072226435,0.7142857142857143,-0.11746643978776466,,-0.09270285866852765,10.0,-0.25901398845553936,11.0,-0.17981821236648615,1/4,-1.045340810208976,2022.0,2022:-1.05 2023:+0.01 2024:-0.26 2026:-0.25,20.375,False,-1.7981821236648616,0.2857142857142857,0.7142857142857143,0.0
S1 Strategy001 EMA20/50 cross + Heikin-Ashi,ADAUSD,crypto,H4,82,17.302426343154245,-0.04255855155951836,-0.9960499156290259,0.8658536585365854,-0.08664687655804226,,-0.07775356671271873,27.0,-0.025280998666129068,55.0,-0.05571661957024112,3/6,-0.16878979291986473,2023.0,2021:+0.10 2022:+0.01 2023:-0.17 2024:-0.09 2025:+0.12 2026:-0.08,7.541666666666667,False,-0.42558551559518354,0.12195121951219512,0.8780487804878049,0.0
S2 Strategy002 RSI/Stoch/BB + hammer,ADAUSD,crypto,H4,2,,,,,,,,,,,,,,,,,,0.9583333333333344,0.0,1.0,0.0
S3 Strategy003 RSI/MFI/Fisher dip,ADAUSD,crypto,H4,3,,,,,,,,,,,,,,,,,,0.9722222222222259,0.0,1.0,0.0
S4 Strategy004 ADX/CCI/StochF,ADAUSD,crypto,H4,23,4.892690739662201,0.003469238154822019,0.04965582770735209,0.9130434782608695,-0.08814213832767492,,-0.004434202680402882,12.0,0.012091173611431,11.0,0.003469238154822019,4/6,-0.2869577728321792,2026.0,2021:+0.10 2022:-0.07 2023:+0.08 2024:+0.10 2025:+0.15 2026:-0.29,2.125,False,0.03469238154822025,0.08695652173913043,0.9130434782608695,0.0
S5 Strategy005 volume spike + Fisher RSI (hyperopt params),ADAUSD,crypto,H4,3,,,,,,,,,,,,,,,,,,1.4722222222222265,0.0,1.0,0.0
S1 Strategy001 EMA20/50 cross + Heikin-Ashi,BTCUSD,crypto,M5,1412,161.36827284105132,-0.042305778860961665,-4.09924796958272,0.8647308781869688,-0.03966269118056747,,-0.04920391252627086,1024.0,-0.02410039516694977,388.0,-0.00407354416210533,2/9,-0.13133088072474297,2018.0,2018:-0.13 2019:-0.02 2020:-0.01 2021:-0.03 2022:-0.07 2023:+0.02 2024:+0.00 2025:-0.07 2026:-0.03,9.208333333333334,False,-0.4230577886096166,0.12181303116147309,0.8746458923512748,0.0028328611898017
S2 Strategy002 RSI/Stoch/BB + hammer,BTCUSD,crypto,M5,158,18.17049748110831,-0.03833971331882641,-1.477786545301041,0.8417721518987342,-0.04528978311239764,,-0.08140939481377925,83.0,0.00932406753558807,75.0,0.0013256381353649268,4/9,-0.2571413404254278,2022.0,2018:-0.11 2019:-0.03 2020:-0.10 2021:+0.10 2022:-0.26 2023:+0.03 2024:+0.04 2025:-0.05 2026:+0.06,4.979166666666666,False,-0.3833971331882642,0.08860759493670886,0.3924050632911392,0.5189873417721519
S3 Strategy003 RSI/MFI/Fisher dip,BTCUSD,crypto,M5,233,26.628050688360453,-0.011996147936678319,-0.6160685279355651,0.8454935622317596,-0.01967927064130933,,-0.03525124861790219,133.0,0.018933135969349434,100.0,0.01360699190792118,4/9,-0.10258526243096971,2022.0,2018:-0.08 2019:+0.09 2020:-0.04 2021:-0.05 2022:-0.10 2023:+0.02 2024:+0.03 2025:-0.01 2026:+0.04,4.75,False,-0.11996147936678318,0.06866952789699571,0.4248927038626609,0.5064377682403434
S4 Strategy004 ADX/CCI/StochF,BTCUSD,crypto,M5,802,91.56939668646451,-0.024125484517770607,-2.283826945090649,0.8478802992518704,-0.017807646607013297,,-0.03948106478487127,538.0,0.0071673267841239185,264.0,-0.016592028907645478,3/9,-0.10815503630969277,2022.0,2018:-0.02 2019:-0.01 2020:+0.02 2021:-0.06 2022:-0.11 2023:-0.02 2024:+0.02 2025:+0.01 2026:-0.01,4.0625,False,-0.2412548451777061,0.07481296758104738,0.33790523690773067,0.587281795511222
S5 Strategy005 volume spike + Fisher RSI (hyperopt params),BTCUSD,crypto,M5,167,22.17257360959651,-0.02111998391268793,-0.6480815246500395,0.844311377245509,-0.00189664663648308,,-0.010274958534005606,116.0,-0.04578710046027911,51.0,-0.02714173550281486,4/8,-0.11571875971140377,2024.0,2018:-0.00 2019:+0.02 2020:+0.01 2021:-0.05 2022:-0.08 2023:+0.05 2024:-0.12 2025:+0.02,27.875,False,-0.21119983912687923,0.1317365269461078,0.8682634730538922,0.0
S1 Strategy001 EMA20/50 cross + Heikin-Ashi,BTCUSD,crypto,M30,592,67.78307210031348,-0.029879840779011835,-1.9984152302608984,0.875,-0.03842705068685694,,-0.035833097568823455,401.0,-0.01738111840877907,191.0,-0.01988177073236392,2/9,-0.09488760215583354,2019.0,2018:-0.06 2019:-0.09 2020:+0.03 2021:-0.03 2022:-0.05 2023:-0.00 2024:+0.02 2025:-0.06 2026:-0.02,10.625,False,-0.29879840779011835,0.10641891891891891,0.8918918918918919,0.0
S2 Strategy002 RSI/Stoch/BB + hammer,BTCUSD,crypto,M30,24,3.11846318036286,-0.1007815539595759,-1.1474586909051196,0.75,-0.02856984755458392,,-0.08372565742250869,20.0,-0.18606103664491191,4.0,-0.1007815539595759,4/7,-0.46795540662315677,2024.0,2018:-0.17 2020:+0.09 2021:-0.27 2022:+0.07 2023:+0.10 2024:-0.47 2025:+0.10,7.916666666666666,False,-1.007815539595759,0.16666666666666666,0.75,0.08333333333333333
S3 Strategy003 RSI/MFI/Fisher dip,BTCUSD,crypto,M30,46,5.624874455975895,-0.07531396655276698,-1.3302857895582076,0.782608695652174,-0.029082817984113964,,-0.1682214177281151,23.0,0.01759348462258114,23.0,-0.07531396655276698,5/9,-0.48149532767749614,2022.0,2018:-0.13 2019:+0.10 2020:+0.00 2021:-0.23 2022:-0.48 2023:+0.05 2024:+0.07 2025:-0.02 2026:+0.10,16.729166666666668,False,-0.7531396655276698,0.13043478260869565,0.7391304347826086,0.13043478260869565
S4 Strategy004 ADX/CCI/StochF,BTCUSD,crypto,M30,205,23.45747180451128,-0.03294509118461206,-1.2645403295884823,0.8292682926829268,-0.027165904703580126,,-0.028299407322888746,144.0,-0.04391195144835231,61.0,-0.04631048397249154,3/9,-0.2115213322702933,2026.0,2018:-0.02 2019:-0.04 2020:-0.06 2021:+0.03 2022:-0.06 2023:-0.02 2024:+0.00 2025:+0.03 2026:-0.21,6.541666666666667,False,-0.3294509118461205,0.11707317073170732,0.7853658536585366,0.09268292682926829
S5 Strategy005 volume spike + Fisher RSI (hyperopt params),BTCUSD,crypto,M30,29,4.194950495049505,-0.07163001304449694,-0.8458030162795519,0.8275862068965517,-0.017424882175290986,,0.05477844247108536,17.0,-0.2507086583582386,12.0,-0.07163001304449694,5/8,-0.30100194445366873,2024.0,2018:+0.08 2019:+0.15 2020:+0.13 2021:+0.19 2022:+0.03 2023:-0.09 2024:-0.30 2025:-0.21,34.125,False,-0.7163001304449695,0.1724137931034483,0.8275862068965517,0.0
S1 Strategy001 EMA20/50 cross + Heikin-Ashi,BTCUSD,crypto,H1,355,40.71075353218211,-0.009212818613981518,-0.514314042493297,0.895774647887324,-0.03861943932802998,,-0.004746154324455217,234.0,-0.017850830545792718,121.0,-0.014430410806610025,4/9,-0.09226861315332564,2025.0,2018:-0.05 2019:-0.03 2020:+0.06 2021:-0.02 2022:-0.03 2023:+0.05 2024:+0.02 2025:-0.09 2026:+0.01,12.958333333333334,False,-0.09212818613981526,0.08732394366197183,0.9126760563380282,0.0
S2 Strategy002 RSI/Stoch/BB + hammer,BTCUSD,crypto,H1,15,2.08001138952164,0.015143888888889678,0.20714254464734014,0.9333333333333333,-0.029840324386982798,,0.08333333333333424,9.0,-0.08714027777777715,6.0,0.015143888888889678,6/7,-0.12456833333333253,2024.0,2018:+0.09 2020:+0.07 2021:+0.08 2022:+0.10 2023:+0.08 2024:-0.12 2025:+0.10,16.041666666666668,False,0.151438888888897,0.06666666666666667,0.9333333333333333,0.0
S3 Strategy003 RSI/MFI/Fisher dip,BTCUSD,crypto,H1,27,3.3193369235947494,-0.05414198352122195,-0.7674689044813969,0.8518518518518519,0.006927901306985745,,-0.004350466929206362,14.0,-0.10776361677416181,13.0,-0.05414198352122195,7/9,-0.3851854036128204,2024.0,2018:+0.08 2019:+0.08 2020:+0.06 2021:+0.10 2022:-0.28 2023:+0.06 2024:-0.39 2025:+0.07 2026:+0.04,43.208333333333336,False,-0.5414198352122195,0.1111111111111111,0.8518518518518519,0.037037037037037035
S4 Strategy004 ADX/CCI/StochF,BTCUSD,crypto,H1,138,16.46667755635413,-0.028583896617128197,-0.8426171294746208,0.855072463768116,-0.0025850937730588566,,-0.043496467878348086,98.0,0.007951902972860535,40.0,0.004884792683177491,3/9,-0.14788891555865077,2026.0,2018:-0.08 2019:-0.12 2020:-0.04 2021:+0.03 2022:-0.03 2023:-0.02 2024:+0.01 2025:+0.09 2026:-0.15,4.5,False,-0.285838966171282,0.12318840579710146,0.8260869565217391,0.050724637681159424
S5 Strategy005 volume spike + Fisher RSI (hyperopt params),BTCUSD,crypto,H1,11,1.6006972111553786,-0.20728801374763728,-1.3041569548717644,0.7272727272727273,-0.03220027403903996,,-0.21717287056402426,7.0,-0.18998951431896005,4.0,-0.20728801374763728,4/7,-1.0181128960059513,2021.0,2018:+0.09 2019:+0.20 2020:+0.08 2021:-1.02 2023:-0.48 2024:-0.30 2025:+0.14,41.041666666666664,False,-2.072880137476373,0.2727272727272727,0.7272727272727273,0.0
S1 Strategy001 EMA20/50 cross + Heikin-Ashi,BTCUSD,crypto,H4,113,13.20744,-0.052789870134443695,-1.432835498332399,0.831858407079646,-0.03366969213597746,,-0.1061549944908894,74.0,0.04846703249060707,39.0,0.016962184765695318,3/9,-0.3642734836909263,2018.0,2018:-0.36 2019:-0.16 2020:+0.08 2021:-0.14 2022:-0.11 2023:-0.02 2024:+0.09 2025:-0.03 2026:+0.09,15.708333333333334,False,-0.5278987013444372,0.11504424778761062,0.8849557522123894,0.0
S2 Strategy002 RSI/Stoch/BB + hammer,BTCUSD,crypto,H4,3,,,,,,,,,,,,,,,,,,-2.715027777777767,0.3333333333333333,0.6666666666666666,0.0
S3 Strategy003 RSI/MFI/Fisher dip,BTCUSD,crypto,H4,5,,,,,,,,,,,,,,,,,,0.8333333333333346,0.0,1.0,0.0
S4 Strategy004 ADX/CCI/StochF,BTCUSD,crypto,H4,23,2.8428934010152287,-0.00029644718991897646,-0.00336413534993816,0.8695652173913043,-0.03661604701331027,,-0.035996769950773874,17.0,0.1008544672991699,6.0,-0.00029644718991897646,5/7,-0.26872499999999966,2021.0,2018:+0.25 2020:+0.30 2021:-0.27 2022:-0.17 2024:+0.09 2025:+0.10 2026:+0.10,4.291666666666667,False,-0.0029644718991895707,0.13043478260869565,0.8695652173913043,0.0
S5 Strategy005 volume spike + Fisher RSI (hyperopt params),BTCUSD,crypto,H4,0,,,,,-0.030075866785041185,,,,,,,,,,,,,,,,
S1 Strategy001 EMA20/50 cross + Heikin-Ashi,DOGEUSD,crypto,M5,1221,243.4335425764192,-0.0586277955664895,-4.932440022264885,0.8517608517608518,-0.0913608852615795,,-0.07666277408265534,500.0,-0.04612087565236616,721.0,-0.09992881618309729,0/6,-0.10317621001422252,2021.0,2021:-0.10 2022:-0.07 2023:-0.08 2024:-0.02 2025:-0.07 2026:-0.05,6.041666666666667,False,-0.5862779556648949,0.14414414414414414,0.8525798525798526,0.002457002457002457
S2 Strategy002 RSI/Stoch/BB + hammer,DOGEUSD,crypto,M5,130,26.408509454949943,-0.00834681376920049,-0.2998352652921135,0.8769230769230769,-0.029637329254817827,,-0.017300669661428278,54.0,-0.0019848635299860072,76.0,0.0018956424875366986,3/6,-0.12337226796210951,2026.0,2021:+0.15 2022:-0.04 2023:-0.03 2024:+0.05 2025:+0.03 2026:-0.12,4.541666666666666,False,-0.08346813769200492,0.07692307692307693,0.5307692307692308,0.3923076923076923
S3 Strategy003 RSI/MFI/Fisher dip,DOGEUSD,crypto,M5,153,31.377456485120717,-0.022444078031988828,-0.8613608908955642,0.8366013071895425,-0.038726026098290456,,-0.02112334387400669,50.0,-0.023085211118387915,103.0,-0.05087236198416881,2/6,-0.1344979627842997,2025.0,2021:+0.10 2022:-0.03 2023:-0.02 2024:+0.07 2025:-0.13 2026:-0.01,4.208333333333333,False,-0.22444078031988823,0.08496732026143791,0.5359477124183006,0.3790849673202614
S4 Strategy004 ADX/CCI/StochF,DOGEUSD,crypto,M5,526,105.44538968166849,-0.048859905780728366,-3.127837838025243,0.8174904942965779,-0.04088184669539028,,-0.03692213550932618,229.0,-0.05806444918864453,297.0,-0.025991402398557666,1/6,-0.1596511776249447,2021.0,2021:-0.16 2022:-0.03 2023:-0.00 2024:+0.00 2025:-0.11 2026:-0.06,3.625,False,-0.4885990578072837,0.10646387832699619,0.38783269961977185,0.5038022813688213
S5 Strategy005 volume spike + Fisher RSI (hyperopt params),DOGEUSD,crypto,M5,73,16.60227272727273,-0.10558353428695237,-1.7528674693011776,0.7945205479452054,-0.06588684309089425,,-0.1932533386430703,37.0,-0.015478457587608904,36.0,-0.037477730772481385,1/5,-0.42908705804330494,2022.0,2022:-0.43 2023:-0.16 2024:-0.00 2025:+0.08 2026:-0.03,24.791666666666668,False,-1.0558353428695237,0.2054794520547945,0.7945205479452054,0.0
S1 Strategy001 EMA20/50 cross + Heikin-Ashi,DOGEUSD,crypto,M30,457,91.96652892561984,-0.06841742239413463,-3.4902200669158883,0.849015317286652,-0.05833824696776683,,-0.07459637705185307,203.0,-0.06347912398658799,254.0,-0.0967783675260688,0/6,-0.11998861650327741,2022.0,2021:-0.03 2022:-0.12 2023:-0.04 2024:-0.04 2025:-0.06 2026:-0.10,8.791666666666666,False,-0.6841742239413464,0.1487964989059081,0.8512035010940919,0.0
S2 Strategy002 RSI/Stoch/BB + hammer,DOGEUSD,crypto,M30,18,4.0186430317848405,-0.04441088406597764,-0.5082070482940142,0.8333333333333334,-0.07237694185561136,,0.05918624240755423,6.0,-0.09620944730274357,12.0,-0.04441088406597764,4/5,-0.2904446835586815,2025.0,2022:+0.06 2023:+0.08 2024:+0.10 2025:-0.29 2026:+0.10,8.208333333333332,False,-0.4441088406597764,0.1111111111111111,0.8333333333333334,0.05555555555555555
S3 Strategy003 RSI/MFI/Fisher dip,DOGEUSD,crypto,M30,16,3.541818181818182,-0.11661459068000801,-0.9724579538276382,0.8125,-0.03736565585697112,,-0.08690470845481611,7.0,-0.13972227685515726,9.0,-0.11661459068000801,3/6,-1.102513626664468,2021.0,2021:-1.10 2022:+0.08 2023:+0.10 2024:-0.37 2025:+0.10 2026:-0.20,9.916666666666668,False,-1.1661459068000801,0.1875,0.75,0.0625
S4 Strategy004 ADX/CCI/StochF,DOGEUSD,crypto,M30,120,24.055982436882545,-0.14401577721506248,-3.291747892392537,0.75,-0.06382525423052642,,-0.1653574391096406,43.0,-0.13209770628692144,77.0,-0.18565441293899357,1/6,-0.2823597012535396,2023.0,2021:+0.09 2022:-0.15 2023:-0.28 2024:-0.08 2025:-0.16 2026:-0.17,6.5,False,-1.4401577721506247,0.20833333333333334,0.7,0.08333333333333333
S5 Strategy005 volume spike + Fisher RSI (hyperopt params),DOGEUSD,crypto,M30,19,4.9358108108108105,0.0741562922333143,1.177936536530639,0.9473684210526315,-0.04633559844346211,,0.01869197004171469,9.0,0.12407418220575397,10.0,0.0741562922333143,4/5,-1.031772269624573,2022.0,2022:-1.03 2023:+0.15 2024:+0.13 2025:+0.08 2026:+0.14,23.625,False,0.741562922333143,0.05263157894736842,0.9473684210526315,0.0
S1 Strategy001 EMA20/50 cross + Heikin-Ashi,DOGEUSD,crypto,H1,280,56.31607929515419,-0.09616286585914585,-3.5595236569416997,0.825,-0.05618832276310174,,-0.11542293723346535,120.0,-0.08171781232840623,160.0,-0.08915037708086461,0/6,-0.4731430151093132,2021.0,2021:-0.47 2022:-0.14 2023:-0.03 2024:-0.08 2025:-0.06 2026:-0.13,9.416666666666666,False,-0.9616286585914585,0.175,0.825,0.0
S2 Strategy002 RSI/Stoch/BB + hammer,DOGEUSD,crypto,H1,11,2.295857142857143,-0.23236009873330782,-1.4263802646937314,0.6363636363636364,-0.07355218037205612,,-0.16649300397905092,5.0,-0.28724934436185534,6.0,-0.23236009873330782,2/5,-0.49999998988003236,2021.0,2021:-0.50 2022:+0.09 2023:-0.02 2025:-0.36 2026:+0.10,15.208333333333334,False,-2.3236009873330783,0.2727272727272727,0.6363636363636364,0.09090909090909091
S3 Strategy003 RSI/MFI/Fisher dip,DOGEUSD,crypto,H1,10,2.0201880530973453,-0.021861896487331594,-0.18395387470520683,0.9,-0.056589109956053193,,0.10471316134674254,3.0,-0.07610834984479194,7.0,-0.021861896487331594,4/5,-0.2061062788950525,2025.0,2021:+0.11 2023:+0.10 2024:+0.10 2025:-0.21 2026:+0.10,7.041666666666667,False,-0.21861896487331595,0.1,0.9,0.0
S4 Strategy004 ADX/CCI/StochF,DOGEUSD,crypto,H1,74,15.13353863381859,0.028289950125566347,0.7473421291957976,0.918918918918919,-0.07115534955751754,,0.004662967163927968,28.0,0.04267159192830274,46.0,0.03897596250949528,4/6,-0.19134075854700772,2023.0,2021:+0.10 2022:+0.03 2023:-0.19 2024:+0.12 2025:+0.05 2026:-0.08,2.583333333333333,False,0.2828995012556634,0.08108108108108109,0.9054054054054054,0.013513513513513514
S5 Strategy005 volume spike + Fisher RSI (hyperopt params),DOGEUSD,crypto,H1,4,,,,,,,,,,,,,,,,,,-1.4943848380431228,0.25,0.75,0.0
S1 Strategy001 EMA20/50 cross + Heikin-Ashi,DOGEUSD,crypto,H4,75,15.295226130653267,-0.09212401680387024,-1.831241416850047,0.8133333333333334,-0.09128456011215655,,-0.06593734712687929,37.0,-0.11762156359462454,38.0,-0.10015696700653942,2/6,-0.28337782637430964,2021.0,2021:-0.28 2022:+0.03 2023:-0.13 2024:+0.10 2025:-0.17 2026:-0.21,9.791666666666666,False,-0.9212401680387021,0.16,0.84,0.0
S2 Strategy002 RSI/Stoch/BB + hammer,DOGEUSD,crypto,H4,2,,,,,,,,,,,,,,,,,,-4.641678324099714,0.5,0.5,0.0
S3 Strategy003 RSI/MFI/Fisher dip,DOGEUSD,crypto,H4,1,,,,,,,,,,,,,,,,,,1.000000000000012,0.0,1.0,0.0
S4 Strategy004 ADX/CCI/StochF,DOGEUSD,crypto,H4,11,2.7165314401622718,-0.002015621576046833,-0.019610116041737496,0.9090909090909091,-0.07706648766802829,,0.10139305503556773,5.0,-0.08818951875239232,6.0,-0.002015621576046833,4/5,-0.46456855625717647,2024.0,2022:+0.11 2023:+0.08 2024:-0.46 2025:+0.10 2026:+0.10,3.0416666666666665,False,-0.0201562157604683,0.09090909090909091,0.9090909090909091,0.0
S5 Strategy005 volume spike + Fisher RSI (hyperopt params),DOGEUSD,crypto,H4,1,,,,,,,,,,,,,,,,,,1.999999999999993,0.0,1.0,0.0
S1 Strategy001 EMA20/50 cross + Heikin-Ashi,ETHUSD,crypto,M5,1672,191.2615095521453,-0.07863792648818632,-6.884921238947069,0.840311004784689,-0.11738894795723036,,-0.10166819806452175,1106.0,-0.03363531100509973,566.0,-0.02811485840973901,0/9,-0.36117858860975666,2019.0,2018:-0.23 2019:-0.36 2020:-0.08 2021:-0.00 2022:-0.06 2023:-0.02 2024:-0.01 2025:-0.04 2026:-0.06,8.0,False,-0.7863792648818629,0.15311004784688995,0.8450956937799043,0.0011961722488038277
S2 Strategy002 RSI/Stoch/BB + hammer,ETHUSD,crypto,M5,193,22.435789306174414,-0.13352801408525877,-3.879892659561736,0.7823834196891192,-0.09994065372597528,,-0.17787786374755343,135.0,-0.030299915733365983,58.0,-0.02595658520892042,2/9,-0.31709284128906784,2018.0,2018:-0.32 2019:-0.31 2020:-0.20 2021:+0.05 2022:-0.11 2023:+0.07 2024:-0.08 2025:-0.02 2026:-0.01,4.75,False,-1.3352801408525878,0.16580310880829016,0.5233160621761658,0.31088082901554404
S3 Strategy003 RSI/MFI/Fisher dip,ETHUSD,crypto,M5,255,29.233757062146893,-0.059737345294731424,-2.3332943829657924,0.8235294117647058,-0.12480701908411208,,-0.10112387067493138,160.0,0.009966276398236934,95.0,0.020401177566707337,5/9,-0.2719895496405707,2019.0,2018:-0.24 2019:-0.27 2020:+0.09 2021:+0.05 2022:-0.17 2023:-0.02 2024:+0.02 2025:+0.01 2026:+0.00,5.458333333333333,False,-0.5973734529473143,0.10980392156862745,0.49019607843137253,0.4
S4 Strategy004 ADX/CCI/StochF,ETHUSD,crypto,M5,887,101.56010971786834,-0.08304811821634984,-5.658736233695436,0.8015783540022547,-0.09275435130906817,,-0.10303653279058732,583.0,-0.044715073161150996,304.0,0.01363577759283861,1/9,-0.4048789119784628,2019.0,2018:-0.21 2019:-0.40 2020:-0.06 2021:+0.00 2022:-0.01 2023:-0.06 2024:-0.06 2025:-0.05 2026:-0.01,3.9166666666666665,False,-0.8304811821634985,0.13077790304396844,0.4306651634723788,0.4374295377677565
S5 Strategy005 volume spike + Fisher RSI (hyperopt params),ETHUSD,crypto,M5,181,20.73071495766698,-0.10823924104604842,-2.656530945069637,0.7900552486187845,-0.10935662480795567,,-0.14278566386643834,114.0,-0.04945876042628049,67.0,-0.03249553838775021,2/9,-0.640325794997093,2019.0,2018:-0.45 2019:-0.64 2020:-0.14 2021:+0.06 2022:+0.09 2023:-0.05 2024:-0.07 2025:-0.07 2026:-0.04,24.041666666666668,False,-1.082392410460484,0.20441988950276244,0.7900552486187845,0.0055248618784530384
S1 Strategy001 EMA20/50 cross + Heikin-Ashi,ETHUSD,crypto,M30,680,77.98116169544741,-0.08910694029057424,-4.835022818261913,0.8382352941176471,-0.12465412089550641,,-0.12117520344256179,433.0,-0.0328901065059159,247.0,0.0013788925270267944,1/9,-0.4299229157519463,2019.0,2018:-0.23 2019:-0.43 2020:-0.13 2021:-0.01 2022:-0.02 2023:-0.06 2024:-0.01 2025:-0.08 2026:+0.01,10.5,False,-0.8910694029057424,0.15294117647058825,0.8470588235294118,0.0
S2 Strategy002 RSI/Stoch/BB + hammer,ETHUSD,crypto,M30,33,3.8386146496815288,-0.11488752258909965,-1.277334933182144,0.7878787878787878,-0.12278508177504557,,-0.090853087172485,18.0,-0.14372884508903724,15.0,-0.11488752258909965,1/7,-0.38499964754614524,2019.0,2018:-0.09 2019:-0.38 2020:+0.44 2022:-0.12 2024:-0.22 2025:-0.08 2026:-0.18,9.125,False,-1.1488752258909964,0.18181818181818182,0.7575757575757576,0.06060606060606061
S3 Strategy003 RSI/MFI/Fisher dip,ETHUSD,crypto,M30,45,5.433471074380166,-0.10027639468311761,-1.5712511632162256,0.7555555555555555,-0.09047038687986426,,-0.18938831138125584,26.0,0.021666228166966273,19.0,-0.10027639468311761,4/9,-1.0375188798338122,2018.0,2018:-1.04 2019:-0.67 2020:+0.05 2021:-0.13 2022:-0.22 2023:+0.05 2024:+0.08 2025:-0.02 2026:+0.07,16.291666666666668,False,-1.0027639468311762,0.15555555555555556,0.7777777777777778,0.06666666666666667
S4 Strategy004 ADX/CCI/StochF,ETHUSD,crypto,M30,252,28.90797738693467,-0.15445994386447023,-4.5812348599698005,0.7698412698412699,-0.13807048554571102,,-0.1844827784508925,180.0,-0.07940285739841454,72.0,-0.0949092890975671,1/9,-0.6271383857737454,2019.0,2018:-0.34 2019:-0.63 2020:-0.02 2021:+0.13 2022:-0.11 2023:-0.08 2024:-0.08 2025:-0.06 2026:-0.10,4.166666666666666,False,-1.544599438644702,0.20634920634920634,0.7182539682539683,0.07142857142857142
S5 Strategy005 volume spike + Fisher RSI (hyperopt params),ETHUSD,crypto,M30,31,3.7742500000000003,-0.08794465083839045,-0.9147582219854814,0.8064516129032258,-0.10762422220899334,,-0.09735541530292424,19.0,-0.07304427376954524,12.0,-0.08794465083839045,3/7,-0.2735139063073151,2018.0,2018:-0.27 2019:+0.16 2020:+0.30 2021:-0.00 2023:-0.23 2025:+0.17 2026:-0.19,32.791666666666664,False,-0.8794465083839044,0.1935483870967742,0.8064516129032258,0.0
S1 Strategy001 EMA20/50 cross + Heikin-Ashi,ETHUSD,crypto,H1,395,45.38337527524379,-0.057098831242299176,-2.696195171261879,0.8582278481012658,-0.10475170007890132,,-0.08653655154115555,238.0,-0.012473497286071018,157.0,-0.040333919094137735,3/9,-0.4161485602464902,2019.0,2018:-0.20 2019:-0.42 2020:-0.03 2021:-0.03 2022:+0.04 2023:-0.03 2024:+0.05 2025:-0.08 2026:+0.00,11.625,False,-0.5709883124229918,0.1240506329113924,0.8759493670886076,0.0
S2 Strategy002 RSI/Stoch/BB + hammer,ETHUSD,crypto,H1,22,2.6554857898215465,-0.3824874142821972,-2.764359155052477,0.6363636363636364,-0.0865566560580593,,-0.49209096226679017,16.0,-0.09021128632328214,6.0,-0.3824874142821972,3/8,-1.0587501853123542,2021.0,2018:-0.83 2019:-0.62 2020:-0.60 2021:-1.06 2022:+0.08 2023:+0.09 2025:-0.13 2026:+0.10,16.083333333333332,False,-3.8248741428219715,0.36363636363636365,0.6363636363636364,0.0
S3 Strategy003 RSI/MFI/Fisher dip,ETHUSD,crypto,H1,20,2.8074558032282857,-0.14671524545645925,-1.3033206297360789,0.75,-0.11755713543661103,,-0.17593153054285932,9.0,-0.12281101220395013,11.0,-0.14671524545645925,3/7,-1.3188754415524047,2019.0,2019:-1.32 2020:+0.06 2021:-0.22 2023:+0.10 2024:-0.28 2025:-0.30 2026:+0.08,19.166666666666668,False,-1.467152454564592,0.2,0.8,0.0
S4 Strategy004 ADX/CCI/StochF,ETHUSD,crypto,H1,146,16.838174928954846,-0.1564964218671089,-3.288685531023429,0.773972602739726,-0.09927730479594778,,-0.15155294125713603,109.0,-0.17105964852892092,37.0,-0.07332960187455641,2/9,-0.509526515088936,2019.0,2018:-0.41 2019:-0.51 2020:-0.04 2021:+0.18 2022:+0.04 2023:-0.12 2024:-0.14 2025:-0.18 2026:-0.21,3.625,False,-1.5649642186710893,0.2191780821917808,0.7671232876712328,0.0136986301369863
S5 Strategy005 volume spike + Fisher RSI (hyperopt params),ETHUSD,crypto,H1,11,2.196692181519956,-0.19070047875433618,-1.180112508261369,0.7272727272727273,-0.17550774133675806,,-0.16348067169074276,8.0,-0.26328663092391874,3.0,-0.19070047875433618,2/5,-1.0286136301322868,2024.0,2021:-0.20 2022:+0.08 2023:-0.20 2024:-1.03 2026:+0.12,24.041666666666668,False,-1.9070047875433624,0.2727272727272727,0.7272727272727273,0.0
S1 Strategy001 EMA20/50 cross + Heikin-Ashi,ETHUSD,crypto,H4,125,14.554112209116989,-0.0722585976649533,-1.8946763945265772,0.84,-0.08281712629149549,,-0.05602675299210206,78.0,-0.09919655265394046,47.0,-0.09745737811659479,2/9,-0.17553050318389488,2018.0,2018:-0.18 2019:+0.00 2020:-0.03 2021:-0.16 2022:+0.02 2023:-0.03 2024:-0.06 2025:-0.06 2026:-0.17,11.708333333333334,False,-0.7225859766495328,0.144,0.856,0.0
S2 Strategy002 RSI/Stoch/BB + hammer,ETHUSD,crypto,H4,7,,,,,,,,,,,,,,,,,,-2.19350082714965,0.2857142857142857,0.7142857142857143,0.0
S3 Strategy003 RSI/MFI/Fisher dip,ETHUSD,crypto,H4,9,,,,,,,,,,,,,,,,,,0.552592126508362,0.0,0.8888888888888888,0.0
S4 Strategy004 ADX/CCI/StochF,ETHUSD,crypto,H4,41,5.01179718875502,-0.14158791018552608,-1.6109198065637447,0.7804878048780488,-0.10699742591981598,,-0.20746380338405124,33.0,0.13015014925839052,8.0,-0.14158791018552608,4/7,-0.6444224931933777,2019.0,2018:-0.34 2019:-0.64 2021:+0.54 2022:-0.07 2024:+0.17 2025:+0.10 2026:+0.11,5.708333333333333,False,-1.4158791018552601,0.21951219512195122,0.7804878048780488,0.0
S5 Strategy005 volume spike + Fisher RSI (hyperopt params),ETHUSD,crypto,H4,0,,,,,-0.1208353854139442,,,,,,,,,,,,,,,,
S1 Strategy001 EMA20/50 cross + Heikin-Ashi,LTCUSD,crypto,M5,2125,247.02617759388926,-2.5186062739534676,-26.069580301502455,0.652235294117647,-0.9813179361354273,,-3.245168964685476,1640.0,-0.06177573209678271,485.0,-0.03911936635702093,0/9,-8.811537323672663,2019.0,2018:-3.51 2019:-8.81 2020:-6.53 2021:-0.01 2022:-0.03 2023:-0.04 2024:-0.05 2025:-0.06 2026:-0.09,10.791666666666666,False,-25.18606273953468,0.34352941176470586,0.6512941176470588,0.004705882352941176
S2 Strategy002 RSI/Stoch/BB + hammer,LTCUSD,crypto,M5,233,27.28542802180186,-2.1016934042358546,-7.761884606703915,0.6437768240343348,-2.0172444742999622,,-3.2892597533989285,147.0,-0.07178348182920398,86.0,-0.04522378900959561,1/9,-10.09640224100949,2019.0,2018:-3.05 2019:-10.10 2020:-6.75 2021:-0.06 2022:-0.15 2023:+0.06 2024:-0.07 2025:-0.04 2026:-0.12,8.916666666666666,False,-21.016934042358542,0.30042918454935624,0.4034334763948498,0.296137339055794
S3 Strategy003 RSI/MFI/Fisher dip,LTCUSD,crypto,M5,339,39.495933014354065,-1.9912480610868561,-8.965565219777885,0.6696165191740413,-0.3139157632223576,,-3.1540734510302677,213.0,-0.0255194257063271,126.0,-0.004823722303776647,0/9,-9.34891147681724,2019.0,2018:-4.10 2019:-9.35 2020:-8.40 2021:-0.05 2022:-0.08 2023:-0.05 2024:-0.02 2025:-0.05 2026:-0.00,6.25,False,-19.91248061086856,0.2831858407079646,0.3775811209439528,0.3392330383480826
S4 Strategy004 ADX/CCI/StochF,LTCUSD,crypto,M5,845,98.26050620821394,-1.1954703282657522,-10.59891883301585,0.7431952662721893,-1.6826396820390663,,-1.6912286035593147,590.0,-0.048421769743391796,255.0,-0.005177694688663183,0/9,-9.919053405191455,2019.0,2018:-2.76 2019:-9.92 2020:-3.62 2021:-0.03 2022:-0.01 2023:-0.04 2024:-0.03 2025:-0.09 2026:-0.02,3.6666666666666665,False,-11.954703282657524,0.20473372781065088,0.40710059171597635,0.38698224852071006
S5 Strategy005 volume spike + Fisher RSI (hyperopt params),LTCUSD,crypto,M5,374,43.54590372967803,0.18065716237365015,0.07188157344356001,0.6443850267379679,-2.139720874496783,,0.31478927679618546,245.0,-0.07408987664589245,129.0,-0.09169519363696796,2/9,-9.895277194904496,2019.0,2018:-6.48 2019:-9.90 2020:+20.47 2021:+0.16 2022:-0.11 2023:-0.03 2024:-0.00 2025:-0.11 2026:-0.13,10.375,False,1.8065716237364988,0.3502673796791444,0.6497326203208557,0.0
S1 Strategy001 EMA20/50 cross + Heikin-Ashi,LTCUSD,crypto,M30,798,93.15100671140941,0.06415414467125577,0.03715831881009838,0.6879699248120301,0.7105942618039859,,0.11798228545790615,577.0,-0.07638358036900172,221.0,-0.07356707353188503,2/9,-7.501013251061737,2020.0,2018:-3.33 2019:+10.78 2020:-7.50 2021:+0.03 2022:-0.01 2023:-0.00 2024:-0.06 2025:-0.09 2026:-0.07,11.458333333333334,False,0.6415414467125574,0.30952380952380953,0.6904761904761905,0.0
S2 Strategy002 RSI/Stoch/BB + hammer,LTCUSD,crypto,M30,33,3.869422150882825,-1.6807969607319804,-2.5191931473611566,0.696969696969697,-1.937034548285196,,-2.266326956958096,23.0,-0.3340779694119138,10.0,-1.6807969607319804,3/9,-10.665778614743225,2019.0,2018:-1.90 2019:-10.67 2020:-7.84 2021:+0.20 2022:+0.10 2023:+0.08 2024:-0.47 2025:-0.34 2026:-0.28,10.208333333333334,False,-16.807969607319805,0.2727272727272727,0.6666666666666666,0.030303030303030304
S3 Strategy003 RSI/MFI/Fisher dip,LTCUSD,crypto,M30,42,5.445686900958466,-1.3383011194685126,-2.4458323040820087,0.6904761904761905,1.904295436851995,,-2.446915910546248,23.0,0.0037062592045356032,19.0,-1.3383011194685126,2/9,-10.783117536589792,2019.0,2018:-5.56 2019:-10.78 2020:-5.24 2021:+0.10 2022:-0.13 2023:-0.29 2024:+0.08 2025:-0.09 2026:-0.05,11.75,False,-13.383011194685125,0.21428571428571427,0.6904761904761905,0.09523809523809523
S4 Strategy004 ADX/CCI/StochF,LTCUSD,crypto,M30,173,20.16217294192725,-0.15136869029134767,-1.7117526739908902,0.815028901734104,-2.012728758275041,,-0.21742708344769873,109.0,-0.038862989446937224,64.0,-0.05046933017660514,1/8,-0.5132376891028627,2018.0,2018:-0.51 2020:-0.35 2021:-0.04 2022:-0.07 2023:-0.06 2024:-0.12 2025:-0.03 2026:+0.04,4.125,False,-1.513686902913477,0.1329479768786127,0.7456647398843931,0.11560693641618497
S5 Strategy005 volume spike + Fisher RSI (hyperopt params),LTCUSD,crypto,M30,66,8.587994299964375,-2.0040383229449947,-3.8973615184049146,0.6515151515151515,-2.1121387769533597,,-4.19393273656181,31.0,-0.06441755659867271,35.0,-1.3107862360355218,3/8,-8.943249474910179,2019.0,2019:-8.94 2020:-7.90 2021:+0.40 2022:+0.13 2023:-0.13 2024:-0.06 2025:+0.03 2026:-0.10,15.0,False,-20.040383229449947,0.3181818181818182,0.6818181818181818,0.0
S1 Strategy001 EMA20/50 cross + Heikin-Ashi,LTCUSD,crypto,H1,475,55.4824912056284,7.6257207014950374,1.7295997492015753,0.6968421052631579,1.1757720108191474,,11.116196262989435,327.0,-0.08634354586082969,148.0,-0.02937904662883545,3/9,-3.287575192876842,2018.0,2018:-3.29 2019:+8.37 2020:+60.92 2021:+0.04 2022:-0.01 2023:-0.02 2024:-0.08 2025:-0.14 2026:-0.01,11.541666666666666,False,76.25720701495037,0.3031578947368421,0.6968421052631579,0.0
S2 Strategy002 RSI/Stoch/BB + hammer,LTCUSD,crypto,H1,17,2.7670454545454546,-1.2116093179355647,-1.4441648658990667,0.7647058823529411,5.488656129329346,,-3.4006484390808622,6.0,-0.017587979129038464,11.0,-1.2116093179355647,4/6,-10.364445317242588,2020.0,2020:-10.36 2021:+0.10 2022:+0.08 2024:-0.29 2025:+0.10 2026:+0.08,17.625,False,-12.116093179355646,0.17647058823529413,0.7647058823529411,0.058823529411764705
S3 Strategy003 RSI/MFI/Fisher dip,LTCUSD,crypto,H1,30,4.177468547464735,-2.563441487092111,-3.0381026448203574,0.6666666666666666,-1.6681370502102821,,-4.730758165512863,16.0,-0.08650814032553657,14.0,-2.563441487092111,4/8,-10.769753601829727,2019.0,2019:-10.77 2020:-7.15 2021:+0.10 2022:-0.19 2023:+0.09 2024:+0.08 2025:-0.71 2026:+0.09,11.541666666666666,False,-25.634414870921105,0.3333333333333333,0.6666666666666666,0.0
S4 Strategy004 ADX/CCI/StochF,LTCUSD,crypto,H1,83,9.807748301520542,-0.2143035524949924,-1.6671081476392908,0.8192771084337349,1.6170945334730071,,-0.3199463846377823,54.0,-0.017589313332556214,29.0,-0.08911498385528276,2/8,-1.3181911569926648,2018.0,2018:-1.32 2020:+0.10 2021:-0.04 2022:-0.23 2023:-0.12 2024:-0.06 2025:-0.04 2026:+0.12,3.2083333333333335,False,-2.1430355249499238,0.18072289156626506,0.7710843373493976,0.04819277108433735
S5 Strategy005 volume spike + Fisher RSI (hyperopt params),LTCUSD,crypto,H1,27,3.6592764378478666,-1.3571645637263945,-2.0591159638067835,0.6666666666666666,3.4543239815278013,,-3.403539278083426,10.0,-0.15341473175167034,17.0,-1.3571645637263945,2/6,-8.486970313153188,2019.0,2019:-8.49 2022:+0.20 2023:-0.12 2024:-0.30 2025:+0.19 2026:-0.17,20.041666666666668,False,-13.571645637263948,0.3333333333333333,0.6666666666666666,0.0
S1 Strategy001 EMA20/50 cross + Heikin-Ashi,LTCUSD,crypto,H4,157,18.618262987012987,45.65282036817174,2.7627300205883905,0.6687898089171974,21.3591338188231,,70.32605946272342,102.0,-0.10482304354230902,55.0,-0.10617708923275777,2/9,-4.1543459606034725,2018.0,2018:-4.15 2019:+184.38 2020:+159.62 2021:-0.07 2022:-0.24 2023:-0.17 2024:-0.09 2025:-0.13 2026:-0.09,11.208333333333334,False,456.5282036817174,0.3248407643312102,0.6751592356687898,0.0
S2 Strategy002 RSI/Stoch/BB + hammer,LTCUSD,crypto,H4,1,,,,,,,,,,,,,,,,,,1.0000000000000178,0.0,1.0,0.0
S3 Strategy003 RSI/MFI/Fisher dip,LTCUSD,crypto,H4,2,,,,,,,,,,,,,,,,,,-0.757698717948717,0.0,0.5,0.0
S4 Strategy004 ADX/CCI/StochF,LTCUSD,crypto,H4,21,2.6376375515818435,0.007455635126881082,0.09717812724438032,0.9047619047619048,19.47305541263757,,-0.025486330629902645,16.0,0.11286992554858902,5.0,0.007455635126881082,6/8,-0.4715722135648568,2018.0,2018:-0.47 2020:+0.10 2021:+0.22 2022:-0.02 2023:+0.08 2024:+0.08 2025:+0.10 2026:+0.13,3.375,False,0.07455635126881074,0.09523809523809523,0.9047619047619048,0.0
S5 Strategy005 volume spike + Fisher RSI (hyperopt params),LTCUSD,crypto,H4,6,,,,,,,,,,,,,,,,,,-15.97957308849859,0.3333333333333333,0.6666666666666666,0.0
S1 Strategy001 EMA20/50 cross + Heikin-Ashi,XRPUSD,crypto,M5,1486,172.6889914094814,-0.17298832948441523,-9.454463964471467,0.7967698519515478,-0.3433310563794302,,-0.22838277275583765,971.0,-0.06854560246198577,515.0,-0.06231218791650217,1/9,-1.1659876003458378,2019.0,2018:-0.78 2019:-1.17 2020:-0.30 2021:+0.02 2022:-0.10 2023:-0.07 2024:-0.05 2025:-0.07 2026:-0.10,7.75,False,-1.7298832948441525,0.19515477792732167,0.8041722745625841,0.0006729475100942127
S2 Strategy002 RSI/Stoch/BB + hammer,XRPUSD,crypto,M5,196,23.041197296427423,-0.3058452573888809,-4.657779251944732,0.7448979591836735,-0.32896899511603184,,-0.48817609290532893,107.0,-0.08663852255449948,89.0,-0.11844599122352144,1/9,-1.3824395736393826,2018.0,2018:-1.38 2019:-1.14 2020:-0.10 2021:+0.14 2022:-0.10 2023:-0.10 2024:-0.04 2025:-0.08 2026:-0.15,9.041666666666666,False,-3.058452573888809,0.19387755102040816,0.45408163265306123,0.3520408163265306
S3 Strategy003 RSI/MFI/Fisher dip,XRPUSD,crypto,M5,260,30.54519137986491,-0.2937893414649847,-5.26088003924266,0.7576923076923077,-0.3323762453091649,,-0.42619345879573023,172.0,-0.034999475773073094,88.0,-0.06075289886531248,3/9,-1.3429834989272766,2019.0,2018:-0.80 2019:-1.34 2020:-0.54 2021:-0.12 2022:-0.17 2023:+0.04 2024:+0.02 2025:-0.14 2026:+0.02,7.875,False,-2.9378934146498477,0.19230769230769232,0.46153846153846156,0.34615384615384615
S4 Strategy004 ADX/CCI/StochF,XRPUSD,crypto,M5,721,84.5681599229287,-0.16639247995047374,-6.67583160542557,0.782246879334258,-0.292854637037135,,-0.24236999482811983,461.0,-0.03167850164818588,260.0,-0.004490541627138622,3/9,-1.0661533188138668,2018.0,2018:-1.07 2019:-0.92 2020:-0.26 2021:-0.04 2022:-0.06 2023:+0.01 2024:+0.01 2025:-0.09 2026:+0.01,4.0,False,-1.6639247995047375,0.14701803051317613,0.4160887656033287,0.435506241331484
S5 Strategy005 volume spike + Fisher RSI (hyperopt params),XRPUSD,crypto,M5,196,22.93784043575777,-0.2317110257556628,-4.153304468884907,0.7346938775510204,-0.31093292141117485,,-0.3068241349982012,123.0,-0.10515058141549523,73.0,-0.11485015687433227,2/9,-1.1923196136958194,2018.0,2018:-1.19 2019:-1.18 2020:-0.76 2021:+0.04 2022:-0.31 2023:+0.06 2024:-0.06 2025:-0.18 2026:-0.08,27.208333333333332,False,-2.317110257556628,0.23469387755102042,0.7602040816326531,0.0
S1 Strategy001 EMA20/50 cross + Heikin-Ashi,XRPUSD,crypto,M30,588,68.57183908045977,-0.24550116155728768,-7.839952409896284,0.7568027210884354,-0.2856135418771566,,-0.3163053498350145,373.0,-0.12266412794057999,215.0,-0.13726117996842438,0/9,-1.1935790085262121,2019.0,2018:-1.04 2019:-1.19 2020:-0.44 2021:-0.07 2022:-0.08 2023:-0.08 2024:-0.13 2025:-0.11 2026:-0.14,15.75,False,-2.4550116155728765,0.22108843537414966,0.7789115646258503,0.0
S2 Strategy002 RSI/Stoch/BB + hammer,XRPUSD,crypto,M30,36,4.301275760549559,-0.7179348710686787,-2.598302440363446,0.6388888888888888,-0.29213672940798613,,-1.1900019885095114,20.0,-0.12785097426763764,16.0,-0.7179348710686787,4/8,-2.042125595135648,2018.0,2018:-2.04 2019:-1.57 2020:+0.10 2021:+0.30 2022:-0.21 2024:+0.10 2025:-0.34 2026:+0.08,17.791666666666664,False,-7.179348710686786,0.3055555555555556,0.6666666666666666,0.027777777777777776
S3 Strategy003 RSI/MFI/Fisher dip,XRPUSD,crypto,M30,31,3.622120921305182,-0.15743491094068474,-1.259110621565556,0.8064516129032258,-0.31547853139501547,,-0.2966107172285928,17.0,0.011564282408917903,14.0,-0.15743491094068474,3/8,-1.35219229498546,2018.0,2018:-1.35 2020:-0.05 2021:-0.41 2022:-0.14 2023:+0.10 2024:+0.10 2025:-0.10 2026:+0.10,6.958333333333333,False,-1.5743491094068476,0.16129032258064516,0.8387096774193549,0.0
S4 Strategy004 ADX/CCI/StochF,XRPUSD,crypto,M30,213,24.80020720433535,-0.2580631488618177,-4.432877559092025,0.784037558685446,-0.29688765095068287,,-0.39081138214316874,135.0,-0.02830659125947937,78.0,0.011575294573681035,4/9,-1.5115539187329732,2019.0,2018:-1.05 2019:-1.51 2020:-0.27 2021:+0.08 2022:-0.07 2023:+0.04 2024:-0.11 2025:+0.00 2026:+0.03,7.125,False,-2.580631488618178,0.19248826291079812,0.7464788732394366,0.056338028169014086
S5 Strategy005 volume spike + Fisher RSI (hyperopt params),XRPUSD,crypto,M30,34,4.007260406582769,-0.26653791703055624,-1.7435273871918493,0.7352941176470589,-0.383319738336342,,-0.4706932660154359,20.0,0.025112581519271936,14.0,-0.26653791703055624,5/8,-1.4642928339851777,2019.0,2018:+1.03 2019:-1.46 2020:-0.62 2021:+0.30 2023:+0.15 2024:+0.17 2025:+0.08 2026:-0.06,31.75,False,-2.6653791703055627,0.20588235294117646,0.7941176470588235,0.0
S1 Strategy001 EMA20/50 cross + Heikin-Ashi,XRPUSD,crypto,H1,369,43.33673633440514,-0.2261723960571787,-5.835573150311206,0.7696476964769647,-0.29948886281898895,,-0.27863630402067335,235.0,-0.134164796270453,134.0,-0.22427484318242588,0/9,-1.1385357465702985,2019.0,2018:-0.95 2019:-1.14 2020:-0.25 2021:-0.01 2022:-0.13 2023:-0.09 2024:-0.10 2025:-0.11 2026:-0.23,18.958333333333332,False,-2.2617239605717874,0.20596205962059622,0.7940379403794038,0.0
S2 Strategy002 RSI/Stoch/BB + hammer,XRPUSD,crypto,H1,15,1.887922122674018,-1.5772943247431082,-2.768813002511272,0.4,-0.26475684760101453,,-1.7450231548642066,13.0,-0.4870569289559692,2.0,-1.5772943247431082,3/6,-3.1328535611462875,2018.0,2018:-3.13 2019:+0.07 2020:+0.03 2022:-0.30 2024:-1.07 2026:+0.10,20.625,False,-15.772943247431083,0.5333333333333333,0.4666666666666667,0.0
S3 Strategy003 RSI/MFI/Fisher dip,XRPUSD,crypto,H1,20,2.399014778325123,-0.11122096455547563,-0.9908985963574104,0.75,-0.3900684762499366,,-0.26789277721480137,8.0,-0.0067730894492584555,12.0,-0.11122096455547563,4/8,-1.5527253312328329,2019.0,2018:+0.10 2019:-1.55 2020:-0.05 2021:-1.02 2022:+0.09 2024:+0.10 2025:+0.10 2026:-0.22,2.7083333333333335,False,-1.1122096455547563,0.15,0.85,0.0
S4 Strategy004 ADX/CCI/StochF,XRPUSD,crypto,H1,106,12.94000668449198,-0.26747482279215345,-3.1103962339202598,0.7924528301886793,-0.3177577272851056,,-0.4295226200263279,70.0,0.04761811627429678,36.0,-0.01055981387541235,4/9,-1.9958305721709686,2019.0,2018:-1.15 2019:-2.00 2020:+0.01 2021:+0.11 2022:-0.15 2023:-0.02 2024:+0.11 2025:+0.10 2026:-0.13,5.541666666666666,False,-2.6747482279215355,0.18867924528301888,0.7924528301886793,0.018867924528301886
S5 Strategy005 volume spike + Fisher RSI (hyperopt params),XRPUSD,crypto,H1,15,1.797490157480315,-0.8319605359528196,-3.005000281298386,0.4,-0.24591206940635607,,-1.2161360866649042,9.0,-0.2556972098846923,6.0,-0.8319605359528196,3/8,-2.1321351623977534,2019.0,2018:+0.20 2019:-2.13 2020:-2.02 2021:+0.20 2022:-1.12 2024:+0.19 2025:-1.04 2026:-0.29,9.291666666666666,False,-8.319605359528197,0.5333333333333333,0.4666666666666667,0.0
S1 Strategy001 EMA20/50 cross + Heikin-Ashi,XRPUSD,crypto,H4,125,14.742089118501776,-0.22352828854280565,-3.955379002058102,0.76,-0.32941648505579885,,-0.25458518022033816,74.0,-0.17846534767736635,51.0,-0.154637326236328,0/9,-0.7739342984159405,2019.0,2018:-0.68 2019:-0.77 2020:-0.22 2021:-0.11 2022:-0.09 2023:-0.14 2024:-0.25 2025:-0.12 2026:-0.19,16.458333333333332,False,-2.235282885428057,0.232,0.768,0.0
S2 Strategy002 RSI/Stoch/BB + hammer,XRPUSD,crypto,H4,4,,,,,,,,,,,,,,,,,,-16.70836773063554,0.5,0.5,0.0
S3 Strategy003 RSI/MFI/Fisher dip,XRPUSD,crypto,H4,5,,,,,,,,,,,,,,,,,,-5.966978083098039,0.4,0.4,0.0
S4 Strategy004 ADX/CCI/StochF,XRPUSD,crypto,H4,20,2.4423269809428283,-0.5049448562179985,-2.11297379472553,0.65,-0.2294044979670889,,-0.6679703262678319,14.0,-0.12455209276838623,6.0,-0.5049448562179985,0/5,-1.6870182371250702,2019.0,2018:-1.23 2019:-1.69 2022:-0.19 2024:-0.01 2026:-0.18,7.458333333333334,False,-5.0494485621799825,0.3,0.65,0.05
S5 Strategy005 volume spike + Fisher RSI (hyperopt params),XRPUSD,crypto,H4,3,,,,,,,,,,,,,,,,,,2.8888888888888924,0.0,1.0,0.0
