rule,asset,group,tf,base_tf,n,per_yr,avgR,t,win,base,coin,is_,n_is,oos,n_oos,last60,yrs_pos,worst,worst_yr,by_year,hold_h,candidate,stop_pct,tgt_hit,swapR
GB4 Gold Breakout H4 (page rules),ADAUSD,crypto,M5,M5,609,121.75,-0.3117198329652766,-5.528631889925462,0.2857142857142857,-0.45157471803319965,0.0034709370633345016,-0.4768293370424945,78,-0.28746645948500743,531,-0.5162430449083018,0/6,-1.1281556771678265,2023,2021:-0.44 2022:-0.46 2023:-1.13 2024:-0.08 2025:-0.27 2026:-0.42,0.875,False,0.7263232850700179,0.2857142857142857,0.01073640190761509
GB4 Gold Breakout H4 (page rules),ADAUSD,crypto,M15,M5,396,79.16748768472907,-0.22764906143305041,-3.260977134426704,0.3055555555555556,-0.4502211860745552,-0.03516182146598134,-0.16109279774801458,71,-0.24218904519193515,325,-0.2692902963703791,1/6,-0.4879999416575602,2022,2021:-0.27 2022:-0.49 2023:+0.36 2024:-0.24 2025:-0.23 2026:-0.25,2.5,False,1.4046691527623285,0.3055555555555556,0.014359499306464142
GB4 Gold Breakout H4 (page rules),ADAUSD,crypto,M30,M5,351,70.24808219178082,-0.15903366453280826,-2.1212436777553045,0.32193732193732194,-0.20528237057419618,0.03082607239275551,-0.280976234034495,78,-0.12419293038946917,273,-0.23759014934079423,2/6,-0.6717663486567385,2021,2021:-0.67 2022:-0.29 2023:+0.03 2024:-0.10 2025:+0.05 2026:-0.25,5.125,False,1.8583971184151333,0.32193732193732194,0.015697145000821654
GB4 Gold Breakout H4 (page rules),ADAUSD,crypto,H1,M5,276,55.511563876651984,-0.08842263923201353,-1.0321109952248413,0.3442028985507246,-0.25663656796989065,-0.060428180033230014,-0.008137433109397236,88,-0.1260029484808978,188,-0.07983757057760936,2/6,-0.27685645351135635,2025,2021:+0.01 2022:-0.04 2023:+0.04 2024:-0.18 2025:-0.28 2026:-0.01,8.958333333333334,False,2.6483817326411434,0.3442028985507246,0.021236550071923436
GB4 Gold Breakout H4 (page rules),ADAUSD,crypto,H4,M5,126,25.69597989949749,-0.12960561914191954,-1.0394823109231697,0.3253968253968254,-0.10928418151857099,-0.07517226452496514,-0.23066412523711785,48,-0.06741576923718211,78,-0.009454523448191872,2/6,-0.5362045888372644,2022,2021:+0.39 2022:-0.54 2023:-0.11 2024:+0.05 2025:-0.11 2026:-0.22,36.541666666666664,False,4.776484541337971,0.3253968253968254,0.033155947106398805
GB4 Gold Breakout H4 (page rules),ADAUSD,crypto,D1,M5,11,6.5435667752443,0.00877700225916596,0.019368505646530535,0.36363636363636365,-0.22661356274367564,-0.03958037790953291,-0.04574522929187889,3,0.02922283909080775,8,0.00877700225916596,1/3,-0.1363825655246099,2025,2023:-0.05 2024:+0.13 2025:-0.14,100.29166666666667,False,11.97851112816577,0.36363636363636365,0.044990892955895805
GB4 Gold Breakout H4 (page rules),BTCUSD,crypto,M5,M5,7130,824.6461367954403,-0.2524623622543537,-13.329177000170315,0.33197755960729314,-0.27299012385894755,-0.24189949506976616,-0.23365647013795673,3816,-0.27411694412404913,3314,-0.4174124198714709,0/9,-0.35673380045987096,2025,2018:-0.32 2019:-0.21 2020:-0.24 2021:-0.24 2022:-0.24 2023:-0.18 2024:-0.18 2025:-0.36 2026:-0.30,0.7916666666666666,False,0.42274552848955377,0.33225806451612905,0.014650869248953596
GB4 Gold Breakout H4 (page rules),BTCUSD,crypto,M15,M5,3042,349.07021677662584,-0.13952279264854192,-5.0098956154439165,0.3448389217619987,-0.10815996104695635,-0.18830506471460737,-0.12195347843273306,1734,-0.16281422296216005,1308,-0.0905144731318679,0/9,-0.23702333917829974,2025,2018:-0.23 2019:-0.05 2020:-0.14 2021:-0.21 2022:-0.08 2023:-0.11 2024:-0.09 2025:-0.24 2026:-0.16,2.5416666666666665,False,0.7181303171556535,0.3448389217619987,0.021518249825157338
GB4 Gold Breakout H4 (page rules),BTCUSD,crypto,M30,M5,1693,193.84584639498433,-0.031569435223080804,-0.8597222838603529,0.3662138216184288,-0.18323175033891415,-0.12918635974029846,-0.012989321260663874,1014,-0.0593164684453058,679,0.1071663364460219,2/9,-0.19827287753745554,2021,2018:-0.03 2019:+0.29 2020:-0.02 2021:-0.20 2022:-0.19 2023:+0.09 2024:-0.01 2025:-0.13 2026:-0.04,4.958333333333333,False,1.0266396332635124,0.3662138216184288,0.03077526593268079
GB4 Gold Breakout H4 (page rules),BTCUSD,crypto,H1,M5,939,107.5814774153074,0.02472499166358746,0.4938398541522494,0.3780617678381257,-0.03642295316629677,-0.1991249901742742,0.046887570054861834,573,-0.00997215975226013,366,0.022904642699504277,5/9,-0.15926515606657446,2025,2018:-0.13 2019:+0.35 2020:+0.09 2021:-0.03 2022:-0.16 2023:+0.09 2024:+0.05 2025:-0.16 2026:+0.09,11.458333333333334,False,1.4460429688403387,0.3780617678381257,0.04495209613677796
GB4 Gold Breakout H4 (page rules),BTCUSD,crypto,H4,M5,266,30.843333333333334,0.17915499311127803,1.9289033941255445,0.424812030075188,-0.0952904420502988,-0.3032035451714682,0.2285558276455133,168,0.09446784819544625,98,0.06179417504341171,6/9,-0.48388461314231107,2022,2018:-0.26 2019:+0.64 2020:+0.44 2021:+0.18 2022:-0.48 2023:+0.28 2024:+0.06 2025:+0.30 2026:-0.08,40.95833333333333,False,2.8392762512842435,0.424812030075188,0.07873946887957134
GB4 Gold Breakout H4 (page rules),BTCUSD,crypto,D1,M5,50,6.743906942392909,0.1666379467765116,0.7750376136087294,0.44,0.07391689313110307,-0.27617280792707244,0.43510522254207135,30,-0.23606296687182815,20,0.1666379467765116,3/8,-1.1990599011572254,2026,2019:+0.26 2020:+1.01 2021:+0.35 2022:-1.08 2023:-0.06 2024:-0.12 2025:-0.30 2026:-1.20,226.0,False,8.403226062084359,0.44,0.15285263064187962
GB4 Gold Breakout H4 (page rules),DOGEUSD,crypto,M5,M5,833,167.17211538461538,-0.22972887599682149,-4.694081126721494,0.30732292917166865,-0.16412226734946433,-0.07247591014670421,-0.28815825528803496,61,-0.225112046804122,772,-0.1625532510927151,0/6,-0.7008407869160591,2023,2021:-0.35 2022:-0.17 2023:-0.70 2024:-0.22 2025:-0.23 2026:-0.22,0.875,False,0.9895759966192446,0.30732292917166865,0.006866131138536083
GB4 Gold Breakout H4 (page rules),DOGEUSD,crypto,M15,M5,625,125.0171139101862,-0.1908400354901023,-3.4130812515734013,0.3136,-0.11706016583404479,-0.10007263252075263,-0.30148718574261013,95,-0.17100705572786035,530,-0.32006901327761217,0/6,-0.5010529959627218,2023,2021:-0.42 2022:-0.15 2023:-0.50 2024:-0.00 2025:-0.28 2026:-0.22,2.2916666666666665,False,1.5186068207732955,0.3136,0.01291910985008762
GB4 Gold Breakout H4 (page rules),DOGEUSD,crypto,M30,M5,471,94.2645205479452,-0.13474237824137258,-2.0422939073418704,0.3248407643312102,-0.33895881008748824,-0.018253338914539844,-0.24587033422975046,90,-0.10849167997640138,381,-0.4453681535339708,1/6,-0.6771879295744572,2023,2021:-0.33 2022:-0.02 2023:-0.68 2024:+0.01 2025:-0.13 2026:-0.22,4.291666666666667,False,1.9377424066891655,0.3248407643312102,0.013181733591225693
GB4 Gold Breakout H4 (page rules),DOGEUSD,crypto,H1,M5,343,68.91130363036304,-0.010649637803874264,-0.13472980067418228,0.36151603498542273,-0.293259510401857,-0.05932503215246509,0.0174041299827427,103,-0.022689379812297353,240,-0.2848264523630686,2/6,-0.22227610516227694,2023,2021:-0.17 2022:+0.22 2023:-0.22 2024:+0.06 2025:-0.10 2026:-0.07,9.291666666666666,False,2.7248889212615692,0.36151603498542273,0.017683484424462076
GB4 Gold Breakout H4 (page rules),DOGEUSD,crypto,H4,M5,126,25.883858267716533,-0.04609728117104082,-0.36198279654727317,0.3492063492063492,-0.31597510081371655,-0.29408843596230366,-0.20232251480846378,53,0.06732651859311564,73,0.11297218475074265,3/6,-1.1064732684979135,2021,2021:-1.11 2022:+0.21 2023:-0.50 2024:+0.07 2025:+0.20 2026:-0.09,22.791666666666664,False,4.937199649187944,0.3492063492063492,0.03163383301798235
GB4 Gold Breakout H4 (page rules),DOGEUSD,crypto,D1,M5,18,6.267397521448999,0.4273112631872502,1.1739627963567574,0.5,0.031952405072502875,0.19591615504116466,-0.09881625984408238,6,0.6903750247029166,12,0.4273112631872502,2/4,-0.5120382811666826,2023,2022:+1.97 2023:-0.51 2024:+1.19 2025:-0.31,142.83333333333334,False,11.874713578757614,0.5,0.04421519233463919
GB4 Gold Breakout H4 (page rules),ETHUSD,crypto,M5,M5,2427,421.92372679676345,-0.20946303661069324,-7.239320998588534,0.3296250515039143,-0.21535979527514637,-0.10111790430997213,-0.19933543425187114,920,-0.21564577992198478,1507,-0.2628923291025935,1/6,-0.2833091852281464,2022,2021:-0.18 2022:-0.28 2023:+0.24 2024:-0.20 2025:-0.19 2026:-0.23,0.875,False,0.5769818411146299,0.3296250515039143,0.011075539275319788
GB4 Gold Breakout H4 (page rules),ETHUSD,crypto,M15,M5,1432,249.06571428571428,-0.16589752688804363,-4.411754177937572,0.3268156424581006,-0.08310844548502463,-0.17984281680170155,-0.16675108783651765,686,-0.16511261695419222,746,-0.22532508877592808,0/6,-0.36996004917051695,2023,2021:-0.12 2022:-0.15 2023:-0.37 2024:-0.01 2025:-0.29 2026:-0.16,2.875,False,1.0540363110523123,0.3268156424581006,0.01753024305355243
GB4 Gold Breakout H4 (page rules),ETHUSD,crypto,M30,M5,978,170.26429933269782,-0.11440717172589339,-2.501925162383278,0.33844580777096117,-0.13435595993056315,-0.22889964859903342,-0.11195814602295616,491,-0.11687631262967611,487,-0.044822611725995845,1/6,-0.2994013156073502,2023,2021:-0.05 2022:-0.05 2023:-0.30 2024:+0.01 2025:-0.29 2026:-0.09,6.208333333333333,False,1.4071955833921366,0.33844580777096117,0.0237299905871371
GB4 Gold Breakout H4 (page rules),ETHUSD,crypto,H1,M5,620,108.35167464114832,-0.06664015601992714,-1.156919936216397,0.35,-0.10509232528538344,-0.170699509861189,-0.08300399784903474,306,-0.050693227358440104,314,0.07809542179469313,1/6,-0.29554715233835493,2023,2021:+0.10 2022:-0.03 2023:-0.30 2024:-0.02 2025:-0.12 2026:-0.01,11.25,False,1.8424809297866294,0.35,0.03188808498803988
GB4 Gold Breakout H4 (page rules),ETHUSD,crypto,H4,M5,190,33.81944444444444,-0.08356123905851787,-0.815489368091707,0.34210526315789475,-0.14549843422968567,-0.07600363646563484,-0.05687076900868568,94,-0.10969565764897848,96,-0.20706827699025263,1/6,-0.24615706134300686,2026,2021:-0.06 2022:-0.19 2023:+0.02 2024:-0.01 2025:-0.11 2026:-0.25,40.75,False,3.5009382341230117,0.34210526315789475,0.05941541536648484
GB4 Gold Breakout H4 (page rules),ETHUSD,crypto,D1,M5,19,3.8490016638935107,-0.10803076404686904,-0.3090173761265515,0.3684210526315789,-0.23009109257177318,-0.22027802264017488,-0.15331425244574248,8,-0.07509731793859752,11,-0.10803076404686904,2/6,-1.2889394585331035,2022,2021:+0.39 2022:-1.29 2023:-0.14 2024:+0.33 2025:-0.20 2026:-1.11,398.125,False,9.515667702695458,0.3684210526315789,0.19619743631765668
GB4 Gold Breakout H4 (page rules),LTCUSD,crypto,M5,M5,497,101.24330730619076,-0.32341631345201227,-5.336395465173126,0.27364185110663986,-0.22973350336315648,0.01777794661028492,-0.3370669584830221,465,-0.12505537784515072,32,-0.14629784539128537,1/5,-0.5374926115650469,2022,2021:-0.34 2022:-0.54 2023:+0.25 2024:-0.24 2025:-0.07,0.9583333333333334,False,1.208783962015304,0.27364185110663986,0.007415325884225681
GB4 Gold Breakout H4 (page rules),LTCUSD,crypto,M15,M5,462,80.81681034482759,-0.17095773252775698,-2.558439194662195,0.3203463203463203,-0.10974647029491591,-0.15658685772802802,-0.1456358038523945,390,-0.3081181795193037,72,-0.28983856209672626,2/6,-0.43271586794742795,2023,2021:-0.17 2022:+0.06 2023:-0.43 2024:-0.20 2025:-0.39 2026:+0.37,3.625,False,1.7287990196871625,0.3203463203463203,0.015206104011985038
GB4 Gold Breakout H4 (page rules),LTCUSD,crypto,M30,M5,408,71.47338129496403,-0.23270671501787987,-3.3765950843153396,0.2965686274509804,0.058320510729016395,-0.021225453279124267,-0.25728286005611734,324,-0.13791301272753526,84,-0.14211281168208592,0/6,-1.159763420356352,2026,2021:-0.18 2022:-0.30 2023:-0.52 2024:-0.22 2025:-0.01 2026:-1.16,7.083333333333334,False,2.130109762900504,0.2965686274509804,0.019674066020119688
GB4 Gold Breakout H4 (page rules),LTCUSD,crypto,H1,M5,322,56.57070707070707,-0.29396437733643055,-3.9264580151862285,0.2732919254658385,-0.12612878743984357,-0.001620749474139781,-0.3120223018155702,230,-0.24881956613858158,92,-0.232698992380541,0/6,-0.471036020002859,2026,2021:-0.22 2022:-0.39 2023:-0.38 2024:-0.32 2025:-0.13 2026:-0.47,12.0,False,2.6609557327696405,0.2732919254658385,0.0239429292027839
GB4 Gold Breakout H4 (page rules),LTCUSD,crypto,H4,M5,147,26.267979452054796,-0.3325366956151295,-3.010144784768954,0.2585034013605442,-0.09183155285604244,-0.012711533430013744,-0.16352679947798268,91,-0.6071777768379931,56,-0.643838767901665,1/6,-0.8286067867900453,2025,2021:+0.26 2022:-0.32 2023:-0.37 2024:-0.64 2025:-0.83 2026:-0.39,40.125,False,4.094359279654706,0.2585034013605442,0.041945880990636744
GB4 Gold Breakout H4 (page rules),LTCUSD,crypto,D1,M5,18,3.646422628951747,-0.10287421973345674,-0.3005981718870798,0.3333333333333333,-0.3399118700957838,0.12716594585167507,-0.13556156001347966,6,-0.08653054959344524,12,-0.10287421973345674,3/6,-1.1592956270265,2022,2021:+1.87 2022:-1.16 2023:-0.38 2024:+0.43 2025:-1.11 2026:+0.40,144.16666666666666,False,10.365502126658715,0.3333333333333333,0.06662868415901538
GB4 Gold Breakout H4 (page rules),XRPUSD,crypto,M5,M5,527,91.8791169451074,-0.058611159671037534,-0.41447181641694536,0.3206831119544592,-0.13160616086564295,-0.11895922746860896,0.021359892837555034,224,-0.11773167373679573,303,-0.242095908018018,3/6,-1.126239275388416,2022,2021:+0.01 2022:-1.13 2023:+1.92 2024:+0.38 2025:-0.16 2026:-0.04,0.875,False,1.01589411978002,0.3206831119544592,0.008516853934488706
GB4 Gold Breakout H4 (page rules),XRPUSD,crypto,M15,M5,446,77.75727923627684,-0.10543103044853804,-1.4125598135271613,0.33408071748878926,-0.22787125145585505,-0.06466772166967873,0.09196372844651422,163,-0.21912483150823245,283,-0.0573671936907614,2/6,-1.123068208461027,2024,2021:+0.09 2022:-0.14 2023:+0.41 2024:-1.12 2025:-0.29 2026:-0.10,2.5,False,1.3966986451650791,0.33408071748878926,0.01286905946232359
GB4 Gold Breakout H4 (page rules),XRPUSD,crypto,M30,M5,344,60.03153368370759,-0.1722401147772963,-2.2524483125449777,0.313953488372093,0.026767336164258273,-0.08130393560268243,-0.10651709706146313,143,-0.21899828160995372,201,-0.22708044515406514,0/6,-1.1144625229969147,2024,2021:-0.11 2022:-0.03 2023:-0.14 2024:-1.11 2025:-0.25 2026:-0.18,4.958333333333333,False,1.8376640323527114,0.313953488372093,0.01581735623313414
GB4 Gold Breakout H4 (page rules),XRPUSD,crypto,H1,M5,253,44.19332855093256,0.01986536711538248,0.2095246515300783,0.36363636363636365,-0.27235971357545935,-0.01700127542038399,0.06753834599834121,127,-0.028185968742837877,126,0.167138139249567,3/6,-0.391682729154959,2025,2021:+0.04 2022:-0.37 2023:+1.45 2024:-0.01 2025:-0.39 2026:+0.20,7.458333333333333,False,2.678687054838869,0.36363636363636365,0.01898122818212811
GB4 Gold Breakout H4 (page rules),XRPUSD,crypto,H4,M5,107,19.185935198821795,-0.1489586543955877,-1.098884913553158,0.3177570093457944,-0.1937377420393629,-0.013889036001878784,0.026703626430986036,51,-0.3089368030055031,56,-0.31335004490339136,1/6,-0.49628572911961816,2024,2021:+0.21 2022:-0.19 2023:-0.13 2024:-0.50 2025:-0.25 2026:-0.18,27.291666666666668,False,5.382444355716308,0.3177570093457944,0.0349062521734694
GB4 Gold Breakout H4 (page rules),XRPUSD,crypto,D1,M5,21,4.2994674887892375,-0.2555942070123747,-0.8646817946076036,0.2857142857142857,-0.27822235315737576,0.36232756062331106,-0.48942058167537944,9,-0.08022442601512099,12,-0.2555942070123747,1/6,-1.1616697785650738,2022,2021:-1.10 2022:-1.16 2023:-0.31 2024:-0.07 2025:+0.40 2026:-1.08,78.375,False,10.096792798214596,0.2857142857142857,0.06463738721283292
