universe,set,n,mean,t,win,n_is,mean_is,n_oos,mean_oos,worst_year,worst_mean,by_year,draw_p5,draw_p95,p_random,passes,mean_m5
all 30 stocks,TOP 20% by RV,5474,-0.25327,-6.234,0.15071,2911,-0.037991,2563,-0.49777,2026,-0.5861,15:+0.184(236.0) 16:-0.085(249.0) 17:-0.020(246.0) 18:+0.263(250.0) 19:-0.104(174.0) 21:+0.079(302.0) 22:-0.074(718.0) 23:-0.199(736.0) 24:-0.294(735.0) 25:-0.571(734.0) 26:-0.586(1094.0),,,0.78122,False,
all 30 stocks,ALL stocks,24085,-0.2836,-15.415,0.15636,10866,-0.095931,13219,-0.43787,2025,-0.57877,15:+0.317(467.0) 16:+0.169(492.0) 17:-0.083(488.0) 18:+0.141(497.0) 19:-0.009(348.0) 21:-0.128(1334.0) 22:-0.102(3579.0) 23:-0.209(3661.0) 24:-0.198(3832.0) 25:-0.579(3914.0) 26:-0.505(5473.0),,,,False,
all 30 stocks,"TOP 20%, opposite direction",5474,-0.28651,-7.2545,0.14213,2911,-0.096796,2563,-0.50199,2025,-0.78848,15:-0.110(236.0) 16:-0.260(249.0) 17:+0.021(246.0) 18:-0.077(250.0) 19:+0.226(174.0) 21:+0.002(302.0) 22:-0.012(718.0) 23:-0.284(736.0) 24:-0.101(735.0) 25:-0.788(734.0) 26:-0.579(1094.0),,,,False,
all 30 stocks,RANDOM 20% (mean of draws),5457,-0.22922,,,,,,,,,,-0.27887,-0.17899,0.78122,False,
all 30 stocks,M1 check TSLA all days,1266,0.15145,,,,,,,,,,,,,,0.1656
all 30 stocks,M1 check TSLA TOP days,190,0.21919,,,,,,,,,,,,,,0.23268
all 30 stocks,M1 check NVDA all days,1251,-0.017666,,,,,,,,,,,,,,-0.010993
all 30 stocks,M1 check NVDA TOP days,174,0.23909,,,,,,,,,,,,,,0.24726
without batch 2,TOP 20% by RV,4951,-0.24779,-5.7693,0.15027,2911,-0.037991,2040,-0.54717,2026,-0.84347,15:+0.184(236.0) 16:-0.085(249.0) 17:-0.020(246.0) 18:+0.263(250.0) 19:-0.104(174.0) 21:+0.079(302.0) 22:-0.074(718.0) 23:-0.199(736.0) 24:-0.294(735.0) 25:-0.571(734.0) 26:-0.843(571.0),,,0.85514,False,
without batch 2,ALL stocks,21656,-0.27719,-14.234,0.15598,10866,-0.095931,10790,-0.45972,2026,-0.63597,15:+0.317(467.0) 16:+0.169(492.0) 17:-0.083(488.0) 18:+0.141(497.0) 19:-0.009(348.0) 21:-0.128(1334.0) 22:-0.102(3579.0) 23:-0.209(3661.0) 24:-0.198(3832.0) 25:-0.579(3914.0) 26:-0.636(3044.0),,,,False,
without batch 2,"TOP 20%, opposite direction",4951,-0.27855,-6.6801,0.14401,2911,-0.096796,2040,-0.53791,2025,-0.78848,15:-0.110(236.0) 16:-0.260(249.0) 17:+0.021(246.0) 18:-0.077(250.0) 19:+0.226(174.0) 21:+0.002(302.0) 22:-0.012(718.0) 23:-0.284(736.0) 24:-0.101(735.0) 25:-0.788(734.0) 26:-0.778(571.0),,,,False,
without batch 2,RANDOM 20% (mean of draws),4938,-0.21272,,,,,,,,,,-0.26787,-0.15953,0.85514,False,
without batch 2,M1 check TSLA all days,1266,0.15145,,,,,,,,,,,,,,0.1656
without batch 2,M1 check TSLA TOP days,189,0.27464,,,,,,,,,,,,,,0.2881
without batch 2,M1 check NVDA all days,1251,-0.017666,,,,,,,,,,,,,,-0.010993
without batch 2,M1 check NVDA TOP days,173,0.3638,,,,,,,,,,,,,,0.37202
