t,n,rule,rule_before_swaps,baseline,n_base,excess
2015,14.0,-0.04306961881874787,0.027798505385630317,-0.13855001564385433,281.0,0.09548039682510645
2016,27.0,0.14334230516117238,0.1935654935242366,0.026133108535877816,351.0,0.11720919662529457
2017,30.0,-0.025932142707917407,0.06295103932112006,0.07645088654808237,359.0,-0.10238302925599978
2018,25.0,-0.14114096690289954,-0.06942120920739968,-0.1975762207142801,330.0,0.056435253811380565
2019,37.0,-0.028349646175214415,0.02521770477645905,0.2941712036375531,337.0,-0.3225208498127675
2020,34.0,0.10525520788205825,0.16039159417663407,0.3446733765904635,348.0,-0.23941816870840524
2021,20.0,-0.20637142816205514,-0.10372500373558051,-0.26204598663272644,358.0,0.05567455847067129
2022,23.0,0.23571410960322411,0.29595257606555925,-0.05813698785747086,348.0,0.293851097460695
2023,29.0,0.1589710552254707,0.24034804504116353,0.0751988577072626,354.0,0.0837721975182081
2024,31.0,0.8513744740118115,0.9270820012145803,0.4521872367327162,344.0,0.39918723727909533
2025,40.0,0.5722995679985945,0.6407272511048687,0.6168867524474853,319.0,-0.04458718444889076
2026,20.0,0.15975331492831488,0.1878240733191488,-0.07285048586069678,265.0,0.23260380078901166
2015-2019,133.0,-0.015700434484238787,0.05038724381000606,0.019072121689429778,1658.0,-0.03477255617366856
2020-2023,106.0,0.0894606945958649,0.1618473271980713,0.023098434441005924,1408.0,0.06636226015485898
2024-2026,91.0,0.5766995353063322,0.6387375115190078,0.3588727421484025,928.0,0.21782679315792974
all,330.0,0.18143737440495203,0.24843161714532144,0.09944368506953642,3994.0,0.0819936893354156
