pair,group,tf,start,n,meanR,t,win,pre24,from24,n_pre,n_post,years_pos,worst_year,worst_yr,base,beats_base,candidate,coin,rand,beats_coin,beats_rand,ret_pct,gross_pct,cost_pct,pct_per_year_mean,pct_by_year,hold_med,z_exit_share,sigma_med_pct
XAUUSD/XAGUSD,metal_pairs,D1,2009-02-05,93,-0.68975,-2.6403,0.47312,-0.76192,-0.34244,77,16,5/18,-3.2897,2020,-0.36188,False,False,-0.037525,-0.36188,False,False,-1.2305,-0.43317,0.79737,-6.3578,09:-2.1 10:-34.9 11:-9.8 12:-9.5 13:-6.6 14:-0.8 15:+15.9 16:-7.9 17:-5.9 18:-5.3 19:-10.0 20:-41.9 21:-10.9 22:+10.6 23:+12.6 24:+7.8 25:-50.2 26:+34.5,20,0.25806,2.3111
XAUUSD/XAGUSD,metal_pairs,H4,2015-01-16,382,-0.62784,-3.9189,0.48953,-0.71178,-0.32075,300,82,1/12,-1.4208,2020,-0.2872,False,False,-0.20866,-0.2872,False,False,-0.3642,-0.084875,0.27933,-11.594,15:-10.4 16:-16.5 17:-15.6 18:-14.8 19:-11.3 20:-33.6 21:-5.8 22:+6.7 23:-16.3 24:-14.4 25:-13.5 26:+6.4,20,0.32199,0.83979
XAUUSD/XAGUSD,metal_pairs,H1,2015-01-07,1443,-0.77246,-10.748,0.4352,-0.87031,-0.45501,1103,340,1/12,-1.3704,2017,-0.51704,False,False,-0.63477,-0.51704,False,False,-0.2496,-0.039131,0.21047,-30.015,15:-40.9 16:-52.5 17:-43.5 18:-38.2 19:-39.3 20:-55.7 21:+1.1 22:-3.2 23:-19.2 24:-23.9 25:-28.3 26:-16.5,20,0.29245,0.38851
XAUUSD/XPTUSD,metal_pairs,D1,2015-06-22,63,-0.80421,-2.2855,0.39683,-0.61436,-1.4117,48,15,2/12,-2.7442,2020,-0.40382,False,False,-0.2464,-0.40382,False,False,-1.6257,-0.40982,1.2159,-8.535,15:-1.4 16:-3.6 17:-7.1 18:-8.8 19:+10.8 20:-26.2 21:-6.4 22:+6.3 23:-7.0 24:-13.0 25:-45.1 26:-1.0,20,0.30159,2.3811
XAUUSD/XPTUSD,metal_pairs,H4,2017-04-26,321,-0.36227,-2.6424,0.49533,-0.26859,-0.59196,228,93,2/10,-0.92235,2025,-0.39037,True,False,-0.53333,-0.39037,True,True,-0.29777,0.17272,0.47048,-9.5583,17:+1.1 18:-9.0 19:-15.0 20:-24.6 21:-10.7 22:+15.3 23:-10.9 24:-16.4 25:-36.3 26:+10.9,20,0.33956,1.1123
XAUUSD/XPTUSD,metal_pairs,H1,2017-04-10,1205,-0.60218,-9.539,0.44232,-0.70385,-0.35876,850,355,1/10,-1.0425,2019,-0.55221,False,False,-0.72361,-0.55221,True,False,-0.26529,0.090401,0.35569,-31.967,17:-15.1 18:-30.5 19:-51.4 20:-19.5 21:-60.6 22:-53.6 23:-36.7 24:-33.2 25:-34.5 26:+15.4,20,0.28382,0.55553
XAUUSD/XPDUSD,metal_pairs,D1,2015-08-24,61,-0.2485,-0.82371,0.4918,-0.30294,-0.065733,47,14,5/12,-1.3742,2019,-0.29245,True,False,-0.50387,-0.29245,True,True,-0.17817,1.3433,1.5215,-0.90572,15:+9.6 16:-5.7 17:-0.9 18:+1.6 19:-22.5 20:+36.4 21:-17.9 22:+11.4 23:-29.3 24:+20.7 25:-20.1 26:+6.0,20,0.32787,4.2186
XAUUSD/XPDUSD,metal_pairs,H4,2017-04-17,299,-0.37585,-2.6556,0.48495,-0.47976,-0.12672,211,88,2/10,-0.81853,2021,-0.41111,True,False,-0.62731,-0.41111,True,True,-0.5114,0.26201,0.7734,-15.291,17:+2.0 18:-9.6 19:-24.6 20:-53.5 21:-36.8 22:-21.6 23:-11.8 24:+3.4 25:-4.6 26:+4.3,20,0.32107,1.5401
XAUUSD/XPDUSD,metal_pairs,H1,2017-04-05,1212,-0.77644,-10.885,0.41914,-0.85066,-0.59143,865,347,0/10,-1.2144,2021,-0.70534,False,False,-0.83448,-0.70534,True,False,-0.58678,0.044888,0.63166,-71.117,17:-21.5 18:-65.8 19:-51.3 20:-73.5 21:-121.8 22:-133.9 23:-89.8 24:-62.5 25:-63.5 26:-27.8,20,0.30281,0.79749
XAUUSD/XCUUSD,metal_pairs,D1,2025-03-05,11,0.48449,0.60211,0.72727,,0.48449,0,11,2/2,0.44385,2026,-0.012971,True,False,-0.83007,-0.012971,True,True,2.4579,2.9703,0.5124,13.518,25:+18.7 26:+8.3,20,0.45455,3.2866
XAUUSD/XCUUSD,metal_pairs,H4,2024-12-18,59,-0.14974,-0.48128,0.52542,,-0.14974,0,59,1/3,-0.55898,2026,-0.12922,False,False,-0.19636,-0.12922,True,False,-0.37249,-0.17222,0.20027,-7.3257,24:+3.6 25:-13.8 26:-11.7,20,0.32203,1.2748
XAUUSD/XCUUSD,metal_pairs,H1,2024-12-06,222,-0.12079,-0.87268,0.50901,,-0.12079,0,222,0/3,-0.41112,2024,-0.2007,True,False,-0.35086,-0.2007,True,True,-0.077565,0.063946,0.14151,-5.7398,24:+0.6 25:-1.9 26:-15.8,20,0.32432,0.64293
XAGUSD/XPTUSD,metal_pairs,D1,2015-08-05,63,-0.065641,-0.23365,0.49206,0.019811,-0.31665,47,16,7/12,-2.0789,2020,-0.42615,True,False,-1.0335,-0.42615,True,True,-0.25803,1.0721,1.3302,-1.3546,15:+1.8 16:+5.6 17:+6.5 18:-15.7 19:-7.4 20:-49.5 21:+13.2 22:+6.3 23:+20.0 24:-1.1 25:-5.4 26:+9.3,20,0.42857,2.4467
XAGUSD/XPTUSD,metal_pairs,H4,2017-04-19,304,-0.62595,-4.3553,0.45395,-0.86083,-0.084708,212,92,1/10,-1.7058,2018,-0.51443,False,False,-0.54198,-0.51443,False,False,-0.43071,0.19179,0.6225,-13.094,17:-20.5 18:-26.7 19:-15.3 20:-7.5 21:-29.1 22:-17.6 23:-23.5 24:+1.0 25:+7.1 26:+1.1,20,0.31908,1.1552
XAGUSD/XPTUSD,metal_pairs,H1,2017-04-07,1209,-0.90629,-13.702,0.37221,-1.1315,-0.34456,863,346,0/10,-1.6312,2017,-0.78106,False,False,-0.9568,-0.78106,True,False,-0.4443,0.042472,0.48677,-53.716,17:-52.7 18:-67.9 19:-68.9 20:-62.4 21:-79.5 22:-80.4 23:-46.8 24:-39.4 25:-8.2 26:-31.1,20,0.3019,0.57981
XAGUSD/XPDUSD,metal_pairs,D1,2015-08-25,59,-0.57744,-1.9196,0.40678,-0.51297,-0.82998,47,12,4/12,-2.1173,2025,-0.33422,False,False,-0.29043,-0.33422,False,False,-1.5772,0.20552,1.7827,-7.7547,15:+13.5 16:-10.4 17:-22.1 18:-9.4 19:-29.6 20:+12.4 21:+10.1 22:-16.2 23:-5.2 24:-3.5 25:-51.7 26:+19.0,20,0.32203,4.2436
XAGUSD/XPDUSD,metal_pairs,H4,2017-04-17,296,-0.67237,-5.2059,0.42905,-0.75756,-0.46092,211,85,0/10,-1.0854,2023,-0.49382,False,False,-0.4693,-0.49382,False,False,-1.0026,-0.053731,0.94889,-29.677,17:-15.9 18:-22.1 19:-41.0 20:-45.0 21:-19.7 22:-51.2 23:-58.6 24:+0.4 25:-18.5 26:-25.2,20,0.26689,1.6928
XAGUSD/XPDUSD,metal_pairs,H1,2017-04-05,1210,-0.90595,-12.821,0.38264,-1.0127,-0.64251,861,349,0/10,-1.3728,2018,-0.81461,False,False,-0.98078,-0.81461,True,False,-0.6894,0.080027,0.76943,-83.417,17:-58.6 18:-84.6 19:-99.7 20:-55.9 21:-136.9 22:-145.7 23:-74.8 24:-95.8 25:-33.5 26:-48.6,20,0.29174,0.84948
XAGUSD/XCUUSD,metal_pairs,D1,2025-03-19,10,-0.24077,-0.2435,0.5,,-0.24077,0,10,0/2,-0.61743,2026,-0.15256,False,False,-0.037706,-0.15256,False,False,-2.8028,-2.0835,0.7193,-14.014,25:-35.8 26:+7.7,17.5,0.5,5.3925
XAGUSD/XCUUSD,metal_pairs,H4,2024-12-18,54,-0.5134,-1.8255,0.37037,,-0.5134,0,54,1/3,-0.63436,2026,-0.16907,False,False,0.1712,-0.16907,False,False,-1.0635,-0.77838,0.28515,-19.144,24:+0.8 25:-15.2 26:-43.0,20,0.18519,1.7617
XAGUSD/XCUUSD,metal_pairs,H1,2024-12-09,210,-0.2546,-1.4815,0.49524,,-0.2546,0,210,0/3,-0.45329,2024,-0.18712,False,False,-0.27391,-0.18712,True,False,-0.2331,-0.018897,0.2142,-16.317,24:-1.2 25:-25.8 26:-22.0,20,0.27619,0.85911
XPTUSD/XPDUSD,metal_pairs,D1,2015-08-23,61,-0.80768,-2.4225,0.40984,-0.57877,-1.7424,49,12,3/12,-3.3186,2025,-0.47521,False,False,-0.42457,-0.47521,False,False,-2.0138,0.24745,2.2612,-10.237,15:+3.6 16:-3.7 17:-16.8 18:-39.1 19:-8.6 20:-4.4 21:-3.0 22:-26.0 23:+12.4 24:+0.5 25:-27.5 26:-10.4,20,0.31148,3.826
XPTUSD/XPDUSD,metal_pairs,H4,2017-04-18,297,-0.63737,-4.5958,0.45118,-0.61018,-0.7063,213,84,1/10,-1.4016,2019,-0.71348,True,False,-0.97579,-0.71348,True,True,-0.968,0.19092,1.1589,-28.75,17:-15.3 18:-39.9 19:-41.2 20:-38.5 21:-23.6 22:-56.0 23:-4.3 24:-20.7 25:-41.6 26:-6.3,20,0.3266,1.475
XPTUSD/XPDUSD,metal_pairs,H1,2017-04-11,1236,-1.1312,-17.418,0.3301,-1.1345,-1.1231,876,360,0/10,-1.6351,2021,-1.0804,False,False,-1.3181,-1.0804,True,False,-0.83351,0.10258,0.93609,-103.02,17:-49.8 18:-88.9 19:-102.9 20:-63.4 21:-158.2 22:-173.9 23:-114.6 24:-115.3 25:-79.3 26:-84.0,20,0.30016,0.77856
XPTUSD/XCUUSD,metal_pairs,D1,2025-03-05,8,-1.9462,-2.0574,0.25,,-1.9462,0,8,0/2,-2.5776,2025,-0.33152,False,False,1.3301,-0.33152,False,False,-5.7477,-4.2474,1.5003,-22.991,25:-46.9 26:+0.9,20,0.125,5.0724
XPTUSD/XCUUSD,metal_pairs,H4,2024-12-18,61,-0.14784,-0.45939,0.57377,,-0.14784,0,61,2/3,-0.55793,2026,-0.36906,True,False,-0.69842,-0.36906,True,True,-0.21649,0.42839,0.64488,-4.4019,24:+2.3 25:+4.2 26:-19.7,20,0.42623,1.6535
XPTUSD/XCUUSD,metal_pairs,H1,2024-12-06,221,-0.32214,-2.1471,0.47511,,-0.32214,0,221,0/3,-0.52477,2025,-0.4827,True,False,-0.93763,-0.4827,True,True,-0.25468,0.24644,0.50113,-18.762,24:-1.5 25:-54.5 26:-0.3,20,0.33484,0.82271
XPDUSD/XCUUSD,metal_pairs,D1,2025-02-25,13,0.027485,0.046812,0.53846,,0.027485,0,13,1/2,-0.6004,2026,-0.32644,True,False,-0.68866,-0.32644,True,True,0.25689,1.7409,1.484,1.6698,25:+22.6 26:-19.2,20,0.38462,4.9291
XPDUSD/XCUUSD,metal_pairs,H4,2024-12-17,58,-0.10858,-0.37794,0.51724,,-0.10858,0,58,1/3,-1.3104,2024,-0.43134,True,False,-0.86183,-0.43134,True,True,0.01754,0.84726,0.82972,0.33911,24:-1.4 25:+13.9 26:-11.6,20,0.44828,1.8031
XPDUSD/XCUUSD,metal_pairs,H1,2024-12-06,235,-0.63134,-3.7399,0.46809,,-0.63134,0,235,0/3,-0.8126,2024,-0.64838,True,False,-0.91895,-0.64838,True,True,-0.45659,0.24279,0.69939,-35.766,24:-4.2 25:-66.9 26:-36.3,20,0.3617,0.94802
US100/US500,us_index_pairs,D1,2018-06-03,48,-0.59633,-1.9629,0.39583,-0.45292,-0.88317,32,16,1/9,-1.711,2026,-0.61653,True,False,-0.45146,-0.61653,False,True,-0.65399,-0.089384,0.56461,-3.488,18:-1.6 19:-3.6 20:-4.4 21:+2.0 22:-6.7 23:-4.5 24:-2.0 25:-1.0 26:-9.6,20,0.27083,1.2514
US100/US500,us_index_pairs,H4,2021-10-18,156,-0.39401,-2.3646,0.46154,-0.53314,-0.28927,67,89,1/6,-1.0962,2023,-0.22493,False,False,-0.18329,-0.22493,False,False,-0.15135,-0.032588,0.11876,-3.9351,21:+1.8 22:-0.5 23:-12.5 24:-4.5 25:+0.3 26:-8.1,20,0.25,0.44204
US100/US500,us_index_pairs,H1,2021-10-06,618,-0.27443,-2.877,0.48058,-0.20312,-0.33506,284,334,0/6,-0.56041,2024,-0.20387,False,False,-0.17533,-0.20387,False,False,-0.040064,0.0027518,0.042816,-4.1266,21:-3.5 22:+0.5 23:-6.5 24:-7.5 25:-0.8 26:-6.9,20,0.23625,0.21503
US100/US30,us_index_pairs,D1,2019-12-26,37,-0.51701,-1.4062,0.45946,-0.73262,-0.26335,20,17,2/8,-2.6736,2019,-0.32656,False,False,-0.08655,-0.32656,False,False,-0.9828,-0.42955,0.55324,-4.5454,19:-3.4 20:+2.2 21:-1.7 22:-16.3 23:-8.4 24:+1.6 25:+0.3 26:-10.6,20,0.27027,1.9622
US100/US30,us_index_pairs,H4,2021-10-18,153,-0.41681,-2.4921,0.43137,-0.50606,-0.34728,67,86,1/6,-0.7769,2023,-0.079877,False,False,0.10078,-0.079877,False,False,-0.27067,-0.15506,0.11561,-6.902,21:+1.7 22:-4.8 23:-20.0 24:-7.8 25:+0.2 26:-10.7,20,0.20915,0.79191
US100/US30,us_index_pairs,H1,2021-10-07,611,-0.21514,-2.3592,0.491,-0.23572,-0.19704,286,325,1/6,-0.59756,2024,-0.10002,False,False,-0.014206,-0.10002,False,False,-0.050573,-0.012655,0.037917,-5.15,21:-5.3 22:+3.9 23:-9.9 24:-15.0 25:+8.7 26:-13.2,20,0.22422,0.36217
US100/US2000,us_index_pairs,D1,2018-04-24,49,-0.61115,-1.5497,0.5102,-0.62322,-0.58098,35,14,2/9,-1.9102,2026,-0.3894,False,False,-0.052284,-0.3894,False,False,-0.5237,0.069407,0.5931,-2.8512,18:-2.9 19:-3.6 20:-4.5 21:-5.1 22:+6.3 23:-13.5 24:+5.6 25:+5.6 26:-13.5,20,0.32653,1.7964
US100/US2000,us_index_pairs,H4,2021-10-18,147,-0.18325,-1.0148,0.51701,-0.22013,-0.15482,64,83,3/6,-0.5712,2024,-0.16777,False,False,-0.20028,-0.16777,True,False,-0.13748,0.0065652,0.14404,-3.3682,21:+0.9 22:+3.1 23:-5.2 24:-18.8 25:+11.0 26:-11.2,20,0.31293,0.74812
US100/US2000,us_index_pairs,H1,2021-10-06,610,-0.27013,-2.9583,0.46066,-0.24702,-0.28847,270,340,0/6,-0.61106,2021,-0.16191,False,False,-0.093774,-0.16191,False,False,-0.10092,-0.035035,0.065882,-10.26,21:-8.2 22:-7.0 23:-13.7 24:-19.5 25:-6.9 26:-6.3,20,0.23607,0.38627
US500/US30,us_index_pairs,D1,2019-07-16,41,-0.79561,-1.7845,0.46341,-1.1007,-0.40574,23,18,1/8,-2.0752,2022,-0.62412,False,False,-0.47447,-0.62412,False,False,-0.59131,-0.06672,0.52459,-3.0305,19:+0.5 20:-3.3 21:-3.1 22:-7.6 23:-6.0 24:-0.3 25:+0.3 26:-4.7,20,0.34146,0.8024
US500/US30,us_index_pairs,H4,2021-10-18,162,-0.58924,-3.1529,0.41975,-0.54549,-0.62424,72,90,0/6,-0.94944,2026,-0.29539,False,False,-0.064781,-0.29539,False,False,-0.17251,-0.058721,0.11379,-4.6577,21:-0.7 22:-4.6 23:-5.1 24:-6.9 25:-1.7 26:-8.9,20,0.25926,0.34789
US500/US30,us_index_pairs,H1,2021-10-07,594,-0.43471,-4.4616,0.41919,-0.50397,-0.37377,278,316,0/6,-0.77725,2024,-0.22121,False,False,-0.083408,-0.22121,False,False,-0.056144,-0.015141,0.041004,-5.5583,21:-2.8 22:-11.1 23:-3.5 24:-13.6 25:+1.3 26:-3.6,20,0.23401,0.17346
US500/US2000,us_index_pairs,D1,2018-05-20,47,-0.33073,-1.0476,0.42553,-0.66876,0.2658,30,17,4/9,-1.3564,2020,-0.35917,True,False,-0.45436,-0.35917,True,True,-0.48192,0.095672,0.57759,-2.5167,18:-4.8 19:+1.6 20:-19.9 21:-12.6 22:+3.9 23:-3.9 24:+11.6 25:+8.4 26:-6.9,20,0.34043,1.5055
US500/US2000,us_index_pairs,H4,2021-10-18,156,0.027999,0.16588,0.51282,-0.075335,0.10378,66,90,2/6,-0.38088,2022,-0.27569,True,False,-0.51331,-0.27569,True,True,0.03819,0.18011,0.14192,0.99294,21:-0.8 22:-4.3 23:+3.5 24:-0.0 25:+5.3 26:+2.1,20,0.33333,0.61144
US500/US2000,us_index_pairs,H1,2021-10-06,623,-0.14082,-1.451,0.5008,-0.12067,-0.15694,277,346,2/6,-0.50604,2021,-0.22688,True,False,-0.37205,-0.22688,True,True,-0.04548,0.024472,0.069952,-4.7224,21:-3.6 22:+3.0 23:-9.7 24:-20.7 25:+4.2 26:-1.6,20,0.24719,0.31036
US30/US2000,us_index_pairs,D1,2019-06-06,36,-0.39503,-1.0906,0.41667,-0.68593,0.062115,22,14,2/8,-1.9961,2020,-0.46083,True,False,-0.29803,-0.46083,False,True,-0.34143,0.25868,0.60011,-1.5364,19:-0.5 20:-8.7 21:+3.5 22:-0.3 23:-8.0 24:+4.5 25:-0.5 26:-2.3,20,0.27778,1.7681
US30/US2000,us_index_pairs,H4,2019-03-06,233,-0.22103,-1.5297,0.47639,-0.42334,0.13124,148,85,3/8,-0.88654,2023,-0.17414,False,False,-0.22435,-0.17414,True,False,-0.11228,0.026244,0.13852,-3.2702,19:-0.8 20:-7.1 21:-5.8 22:-9.5 23:-13.6 24:+0.8 25:+4.8 26:+5.0,20,0.30043,0.65457
US30/US2000,us_index_pairs,H1,2019-02-14,961,0.039499,0.55052,0.52029,0.10558,-0.080655,620,341,3/8,-0.1673,2024,-0.18016,True,False,-0.42691,-0.18016,True,True,0.030331,0.08998,0.059649,3.6435,19:+22.7 20:-7.1 21:+9.3 22:+5.3 23:-0.9 24:-7.1 25:+5.2 26:+1.8,20,0.282,0.3433
GER40/EU50,eu_index_pairs,D1,2019-03-20,42,-0.35418,-0.97238,0.45238,0.052687,-0.95252,25,17,4/8,-1.7142,2025,-0.61716,True,False,-0.97473,-0.61716,True,True,-0.35851,0.092976,0.45149,-1.8822,19:-0.0 20:-1.0 21:+2.7 22:-1.6 23:-1.8 24:-7.0 25:-7.8 26:+1.5,20,0.40476,0.76668
GER40/EU50,eu_index_pairs,H4,2022-01-19,138,-0.49976,-2.4362,0.47826,-0.23837,-0.76885,70,68,0/5,-1.2844,2024,-0.48224,False,False,-0.67779,-0.48224,True,False,-0.17214,-0.019589,0.15255,-4.7512,22:-2.6 23:-2.9 24:-10.9 25:-6.3 26:-1.1,20,0.35507,0.27038
GER40/EU50,eu_index_pairs,H1,2022-01-05,505,-0.44782,-4.6868,0.42178,-0.47614,-0.42176,242,263,0/5,-0.56223,2025,-0.58554,True,False,-0.70321,-0.58554,True,True,-0.066085,0.011969,0.078054,-6.6745,22:-8.3 23:-6.9 24:-8.4 25:-7.0 26:-2.8,20,0.31485,0.15057
GER40/FRA40,eu_index_pairs,D1,2019-05-05,41,-0.55775,-1.6506,0.36585,-0.4079,-0.79188,25,16,2/8,-1.2126,2024,-0.4349,False,False,-0.30488,-0.4349,False,False,-0.78802,-0.35331,0.43471,-4.0386,19:-0.8 20:-9.0 21:-0.1 22:-3.5 23:+1.0 24:-11.7 25:-7.8 26:-0.4,20,0.31707,0.97239
GER40/FRA40,eu_index_pairs,H4,2022-01-19,138,-0.37232,-1.8978,0.48551,-0.10104,-0.6002,63,75,2/5,-1.03,2026,-0.37662,True,False,-0.32241,-0.37662,False,True,-0.14399,-0.0040922,0.1399,-3.9741,22:+2.1 23:-3.1 24:-13.4 25:+2.8 26:-8.2,20,0.2971,0.42088
GER40/FRA40,eu_index_pairs,H1,2022-01-06,494,-0.15247,-1.5866,0.5081,-0.22468,-0.086949,235,259,1/5,-0.43181,2023,-0.39198,True,False,-0.45654,-0.39198,True,True,-0.021242,0.037629,0.058871,-2.0987,22:-1.2 23:-6.6 24:-0.7 25:-2.4 26:+0.4,20,0.31174,0.2191
GER40/SPN35,eu_index_pairs,D1,2021-04-12,34,0.018088,0.07527,0.52941,0.25605,-0.24961,18,16,3/6,-0.93733,2026,-0.43227,True,False,-0.71071,-0.43227,True,True,0.04236,0.57154,0.52918,0.24004,21:+0.7 22:+1.1 23:+5.4 24:+3.7 25:-4.6 26:-4.8,20,0.32353,1.6331
GER40/SPN35,eu_index_pairs,H4,2022-01-26,108,-0.31047,-1.6244,0.47222,-0.38305,-0.2524,48,60,2/5,-0.88238,2022,-0.16534,False,False,-0.24688,-0.16534,False,False,-0.26491,-0.073949,0.19096,-5.722,22:-14.7 23:+1.1 24:+0.9 25:-7.2 26:-8.7,20,0.30556,0.70567
GER40/SPN35,eu_index_pairs,H1,2022-01-10,293,-0.14149,-1.2952,0.49488,-0.055704,-0.20711,127,166,1/5,-0.27259,2024,-0.21712,True,False,-0.43616,-0.21712,True,True,-0.034854,0.071771,0.10663,-2.0425,22:+8.1 23:-3.1 24:-7.3 25:-7.2 26:-0.8,20,0.31399,0.39698
GER40/N25,eu_index_pairs,D1,2021-09-08,16,-0.21861,-0.53674,0.375,-0.19509,-0.22645,4,12,2/5,-1.7283,2021,-0.26417,True,False,-0.28304,-0.26417,True,True,-0.48285,-0.080975,0.40188,-1.5451,21:-4.8 22:+3.7 24:-2.7 25:-5.1 26:+1.2,20,0.1875,1.6785
GER40/N25,eu_index_pairs,H4,2022-01-26,66,-0.24188,-0.95354,0.51515,-0.11709,-0.26961,12,54,2/5,-1.1273,2024,-0.45771,True,False,-0.29717,-0.45771,True,True,-0.0692,0.10507,0.17427,-0.91345,22:+3.6 23:-1.0 24:-3.7 25:-6.5 26:+3.0,20,0.37879,0.67734
GER40/N25,eu_index_pairs,H1,2022-01-17,194,-0.28691,-1.9261,0.44845,-0.072173,-0.33418,35,159,1/5,-0.99848,2024,-0.30766,True,False,-0.40737,-0.30766,True,True,-0.13316,-0.015192,0.11797,-5.1667,22:-3.6 23:+0.2 24:-6.9 25:-10.5 26:-4.9,20,0.28351,0.36729
EU50/FRA40,eu_index_pairs,D1,2018-03-25,49,-0.64682,-1.4711,0.38776,-0.48573,-0.97908,33,16,3/9,-1.9627,2024,-0.66512,True,False,-0.97758,-0.66512,True,True,-0.42083,0.048667,0.4695,-2.2912,18:+0.0 19:+0.6 20:-2.8 21:-1.9 22:-3.1 23:-3.4 24:-5.5 25:+0.9 26:-5.5,20,0.34694,0.59285
EU50/FRA40,eu_index_pairs,H4,2021-09-29,145,-0.5082,-2.6679,0.44138,-0.45955,-0.55753,73,72,0/6,-1.2241,2024,-0.64053,True,False,-0.82546,-0.64053,True,True,-0.094886,0.072946,0.16783,-2.2931,21:-2.1 22:-2.6 23:-4.1 24:-7.5 25:+1.9 26:+0.7,20,0.35172,0.27195
EU50/FRA40,eu_index_pairs,H1,2021-09-17,524,-0.66973,-6.4081,0.42176,-0.61245,-0.73698,283,241,0/6,-0.97976,2024,-0.86187,True,False,-1.0238,-0.86187,True,True,-0.073829,0.02662,0.10045,-6.4477,21:-0.4 22:-8.6 23:-8.8 24:-11.2 25:-7.5 26:-2.3,20,0.35496,0.1365
EU50/SPN35,eu_index_pairs,D1,2021-02-11,32,-0.60679,-2.082,0.4375,-0.2018,-1.1987,19,13,1/6,-1.6792,2025,-0.46678,False,False,-0.2797,-0.46678,False,False,-0.71916,-0.13632,0.58284,-3.8355,21:+6.8 22:-9.2 23:-1.2 24:-6.0 25:-11.2 26:-2.2,20,0.25,1.3643
EU50/SPN35,eu_index_pairs,H4,2021-10-22,115,-0.37472,-2.105,0.44348,-0.33956,-0.40696,55,60,3/6,-0.88188,2022,-0.34501,False,False,-0.28228,-0.34501,False,False,-0.24696,-0.038767,0.2082,-4.7335,21:+2.4 22:-16.0 23:+1.4 24:-8.0 25:-10.1 26:+1.9,20,0.33913,0.62175
EU50/SPN35,eu_index_pairs,H1,2021-09-20,305,-0.29622,-2.4616,0.46885,-0.35397,-0.24592,142,163,0/6,-0.83444,2021,-0.33406,True,False,-0.49616,-0.33406,True,True,-0.074767,0.062075,0.13684,-3.8007,21:-7.0 22:-0.1 23:-4.7 24:-8.4 25:-1.8 26:-0.7,20,0.3541,0.3576
EU50/N25,eu_index_pairs,D1,2021-09-15,16,0.12243,0.22968,0.5625,0.56143,-0.077111,5,11,2/5,-0.30137,2021,-0.37563,True,False,-0.88259,-0.37563,True,True,0.25932,0.62614,0.36681,0.82983,21:-0.5 22:+5.2 24:+0.8 25:-0.0 26:-1.3,17.5,0.4375,0.96582
EU50/N25,eu_index_pairs,H4,2021-10-15,75,-0.15423,-0.63619,0.54667,-0.13969,-0.15916,19,56,3/6,-1.3068,2021,-0.37421,True,False,-0.5831,-0.37421,True,True,-0.0092234,0.18171,0.19093,-0.11529,21:-1.3 22:+4.3 23:+0.5 24:+1.5 25:-3.2 26:-2.4,20,0.4,0.55737
EU50/N25,eu_index_pairs,H1,2021-09-20,227,-0.48971,-3.1278,0.44493,-0.37679,-0.52847,58,169,0/6,-0.77985,2024,-0.45178,False,False,-0.57876,-0.45178,True,False,-0.10448,0.032643,0.13713,-3.9529,21:-2.4 22:-0.7 23:-0.4 24:-7.1 25:-11.4 26:-1.8,20,0.29515,0.28665
FRA40/SPN35,eu_index_pairs,D1,2021-02-02,36,-0.55775,-1.8273,0.38889,-0.11169,-1.1153,20,16,0/6,-2.2232,2025,-0.42477,False,False,-0.17072,-0.42477,False,False,-0.76839,-0.23624,0.53215,-4.6103,21:-3.3 22:-1.3 23:+0.9 24:-3.6 25:-16.3 26:-4.1,20,0.30556,1.4644
FRA40/SPN35,eu_index_pairs,H4,2021-10-14,110,-0.19863,-1.0498,0.44545,-0.43556,0.013784,52,58,1/6,-0.80504,2022,-0.33325,True,False,-0.39478,-0.33325,True,True,-0.19215,0.012497,0.20465,-3.5228,21:-4.0 22:-12.0 23:-2.4 24:-1.6 25:-4.4 26:+3.3,20,0.32727,0.70367
FRA40/SPN35,eu_index_pairs,H1,2021-09-27,292,-0.32549,-2.4409,0.4726,-0.21035,-0.41662,129,163,2/6,-0.88044,2024,-0.33657,True,False,-0.30852,-0.33657,False,True,-0.10175,0.014985,0.11673,-4.9518,21:-5.6 22:+0.5 23:-4.3 24:-13.2 25:-7.3 26:+0.0,20,0.30479,0.3789
FRA40/N25,eu_index_pairs,D1,2021-08-19,20,0.031023,0.076774,0.6,-0.46708,0.24449,6,14,3/5,-1.5913,2021,-0.27454,True,False,-0.57486,-0.27454,True,True,0.05046,0.46519,0.41473,0.20184,21:-9.9 22:+6.2 24:+1.5 25:+4.9 26:-1.7,20,0.4,1.4767
FRA40/N25,eu_index_pairs,H4,2021-10-05,67,-0.25085,-1.0467,0.50746,-0.12449,-0.29381,17,50,3/6,-0.74438,2026,-0.36594,True,False,-0.37747,-0.36594,True,True,-0.15612,0.048722,0.20484,-1.7433,21:-2.5 22:+3.4 23:+0.9 24:+3.4 25:-3.2 26:-12.5,20,0.32836,0.66908
FRA40/N25,eu_index_pairs,H1,2021-09-22,219,-0.45208,-3.1577,0.42466,-0.66741,-0.37267,59,160,1/6,-1.1374,2021,-0.39478,False,False,-0.34293,-0.39478,False,False,-0.14011,-0.0089634,0.13115,-5.1141,21:-5.8 22:-4.1 23:-0.4 24:+1.4 25:-15.2 26:-6.6,20,0.25114,0.35367
SPN35/N25,eu_index_pairs,D1,2021-09-15,14,-0.79069,-1.1589,0.42857,0.33779,-1.4176,5,9,3/5,-2.6216,2025,-0.70642,False,False,0.27184,-0.70642,False,False,-0.45073,-0.050297,0.40043,-1.262,21:+3.7 22:+3.1 24:+1.8 25:-16.2 26:+1.3,20,0.28571,1.7904
SPN35/N25,eu_index_pairs,H4,2021-09-27,64,-0.077871,-0.30955,0.51562,0.053356,-0.12161,16,48,3/6,-0.7173,2021,-0.28177,True,False,-0.45245,-0.28177,True,True,-0.17529,0.050242,0.22553,-1.8697,21:-2.0 22:+1.2 23:+0.3 24:+1.5 25:-6.9 26:-5.4,20,0.34375,0.91173
SPN35/N25,eu_index_pairs,H1,2021-09-10,183,-0.49566,-2.8579,0.45902,-0.37894,-0.54324,53,130,2/6,-1.5828,2024,-0.32501,False,False,-0.22463,-0.32501,False,False,-0.15891,0.004482,0.16339,-4.8467,21:-5.2 22:+3.6 23:-2.9 24:-13.5 25:-14.6 26:+3.6,20,0.27869,0.48637
