group,tf,N,year,pick,n,s,ss
crypto,D1,N20,2014,N20_time20,17,18.59,103.2
crypto,D1,N20,2015,N20_chan10,12,21.14,416.6
crypto,D1,N20,2016,N20_time60,12,55.21,1154
crypto,D1,N20,2017,N20_time60,18,283.3,3.495e+04
crypto,D1,N20,2018,N20_chan10,24,-2.107,51.29
crypto,D1,N20,2019,N20_chan10,20,2.118,129.9
crypto,D1,N20,2020,N20_chan10,22,101.5,3936
crypto,D1,N20,2021,N20_chan10,30,5.07,100.3
crypto,D1,N20,2022,N20_chan10,56,-17.65,131.9
crypto,D1,N20,2023,N20_chan10,54,-17.7,273.7
crypto,D1,N20,2024,N20_sma50,55,59.75,2514
crypto,D1,N20,2025,N20_sma50,53,-18.44,109.2
crypto,D1,N20,2026,N20_sma50,45,14.84,158
crypto,D1,N55,2014,N55_chand3,8,12.34,104.8
crypto,D1,N55,2015,N55_chand4,11,15.38,115
crypto,D1,N55,2016,N55_time20,13,17.43,364
crypto,D1,N55,2017,N55_chand4,31,34.3,339.2
crypto,D1,N55,2018,N55_time20,16,2.405,44.47
crypto,D1,N55,2019,N55_chan10,10,6.455,80
crypto,D1,N55,2020,N55_sma50,19,68.25,2748
crypto,D1,N55,2021,N55_chan10,21,-5.803,22.1
crypto,D1,N55,2022,N55_chan10,29,-11.13,56
crypto,D1,N55,2023,N55_sma50,32,-1.263,248.5
crypto,D1,N55,2024,N55_time20,40,50.38,1451
crypto,D1,N55,2025,N55_time60,29,-13.35,202.7
crypto,D1,N55,2026,N55_time60,16,-0.5322,185.2
crypto,H4,N20,2021,N20_sma50,176,25.25,1037
crypto,H4,N20,2022,N20_sma50,315,-27.65,2782
crypto,H4,N20,2023,N20_sma50,287,-9.458,3356
crypto,H4,N20,2024,N20_sma50,304,154.8,1.569e+04
crypto,H4,N20,2025,N20_sma50,358,-98.7,1603
crypto,H4,N20,2026,N20_sma50,315,36.64,3187
crypto,H4,N55,2021,N55_chan10,122,3.842,810.5
crypto,H4,N55,2022,N55_sma50,191,6.623,2551
crypto,H4,N55,2023,N55_time60,135,-25.64,2295
crypto,H4,N55,2024,N55_chan10,196,47.51,3624
crypto,H4,N55,2025,N55_sma50,213,-93.93,1250
crypto,H4,N55,2026,N55_sma50,178,15.23,1531
energy,D1,N20,2020,N20_chand2,12,5.037,44.58
energy,D1,N20,2021,N20_chand2,20,6.078,25.71
energy,D1,N20,2022,N20_time20,15,3.795,52.25
energy,D1,N20,2023,N20_time20,16,-8.72,47.5
energy,D1,N20,2024,N20_time20,17,-16.03,55.73
energy,D1,N20,2025,N20_chand2,34,-9.798,43.91
energy,D1,N20,2026,N20_chand2,20,5.611,17.74
energy,D1,N55,2023,N55_time20,10,-3.797,40.03
energy,D1,N55,2024,N55_time20,8,-9.451,44.88
energy,D1,N55,2025,N55_chand2,20,-8.195,19.67
energy,D1,N55,2026,N55_chand2,14,2.984,14.57
energy,H4,N20,2024,N20_chand2,155,-23.57,99.98
energy,H4,N20,2025,N20_chand2,229,-61.25,191.4
energy,H4,N20,2026,N20_chand2,157,-23.6,310.8
energy,H4,N55,2024,N55_chand2,80,-20.62,47.09
energy,H4,N55,2025,N55_chand2,143,-56.07,120.4
energy,H4,N55,2026,N55_chand2,87,9.853,213.1
forex,D1,N20,2003,N20_time60,70,12.94,525.9
forex,D1,N20,2004,N20_time60,74,-30.15,259.9
forex,D1,N20,2005,N20_time60,79,-53.47,376.1
forex,D1,N20,2006,N20_chand2,210,-20.34,176.5
forex,D1,N20,2007,N20_chand2,209,24,216.2
forex,D1,N20,2008,N20_chand2,285,10.25,323.2
forex,D1,N20,2009,N20_sma50,163,-25.36,421.7
forex,D1,N20,2010,N20_sma50,193,-56.01,239.3
forex,D1,N20,2011,N20_sma50,223,-89.71,274.6
forex,D1,N20,2012,N20_chand2,261,44.97,392
forex,D1,N20,2013,N20_chand2,311,-33.61,306.1
forex,D1,N20,2014,N20_time20,229,-77.59,695.4
forex,D1,N20,2015,N20_chand2,280,26.82,345.1
forex,D1,N20,2016,N20_chand2,307,-56.37,200.3
forex,D1,N20,2017,N20_chand2,301,-13.97,243
forex,D1,N20,2018,N20_chand2,312,-5.396,282.6
forex,D1,N20,2019,N20_chand2,301,-52.4,212.4
forex,D1,N20,2020,N20_chand2,293,10.35,294.2
forex,D1,N20,2021,N20_chand2,306,-46.2,228.6
forex,D1,N20,2022,N20_chand2,316,-3.618,341.9
forex,D1,N20,2023,N20_chand2,295,-42.97,171.2
forex,D1,N20,2024,N20_chand2,314,-1.751,260.2
forex,D1,N20,2025,N20_chand2,305,-89.78,216.1
forex,D1,N20,2026,N20_chand2,250,-45.82,181.3
forex,D1,N55,2003,N55_time60,58,31.93,410.5
forex,D1,N55,2004,N55_time60,65,-44.76,185.1
forex,D1,N55,2005,N55_time60,63,-31.18,254.3
forex,D1,N55,2006,N55_chand2,121,-13.32,115
forex,D1,N55,2007,N55_chand2,142,-2.088,118.2
forex,D1,N55,2008,N55_chand2,194,8.396,194.7
forex,D1,N55,2009,N55_time60,74,4.31,267
forex,D1,N55,2010,N55_time60,90,-21.77,444.5
forex,D1,N55,2011,N55_time60,77,-53.36,511
forex,D1,N55,2012,N55_chand2,167,29.16,276.7
forex,D1,N55,2013,N55_chand2,204,-9.658,215.1
forex,D1,N55,2014,N55_chand3,120,14.58,414
forex,D1,N55,2015,N55_sma50,107,-25.82,471
forex,D1,N55,2016,N55_chand2,168,-31.79,109.9
forex,D1,N55,2017,N55_chand2,165,-27.22,119.8
forex,D1,N55,2018,N55_chand2,195,-21.68,143.8
forex,D1,N55,2019,N55_chand2,167,-30.77,130.5
forex,D1,N55,2020,N55_chand2,187,19.16,205.1
forex,D1,N55,2021,N55_chand2,182,-29.66,152.8
forex,D1,N55,2022,N55_chand2,194,3.248,201.8
forex,D1,N55,2023,N55_chand2,169,-42.75,80.05
forex,D1,N55,2024,N55_chand2,190,-19.15,141.1
forex,D1,N55,2025,N55_chand2,182,-49.58,138.7
forex,D1,N55,2026,N55_chand2,140,-35.59,82.95
forex,H4,N20,2018,N20_chand2,1848,-129.4,1727
forex,H4,N20,2019,N20_chand2,1676,-139.1,1619
forex,H4,N20,2020,N20_chand2,1834,-26.32,1877
forex,H4,N20,2021,N20_chand2,1869,-168.2,1956
forex,H4,N20,2022,N20_chand2,1899,-98.62,2126
forex,H4,N20,2023,N20_time20,1406,-225.7,3166
forex,H4,N20,2024,N20_chand2,1802,-69.34,1934
forex,H4,N20,2025,N20_time20,1382,-306.2,2992
forex,H4,N20,2026,N20_time20,1069,-116.4,3120
forex,H4,N55,2018,N55_time20,983,-109.9,2438
forex,H4,N55,2019,N55_chand2,1020,-144,841.1
forex,H4,N55,2020,N55_chand2,1014,30.59,1188
forex,H4,N55,2021,N55_chand2,1122,-109.7,1123
forex,H4,N55,2022,N55_chand2,1105,28.28,1429
forex,H4,N55,2023,N55_chand2,1095,-106,1040
forex,H4,N55,2024,N55_chand3,818,28.23,2087
forex,H4,N55,2025,N55_time20,923,-348.4,2118
forex,H4,N55,2026,N55_chand2,861,-108.8,630.9
index,D1,N20,2021,N20_chand4,21,-12.21,55.71
index,D1,N20,2022,N20_chand4,44,-20.63,124.3
index,D1,N20,2023,N20_chand4,24,5.197,124.8
index,D1,N20,2024,N20_chand2,95,-17.33,96.75
index,D1,N20,2025,N20_chand2,101,-4.897,102.9
index,D1,N20,2026,N20_chand4,31,-14.17,46.27
index,D1,N55,2021,N55_chan10,35,-11.69,38.1
index,D1,N55,2022,N55_chan10,35,-20.57,39.62
index,D1,N55,2023,N55_chand2,54,-7.993,32.23
index,D1,N55,2024,N55_chand2,45,11.13,68.28
index,D1,N55,2025,N55_chand2,82,-17.73,45.15
index,D1,N55,2026,N55_time20,46,-21.08,92.82
index,H4,N20,2022,N20_chand4,226,-26.76,682.2
index,H4,N20,2023,N20_chand3,365,11.32,1095
index,H4,N20,2024,N20_chand3,376,-42.47,841.1
index,H4,N20,2025,N20_chand2,566,-31.24,651.5
index,H4,N20,2026,N20_chand3,328,-98.58,486.3
index,H4,N55,2022,N55_chand2,326,-18.58,319.1
index,H4,N55,2023,N55_sma50,198,-51.85,851.2
index,H4,N55,2024,N55_time20,271,-46.86,781.1
index,H4,N55,2025,N55_chand2,361,-23.86,435.9
index,H4,N55,2026,N55_chand2,268,-48.36,154.7
metal,D1,N20,2008,N20_chand2,12,0.8782,10.72
metal,D1,N20,2009,N20_chand2,22,-0.2168,19.58
metal,D1,N20,2010,N20_chand2,20,3.598,60.34
metal,D1,N20,2011,N20_chand2,23,6.681,32.7
metal,D1,N20,2012,N20_chand2,17,7.227,26.37
metal,D1,N20,2013,N20_sma50,10,4.125,63.18
metal,D1,N20,2014,N20_chan10,14,1.542,35.27
metal,D1,N20,2015,N20_chan10,26,-7.072,33.41
metal,D1,N20,2016,N20_chand2,35,0.5518,32.32
metal,D1,N20,2017,N20_chand2,52,-13.29,27.08
metal,D1,N20,2018,N20_chand2,38,4.689,38.32
metal,D1,N20,2019,N20_chand2,44,-3.82,41.34
metal,D1,N20,2020,N20_chand2,41,4.41,67.73
metal,D1,N20,2021,N20_sma50,26,-10.47,29.1
metal,D1,N20,2022,N20_time20,35,-5.473,49.35
metal,D1,N20,2023,N20_time60,14,-13.95,44.89
metal,D1,N20,2024,N20_chand2,47,-11.14,29.98
metal,D1,N20,2025,N20_chand2,62,12.8,98.68
metal,D1,N20,2026,N20_time60,14,0.4516,14.05
metal,D1,N55,2011,N55_chand2,15,2.447,29.34
metal,D1,N55,2012,N55_chand2,11,2.044,15.49
metal,D1,N55,2013,N55_chand2,13,2.811,12.1
metal,D1,N55,2014,N55_chand2,11,2.835,11.08
metal,D1,N55,2015,N55_chand2,18,-3.881,10.48
metal,D1,N55,2016,N55_chand2,22,2.506,27.26
metal,D1,N55,2017,N55_chand2,24,-7.236,10.87
metal,D1,N55,2018,N55_chand2,27,2.292,21.98
metal,D1,N55,2019,N55_chand2,26,-2.14,20.56
metal,D1,N55,2020,N55_chand2,25,11.36,58.64
metal,D1,N55,2021,N55_sma50,16,-10.53,29.74
metal,D1,N55,2022,N55_sma50,19,-6.749,23.18
metal,D1,N55,2023,N55_chand2,28,-6.035,12.6
metal,D1,N55,2024,N55_chand2,23,-3.017,13.78
metal,D1,N55,2025,N55_chand2,43,14.54,78.77
metal,D1,N55,2026,N55_time60,9,-9.501,18.65
metal,H4,N20,2018,N20_chand4,125,-30.66,471.3
metal,H4,N20,2019,N20_chand4,129,-8.743,689
metal,H4,N20,2020,N20_chand4,113,17.14,774.2
metal,H4,N20,2021,N20_time20,190,-59.41,459.4
metal,H4,N20,2022,N20_chan10,172,-35.32,543.1
metal,H4,N20,2023,N20_chan10,163,-15.93,480.5
metal,H4,N20,2024,N20_chand4,126,-7.963,467.6
metal,H4,N20,2025,N20_time20,233,20.21,777.1
metal,H4,N20,2026,N20_time20,191,-31.87,486.6
metal,H4,N55,2018,N55_chand4,80,-8.826,282.5
metal,H4,N55,2019,N55_chand4,89,3.411,484.8
metal,H4,N55,2020,N55_chand4,85,14.47,559.8
metal,H4,N55,2021,N55_chand3,112,-28.49,186.6
metal,H4,N55,2022,N55_chan10,101,-9.896,309
metal,H4,N55,2023,N55_chan10,118,-14.32,325.3
metal,H4,N55,2024,N55_chand3,127,-28.75,282.7
metal,H4,N55,2025,N55_time20,164,19.21,461.6
metal,H4,N55,2026,N55_time20,108,-19.58,356.1
soft,D1,N20,2026,N20_time60,22,-7.205,168.5
soft,D1,N55,2026,N55_sma50,23,-3.834,91.35
soft,H4,N20,2026,N20_time20,211,-83,878.5
soft,H4,N55,2026,N55_sma50,93,2.944,524.8
stock,D1,N20,2010,N20_sma50,12,6.93,60.88
stock,D1,N20,2011,N20_sma50,12,5.171,123.1
stock,D1,N20,2012,N20_sma50,11,3.307,55.44
stock,D1,N20,2013,N20_sma50,12,-0.8282,29.22
stock,D1,N20,2014,N20_time20,16,-1.375,15.04
stock,D1,N20,2015,N20_time20,14,7.006,19.69
stock,D1,N20,2016,N20_time20,16,-7.869,45.07
stock,D1,N20,2017,N20_chand4,5,-2.002,5.961
stock,D1,N20,2018,N20_time20,17,-5.239,42.65
stock,D1,N20,2019,N20_chand3,10,1.212,17.83
stock,D1,N20,2020,N20_time20,90,10.52,264.6
stock,D1,N20,2021,N20_chand4,183,-67.81,664.3
stock,D1,N20,2022,N20_chand2,347,-23.32,408.5
stock,D1,N20,2023,N20_chand2,339,-21.75,474.9
stock,D1,N20,2024,N20_chand2,360,-5.038,476
stock,D1,N20,2025,N20_chand2,355,-71.6,429.5
stock,D1,N20,2026,N20_chand4,136,10.86,661.5
stock,D1,N55,2010,N55_chand2,12,0.7436,11.27
stock,D1,N55,2011,N55_time20,7,-5.187,43.02
stock,D1,N55,2012,N55_chand2,12,8.567,16.15
stock,D1,N55,2013,N55_chand2,14,-0.1638,8.878
stock,D1,N55,2014,N55_time20,11,1.981,13.71
stock,D1,N55,2015,N55_time20,10,2.285,11.57
stock,D1,N55,2016,N55_time20,9,-5.954,29.04
stock,D1,N55,2017,N55_time20,13,11.94,50.87
stock,D1,N55,2018,N55_time20,16,-8.362,53.67
stock,D1,N55,2019,N55_chand3,7,3.013,10.45
stock,D1,N55,2020,N55_time20,59,3.551,206.4
stock,D1,N55,2021,N55_chand4,121,-45.32,558.2
stock,D1,N55,2022,N55_chand2,199,-26.11,178.4
stock,D1,N55,2023,N55_chand2,197,-10.3,286.6
stock,D1,N55,2024,N55_chand2,228,7.954,308
stock,D1,N55,2025,N55_chand2,212,-38.5,245.9
stock,D1,N55,2026,N55_chand4,101,-6.812,444.4
stock,H4,N20,2018,N20_time20,33,-4.272,90.88
stock,H4,N20,2019,N20_time20,19,-2.989,90.49
stock,H4,N20,2020,N20_time60,10,1.4,89.92
stock,H4,N20,2021,N20_chand4,228,-20.98,1119
stock,H4,N20,2022,N20_sma50,373,-36.76,1324
stock,H4,N20,2023,N20_chan10,418,-25.79,1771
stock,H4,N20,2024,N20_sma50,372,10.07,2714
stock,H4,N20,2025,N20_chan10,464,-105.6,2366
stock,H4,N20,2026,N20_sma50,293,-6.71,1827
stock,H4,N55,2018,N55_chand4,21,-16.7,78.47
stock,H4,N55,2019,N55_chand3,17,-0.9228,35.34
stock,H4,N55,2020,N55_chand3,12,4.063,63.47
stock,H4,N55,2021,N55_chand3,181,-32.12,432.8
stock,H4,N55,2022,N55_chan10,280,-46.97,815
stock,H4,N55,2023,N55_chan10,270,-34.79,1286
stock,H4,N55,2024,N55_chand2,433,10.55,630.2
stock,H4,N55,2025,N55_time20,335,-81.16,1481
stock,H4,N55,2026,N55_time20,280,-53.45,1308
us_index,D1,N20,2021,N20_chand4,6,-6.997,10.59
us_index,D1,N20,2022,N20_chand4,26,-8.121,34.71
us_index,D1,N20,2023,N20_chand4,12,5.159,52.86
us_index,D1,N20,2024,N20_chand2,47,-8.753,23.86
us_index,D1,N20,2025,N20_chand2,31,1.462,29.13
us_index,D1,N20,2026,N20_chand4,7,3.387,12.67
us_index,D1,N55,2021,N55_time20,25,-2.043,37.69
us_index,D1,N55,2022,N55_time20,24,-17.97,29.39
us_index,D1,N55,2023,N55_time20,26,-1.19,69.45
us_index,D1,N55,2024,N55_chand2,29,-4.804,16.98
us_index,D1,N55,2025,N55_chand2,38,-10.02,21.9
us_index,D1,N55,2026,N55_chand4,11,-1.287,17.6
us_index,H4,N20,2021,N20_chand4,53,-21.69,145
us_index,H4,N20,2022,N20_chand4,150,-36.71,411.4
us_index,H4,N20,2023,N20_sma50,146,12.97,680
us_index,H4,N20,2024,N20_chand3,179,37.8,524.5
us_index,H4,N20,2025,N20_chand3,76,4.14,178.8
us_index,H4,N20,2026,N20_chand3,125,-29.92,347.4
us_index,H4,N55,2021,N55_chand4,62,-15.97,167.5
us_index,H4,N55,2022,N55_chand4,104,-18.3,313.9
us_index,H4,N55,2023,N55_sma50,88,35,493
us_index,H4,N55,2024,N55_sma50,91,-3.827,255.4
us_index,H4,N55,2025,N55_chand3,122,-31.41,217.3
us_index,H4,N55,2026,N55_time20,108,-26.26,225.6
