idea,sym,group,tf,cell,exit_bars,primary,n,first,last,per_yr,mean,t,win,coin,longs,shorts,n_is,mean_is,n_oos,mean_oos,worst_year,yrs_pos,years,last60,sumR,sumR2,sumC,beats_coin,candidate,hit,rr_med,bridge
#44 value-area,US100.cash,us_index,ETH,V1,M5,False,404,2021-10-25,2026-10-07,81.616,0.036109,0.61452,0.4901,-0.062393,0.084969,-0.034663,171,0.082762,233,0.0018706,-0.08959,4/6,2021:+0.42 2022:+0.05 2023:+0.04 2024:+0.12 2025:-0.03 2026:-0.09,-0.095941,14.588,562.68,-25.207,True,False,0.38861,1.3275,False
#44 value-area,US100.cash,us_index,ETH,V1 (30-min bridge),M30,False,393,2021-10-25,2026-10-07,79.393,0.06222,0.99436,0.49618,-0.064686,0.093129,0.019061,163,0.15618,230,-0.0043705,-0.13421,5/6,2021:+0.84 2022:+0.08 2023:+0.08 2024:+0.12 2025:+0.01 2026:-0.13,-0.054874,24.453,604.72,-25.422,True,False,0.39186,1.207,True
#44 value-area,US100.cash,us_index,ETH,V2,M5,False,368,2021-10-25,2026-10-05,74.425,0.040296,0.7087,0.49728,-0.058316,0.10021,-0.015232,162,0.098001,206,-0.0050842,-0.034235,5/6,2021:+0.13 2022:+0.11 2023:+0.09 2024:+0.00 2025:+0.02 2026:-0.03,0.0069082,14.829,437.22,-21.46,True,False,0.38859,1.0855,False
#44 value-area,US100.cash,us_index,ETH,V2 (30-min bridge),M30,False,366,2021-10-25,2026-10-05,74.021,-0.016424,-0.29172,0.49727,-0.06321,0.063441,-0.085695,160,0.038267,206,-0.058903,-0.063964,2/6,2021:+0.07 2022:-0.03 2023:+0.09 2024:-0.06 2025:-0.06 2026:-0.06,-0.0021531,-6.0112,423.56,-23.135,True,False,0.37158,1.1025,True
#44 value-area,US100.cash,us_index,ETH,V3,M5,False,332,2021-10-25,2026-10-07,67.07,0.013002,0.27118,0.61446,-0.054225,0.062543,-0.058395,141,0.014082,191,0.012205,-0.12822,4/6,2021:+0.23 2022:+0.06 2023:-0.07 2024:+0.12 2025:+0.02 2026:-0.13,-0.12867,4.3166,252.68,-18.003,True,False,0.56928,0.61819,False
#44 value-area,US100.cash,us_index,ETH,V3 (30-min bridge),M30,False,317,2021-10-25,2026-10-07,64.04,0.0039567,0.079062,0.61199,-0.018547,0.054793,-0.06917,132,0.096071,185,-0.061768,-0.21588,3/6,2021:+0.65 2022:+0.07 2023:-0.01 2024:+0.07 2025:-0.03 2026:-0.22,-0.23899,1.2543,250.89,-5.8793,True,False,0.57413,0.57988,True
#44 value-area,US100.cash,us_index,RTH,V1,M5,False,249,2021-10-29,2026-10-01,50.582,-0.029782,-0.66377,0.60643,-0.11553,-0.019162,-0.042156,115,-0.021587,134,-0.036815,-0.1283,3/6,2021:+0.09 2022:-0.09 2023:+0.03 2024:-0.13 2025:-0.05 2026:+0.13,-0.0076074,-7.4157,124.53,-28.768,True,False,0.49799,0.43599,False
#44 value-area,US100.cash,us_index,RTH,V1 (30-min bridge),M30,False,261,2021-10-29,2026-10-01,53.02,8.5391e-05,0.001892,0.6092,-0.088448,0.030664,-0.038138,123,-0.00050914,138,0.0006153,-0.085874,3/6,2021:-0.07 2022:-0.07 2023:+0.08 2024:-0.09 2025:+0.02 2026:+0.12,0.026031,0.022287,138.23,-23.085,True,False,0.47893,0.51927,True
#44 value-area,US100.cash,us_index,RTH,V2,M5,False,236,2021-10-29,2026-10-08,47.782,-0.0041358,-0.1151,0.60593,-0.033167,-0.0059032,-0.0024561,106,0.040627,130,-0.040635,-0.099898,4/6,2021:+0.04 2022:+0.07 2023:+0.01 2024:-0.10 2025:+0.01 2026:-0.04,-0.056063,-0.97605,71.61,-7.8274,True,False,0.48729,0.36223,False
#44 value-area,US100.cash,us_index,RTH,V2 (30-min bridge),M30,False,240,2021-10-29,2026-10-08,48.592,-0.0034795,-0.10039,0.60833,-0.030604,0.011299,-0.018014,116,-0.00022928,124,-0.00652,-0.17393,3/6,2021:-0.17 2022:+0.01 2023:+0.02 2024:-0.13 2025:+0.11 2026:-0.04,0.027113,-0.83507,68.91,-7.3449,True,False,0.4875,0.35407,True
#44 value-area,US100.cash,us_index,RTH,V3,M5,True,160,2021-11-08,2026-10-01,32.685,0.0013455,0.028831,0.7,-0.10824,-0.017841,0.025397,76,0.03994,84,-0.033573,-0.095716,3/6,2021:+0.18 2022:-0.00 2023:+0.06 2024:-0.05 2025:-0.10 2026:+0.12,-0.04504,0.21529,55.41,-17.319,True,False,0.65625,0.27323,False
#44 value-area,US100.cash,us_index,RTH,V3 (30-min bridge),M30,False,178,2021-11-08,2026-10-01,36.382,0.085488,1.8789,0.74719,-0.080846,0.12254,0.036889,86,0.082403,92,0.088371,0.018753,6/6,2021:+0.30 2022:+0.11 2023:+0.02 2024:+0.11 2025:+0.05 2026:+0.11,0.084951,15.217,66.525,-14.391,True,False,0.7191,0.26561,True
#44 value-area,US500.cash,us_index,ETH,V1,M5,False,435,2021-10-25,2026-10-07,87.878,-0.057739,-1.0336,0.47126,-0.15188,0.02263,-0.16432,183,-0.076129,252,-0.044384,-0.20838,2/6,2021:+0.01 2022:+0.04 2023:-0.21 2024:-0.00 2025:-0.13 2026:-0.01,0.030654,-25.116,590.63,-66.068,True,False,0.4092,1.1759,False
#44 value-area,US500.cash,us_index,ETH,V1 (30-min bridge),M30,False,430,2021-10-25,2026-10-07,86.868,-0.058721,-1.0719,0.46977,-0.16204,0.036871,-0.19023,181,-0.097491,249,-0.030538,-0.38802,1/6,2021:-0.39 2022:-0.11 2023:-0.03 2024:+0.02 2025:-0.11 2026:-0.01,0.16415,-25.25,555.12,-69.678,True,False,0.39767,1.2222,True
#44 value-area,US500.cash,us_index,ETH,V2,M5,False,371,2021-10-25,2026-10-07,74.949,0.012786,0.24845,0.531,-0.059044,0.072281,-0.040334,150,-0.041608,221,0.049705,-0.25869,4/6,2021:-0.26 2022:+0.17 2023:-0.21 2024:+0.01 2025:+0.01 2026:+0.13,0.14044,4.7436,363.62,-21.905,True,False,0.45553,0.88782,False
#44 value-area,US500.cash,us_index,ETH,V2 (30-min bridge),M30,False,369,2021-10-25,2026-10-07,74.545,-0.015149,-0.28779,0.51762,-0.047699,0.098202,-0.1174,152,-0.12438,217,0.06136,-0.34227,2/6,2021:-0.34 2022:-0.05 2023:-0.16 2024:+0.03 2025:-0.02 2026:+0.17,0.19909,-5.5901,376.37,-17.601,True,False,0.43631,0.91249,True
#44 value-area,US500.cash,us_index,ETH,V3,M5,False,350,2021-10-25,2026-10-02,70.903,-0.040514,-0.77027,0.57143,-0.078739,0.036177,-0.13479,147,0.012187,203,-0.078677,-0.2123,3/6,2021:+0.03 2022:+0.09 2023:-0.07 2024:+0.08 2025:-0.21 2026:-0.10,-0.028698,-14.18,338.51,-27.559,True,False,0.57429,0.58918,False
#44 value-area,US500.cash,us_index,ETH,V3 (30-min bridge),M30,False,353,2021-10-25,2026-10-02,71.51,-0.070657,-1.4496,0.57224,-0.067172,-0.0016759,-0.16294,147,-0.021583,206,-0.10568,-0.26759,2/6,2021:-0.27 2022:+0.01 2023:-0.02 2024:+0.09 2025:-0.25 2026:-0.16,-0.096,-24.942,296.99,-23.712,False,False,0.56091,0.63256,True
#44 value-area,US500.cash,us_index,RTH,V1,M5,False,245,2021-10-25,2026-09-25,49.825,0.0095289,0.18497,0.58367,-0.078556,-0.019368,0.046186,114,0.017187,131,0.0028644,-0.072086,2/6,2021:-0.07 2022:+0.06 2023:-0.01 2024:+0.08 2025:-0.04 2026:-0.04,-0.05272,2.3346,158.66,-19.246,True,False,0.49388,0.63098,False
#44 value-area,US500.cash,us_index,RTH,V1 (30-min bridge),M30,False,245,2021-10-25,2026-09-18,50.02,0.040561,0.73346,0.58776,-0.10936,-0.031296,0.13637,113,0.015349,132,0.062143,-0.047442,4/6,2021:+0.16 2022:-0.00 2023:+0.00 2024:+0.18 2025:-0.05 2026:+0.09,0.036007,9.9373,183.22,-26.794,True,False,0.48163,0.6026,True
#44 value-area,US500.cash,us_index,RTH,V2,M5,False,235,2021-10-25,2026-09-24,47.818,0.04446,1.0713,0.63404,-0.06514,-0.0067048,0.089485,110,0.048675,125,0.04075,-0.21342,4/6,2021:-0.21 2022:+0.14 2023:+0.02 2024:-0.03 2025:+0.05 2026:+0.13,0.094048,10.448,95.166,-15.308,True,False,0.54894,0.4424,False
#44 value-area,US500.cash,us_index,RTH,V2 (30-min bridge),M30,False,225,2021-10-25,2026-09-24,45.783,0.043808,1.0501,0.62222,-0.10532,0.032285,0.05389,103,-0.00050343,122,0.081218,-0.32822,4/6,2021:-0.33 2022:+0.15 2023:-0.05 2024:+0.02 2025:+0.07 2026:+0.22,0.10399,9.8567,88.154,-23.698,True,False,0.52889,0.46815,True
#44 value-area,US500.cash,us_index,RTH,V3,M5,False,163,2021-10-27,2026-09-25,33.205,0.0092654,0.1871,0.66258,-0.12228,0.0069971,0.011994,77,0.091602,86,-0.064455,-0.14922,4/6,2021:+0.25 2022:+0.11 2023:+0.03 2024:+0.05 2025:-0.15 2026:-0.12,-0.07015,1.5103,64.77,-19.931,True,False,0.66258,0.30095,False
#44 value-area,US500.cash,us_index,RTH,V3 (30-min bridge),M30,False,169,2021-10-27,2026-09-18,34.562,-0.019847,-0.37278,0.65089,-0.12657,-0.059016,0.034217,74,0.021972,95,-0.052422,-0.1318,3/6,2021:+0.30 2022:-0.09 2023:+0.07 2024:+0.08 2025:-0.13 2026:-0.13,-0.099775,-3.3541,80.545,-21.391,True,False,0.61538,0.33474,True
#44 value-area,US30.cash,us_index,ETH,V1,M5,False,616,2019-03-11,2026-10-07,81.313,0.03873,0.79335,0.4789,-0.06812,0.071221,0.0017254,389,0.05231,227,0.015457,-0.12684,5/8,2019:+0.23 2020:-0.07 2021:+0.07 2022:+0.20 2023:-0.13 2024:+0.08 2025:+0.03 2026:-0.08,-0.05839,23.858,903.77,-41.962,True,False,0.38149,1.181,False
#44 value-area,US30.cash,us_index,ETH,V2,M5,False,549,2019-03-11,2026-09-29,72.679,-0.052891,-1.2421,0.50091,0.010227,-0.023893,-0.078226,368,-0.075747,181,-0.0064209,-0.28268,2/8,2019:-0.10 2020:-0.03 2021:-0.10 2022:-0.02 2023:-0.13 2024:-0.28 2025:+0.12 2026:+0.11,0.068166,-29.037,547.02,5.6144,False,False,0.36248,1.0641,False
#44 value-area,US30.cash,us_index,ETH,V3,M5,False,497,2019-03-11,2026-10-07,65.605,0.042796,1.035,0.62374,-0.050904,0.096246,-0.018257,315,0.054948,182,0.021763,-0.097095,6/8,2019:+0.15 2020:-0.05 2021:+0.11 2022:+0.19 2023:-0.10 2024:+0.01 2025:+0.04 2026:+0.02,-0.043797,21.27,422.4,-25.299,True,False,0.59557,0.53016,False
#44 value-area,US30.cash,us_index,RTH,V1,M5,False,404,2019-03-12,2026-10-05,53.387,-0.10197,-2.9281,0.53713,0.03682,-0.097942,-0.10651,258,-0.076915,146,-0.14624,-0.37263,1/8,2019:-0.02 2020:-0.11 2021:+0.01 2022:-0.19 2023:-0.06 2024:-0.01 2025:-0.13 2026:-0.37,-0.25942,-41.196,201.65,14.875,False,False,0.46782,0.57372,False
#44 value-area,US30.cash,us_index,RTH,V2,M5,False,366,2019-03-18,2026-10-08,48.435,-0.014375,-0.49844,0.62842,-0.0092039,-0.03426,0.0083022,230,-0.028499,136,0.0095116,-0.083237,3/8,2019:-0.07 2020:+0.07 2021:-0.05 2022:-0.08 2023:-0.05 2024:+0.01 2025:-0.00 2026:+0.02,0.036591,-5.2611,111.18,-3.3686,False,False,0.52459,0.39765,False
#44 value-area,US30.cash,us_index,RTH,V3,M5,False,274,2019-03-12,2026-10-05,36.208,-0.076061,-2.0417,0.63869,0.017906,-0.063776,-0.090921,173,-0.045796,101,-0.1279,-0.266,2/8,2019:-0.06 2020:+0.01 2021:-0.08 2022:-0.09 2023:-0.03 2024:+0.08 2025:-0.24 2026:-0.27,-0.23386,-20.841,105.4,4.9062,False,False,0.58759,0.36086,False
#44 value-area,GER40.cash,index,ETH,V1,M5,False,462,2022-01-27,2026-09-29,98.971,-0.07825,-1.4243,0.43723,-0.075257,-0.032828,-0.1357,188,-0.054056,274,-0.094851,-0.21805,1/5,2022:-0.13 2023:+0.02 2024:-0.22 2025:-0.00 2026:-0.07,6.2118e-05,-36.152,645.7,-34.769,False,False,0.35714,1.3146,False
#44 value-area,GER40.cash,index,ETH,V2,M5,False,271,2022-02-02,2026-10-06,58.02,-0.22975,-4.0661,0.44649,0.095694,-0.13842,-0.29311,110,-0.30835,161,-0.17604,-0.51164,0/5,2022:-0.11 2023:-0.51 2024:-0.28 2025:-0.14 2026:-0.10,-0.10069,-62.261,247.9,25.933,False,False,0.33579,0.99037,False
#44 value-area,GER40.cash,index,ETH,V3,M5,False,388,2022-01-27,2026-09-29,83.118,-0.070886,-1.5283,0.55928,-0.1051,-0.038425,-0.11165,156,-0.002797,232,-0.11667,-0.24191,1/5,2022:-0.05 2023:+0.05 2024:-0.24 2025:-0.06 2026:-0.05,-0.033349,-27.504,325,-40.778,True,False,0.54381,0.67203,False
#44 value-area,GER40.cash,index,RTH,V1,M5,False,289,2022-01-27,2026-10-05,61.693,-0.036937,-0.77404,0.56055,-0.025756,0.032371,-0.12787,129,-0.12493,160,0.034009,-0.22008,2/5,2022:-0.03 2023:-0.22 2024:-0.05 2025:+0.02 2026:+0.13,0.099576,-10.675,189.92,-7.4436,False,False,0.45329,0.64639,False
#44 value-area,GER40.cash,index,RTH,V2,M5,False,289,2022-01-27,2026-10-05,61.693,0.021075,0.53618,0.59516,0.00084004,0.028541,0.014885,126,-0.1107,163,0.12294,-0.2071,3/5,2022:-0.01 2023:-0.21 2024:+0.08 2025:+0.18 2026:+0.11,0.14229,6.0907,128.72,0.24277,True,False,0.47405,0.48541,False
#44 value-area,GER40.cash,index,RTH,V3,M5,False,205,2022-01-27,2026-10-05,43.762,-0.027005,-0.58348,0.67317,-0.03684,0.072724,-0.1766,85,-0.14733,120,0.058227,-0.19555,2/5,2022:-0.10 2023:-0.20 2024:+0.12 2025:-0.03 2026:+0.11,0.062013,-5.5359,89.728,-7.5523,True,False,0.65366,0.31818,False
#44 value-area,UK100.cash,index,ETH,V1,M5,False,508,2021-10-27,2026-10-07,102.8,-0.17542,-3.3834,0.42913,-0.1636,-0.19733,-0.1519,227,-0.0628,281,-0.2664,-0.39553,1/6,2021:-0.40 2022:+0.04 2023:-0.11 2024:-0.33 2025:-0.27 2026:-0.17,-0.185,-89.113,707.96,-83.107,False,False,0.37598,1.1209,False
#44 value-area,UK100.cash,index,ETH,V2,M5,False,333,2021-10-27,2026-10-06,67.421,-0.15593,-2.555,0.4955,0.15995,-0.13136,-0.17977,140,-0.21843,193,-0.11059,-0.27688,1/6,2021:+0.09 2022:-0.20 2023:-0.28 2024:-0.05 2025:-0.04 2026:-0.27,-0.2785,-51.924,419.86,53.264,False,False,0.37838,0.89941,False
#44 value-area,UK100.cash,index,ETH,V3,M5,False,411,2021-11-03,2026-10-02,83.678,-0.17325,-3.8971,0.51582,-0.15404,-0.20593,-0.13879,186,-0.14095,225,-0.19996,-0.34099,0/6,2021:-0.12 2022:-0.08 2023:-0.21 2024:-0.34 2025:-0.05 2026:-0.20,-0.18175,-71.208,345.4,-63.311,False,False,0.56934,0.55943,False
#44 value-area,UK100.cash,index,RTH,V1,M5,False,332,2021-10-27,2026-10-08,67.107,0.034406,0.75753,0.60241,-0.045294,0.038357,0.030056,145,0.042271,187,0.028308,-0.31912,3/6,2021:-0.32 2022:+0.23 2023:-0.04 2024:-0.03 2025:+0.04 2026:+0.11,0.043219,11.423,227.09,-15.038,True,False,0.49398,0.53949,False
#44 value-area,UK100.cash,index,RTH,V2,M5,False,336,2021-10-25,2026-10-08,67.841,-0.031288,-0.85115,0.58929,-0.022447,-0.047498,-0.0119,147,-0.01127,189,-0.046858,-0.43147,1/6,2021:-0.43 2022:+0.06 2023:-0.00 2024:-0.05 2025:-0.03 2026:-0.07,-0.078645,-10.513,152.43,-7.5422,False,False,0.48512,0.46844,False
#44 value-area,UK100.cash,index,RTH,V3,M5,False,213,2021-11-02,2026-10-08,43.221,-0.0065624,-0.14758,0.64789,-0.11633,-0.030471,0.022029,96,0.023917,117,-0.031571,-0.17818,2/6,2021:-0.18 2022:+0.24 2023:-0.10 2024:-0.09 2025:-0.03 2026:+0.09,0.013847,-1.3978,89.301,-24.777,True,False,0.65258,0.26331,False
#44 value-area,AUS200.cash,index,ETH,V1,M5,False,715,2019-03-11,2026-10-07,94.382,-0.53613,-6.4888,0.41119,-0.46242,-0.47322,-0.60952,445,-0.82413,270,-0.061455,-2.118,1/8,2019:-0.84 2020:-2.12 2021:-0.88 2022:-0.10 2023:-0.23 2024:-0.26 2025:-0.05 2026:+0.15,-0.030336,-383.33,3690.5,-330.63,False,False,0.4042,0.87601,False
#44 value-area,AUS200.cash,index,ETH,V2,M5,False,555,2019-03-13,2026-10-02,73.474,-0.4023,-5.1577,0.43604,-0.35679,-0.30634,-0.49255,343,-0.67698,212,0.042122,-1.4922,3/8,2019:-0.56 2020:-1.49 2021:-0.75 2022:-0.25 2023:-0.25 2024:+0.08 2025:+0.03 2026:+0.02,0.045173,-223.28,1960.4,-198.02,False,False,0.41982,0.65704,False
#44 value-area,AUS200.cash,index,ETH,V3,M5,False,572,2019-03-11,2026-10-07,75.505,-0.55755,-5.9063,0.48252,-0.54972,-0.56016,-0.55457,346,-0.91494,226,-0.010404,-2.4485,1/8,2019:-0.78 2020:-2.45 2021:-0.96 2022:-0.06 2023:-0.12 2024:-0.09 2025:+0.09 2026:-0.03,-0.11956,-318.92,3088.4,-314.44,False,False,0.62413,0.42423,False
#44 value-area,AUS200.cash,index,RTH,V1,M5,False,313,2019-03-19,2026-10-07,41.436,-0.27624,-6.3577,0.41534,-0.25933,-0.24495,-0.3144,184,-0.42463,129,-0.064577,-0.94228,0/8,2019:-0.94 2020:-0.49 2021:-0.61 2022:-0.02 2023:-0.15 2024:-0.11 2025:-0.00 2026:-0.11,-0.067187,-86.462,208.24,-81.17,False,False,0.38019,0.58406,False
#44 value-area,AUS200.cash,index,RTH,V2,M5,False,318,2019-03-19,2026-09-23,42.313,-0.20574,-5.8597,0.38994,-0.22664,-0.16577,-0.24279,197,-0.30761,121,-0.039879,-0.62462,1/8,2019:-0.62 2020:-0.23 2021:-0.52 2022:+0.07 2023:-0.19 2024:-0.06 2025:-0.02 2026:-0.06,-0.022782,-65.424,137.73,-72.073,True,False,0.37107,0.46171,False
#44 value-area,AUS200.cash,index,RTH,V3,M5,False,212,2019-04-15,2026-09-29,28.426,-0.30979,-6.17,0.42925,-0.29108,-0.30794,-0.31194,120,-0.53143,92,-0.020692,-1.1799,1/8,2019:-1.18 2020:-0.71 2021:-0.73 2022:-0.08 2023:-0.11 2024:-0.08 2025:+0.07 2026:-0.08,0.012191,-65.675,133.11,-61.71,False,False,0.56132,0.27798,False
#44 value-area,DXY.cash,index,ETH,V1,M5,False,169,2024-12-18,2026-10-08,93.81,-0.22752,-2.4693,0.40828,-0.2477,-0.22684,-0.22824,0,,169,-0.22752,-1.1815,0/3,2024:-1.18 2025:-0.09 2026:-0.35,-0.38166,-38.45,249.79,-41.861,True,False,0.35503,1.265,False
#44 value-area,DXY.cash,index,ETH,V2,M5,False,125,2024-12-20,2026-09-28,70.675,-0.13379,-1.4555,0.472,-0.20824,-0.0074968,-0.21799,0,,125,-0.13379,-0.91034,1/3,2024:-0.91 2025:-0.28 2026:+0.10,0.013506,-16.724,133.22,-26.03,True,False,0.432,0.96048,False
#44 value-area,DXY.cash,index,ETH,V3,M5,False,139,2024-12-23,2026-10-08,77.748,-0.23309,-2.9101,0.46043,-0.25509,-0.30491,-0.15591,0,,139,-0.23309,-0.84016,0/3,2024:-0.84 2025:-0.19 2026:-0.27,-0.27074,-32.399,130.62,-35.458,True,False,0.53957,0.63478,False
#44 value-area,DXY.cash,index,RTH,V1,M5,False,76,2024-12-26,2026-10-08,42.706,-0.1198,-1.6507,0.51316,-0.2244,-0.098983,-0.13854,0,,76,-0.1198,-2.0682,1/3,2024:-2.07 2025:-0.18 2026:+0.01,-0.066356,-9.105,31.113,-17.055,True,False,0.43421,0.50502,False
#44 value-area,DXY.cash,index,RTH,V2,M5,False,79,2025-01-27,2026-10-02,47.071,-0.11952,-2.4298,0.46835,-0.089612,-0.048082,-0.18916,0,,79,-0.11952,-0.20594,0/2,2025:-0.21 2026:-0.01,-0.096359,-9.4418,16.037,-7.0793,False,False,0.36709,0.35965,False
#44 value-area,DXY.cash,index,RTH,V3,M5,False,51,2024-12-26,2026-10-02,28.925,-0.20021,-2.4468,0.41176,-0.18498,-0.11673,-0.26879,0,,51,-0.20021,-2.0682,0/3,2024:-2.07 2025:-0.21 2026:-0.09,-0.20021,-10.211,19.118,-9.434,False,False,0.52941,0.25681,False
#44 value-area,EU50.cash,index,ETH,V1,M5,False,446,2021-10-13,2026-10-05,89.605,-0.19446,-3.406,0.42601,-0.031078,-0.13387,-0.26194,194,-0.25445,252,-0.14828,-0.68176,1/6,2021:-0.68 2022:-0.19 2023:-0.27 2024:-0.33 2025:+0.03 2026:-0.09,-0.12687,-86.73,663.81,-13.861,False,False,0.36099,1.1431,False
#44 value-area,EU50.cash,index,ETH,V2,M5,False,330,2021-10-06,2026-10-06,66.009,-0.20558,-3.8507,0.48485,-0.13177,-0.16971,-0.23735,132,-0.28871,198,-0.15016,-0.51195,0/6,2021:-0.06 2022:-0.13 2023:-0.51 2024:-0.31 2025:-0.00 2026:-0.12,-0.066874,-67.841,323.4,-43.484,False,False,0.37879,0.86416,False
#44 value-area,EU50.cash,index,ETH,V3,M5,False,355,2021-10-13,2026-10-05,71.322,-0.19222,-3.6205,0.47887,-0.18404,-0.15297,-0.23794,160,-0.15699,195,-0.22113,-0.74188,0/6,2021:-0.74 2022:-0.08 2023:-0.17 2024:-0.40 2025:-0.02 2026:-0.13,-0.13518,-68.239,367.36,-65.334,False,False,0.54366,0.59086,False
#44 value-area,EU50.cash,index,RTH,V1,M5,False,316,2021-10-05,2026-10-05,63.243,-0.062027,-1.2787,0.54114,-0.054764,-0.076587,-0.045709,153,0.014003,163,-0.13339,-0.57759,3/6,2021:-0.58 2022:+0.09 2023:+0.04 2024:-0.33 2025:+0.05 2026:-0.17,-0.13988,-19.601,235.44,-17.305,False,False,0.42089,0.71459,False
#44 value-area,EU50.cash,index,RTH,V2,M5,False,323,2021-10-08,2026-10-08,64.609,-0.032149,-0.87959,0.57895,-0.10438,-0.049928,-0.017484,148,-0.039134,175,-0.026242,-0.30263,2/6,2021:-0.30 2022:+0.09 2023:-0.16 2024:-0.05 2025:-0.05 2026:+0.03,0.05465,-10.384,139.28,-33.715,True,False,0.48297,0.52673,False
#44 value-area,EU50.cash,index,RTH,V3,M5,False,212,2021-10-06,2026-10-05,42.452,-0.075706,-1.6039,0.58019,-0.13155,-0.048782,-0.1053,105,-0.01619,107,-0.13411,-0.45246,3/6,2021:-0.45 2022:+0.05 2023:+0.02 2024:-0.32 2025:+0.08 2026:-0.21,-0.05492,-16.05,100.88,-27.889,True,False,0.62264,0.3798,False
#44 value-area,FRA40.cash,index,ETH,V1,M5,False,482,2021-10-08,2026-10-06,96.519,-0.2338,-4.5627,0.45436,-0.099393,-0.16895,-0.30604,211,-0.28855,271,-0.19117,-0.42031,0/6,2021:-0.00 2022:-0.23 2023:-0.42 2024:-0.34 2025:-0.17 2026:-0.00,-0.089674,-112.69,635.08,-47.907,False,False,0.37344,1.0538,False
#44 value-area,FRA40.cash,index,ETH,V2,M5,False,334,2021-10-06,2026-10-06,66.809,-0.1897,-3.6208,0.52096,-0.091133,-0.082128,-0.29224,139,-0.28976,195,-0.11838,-0.58793,0/6,2021:-0.19 2022:-0.01 2023:-0.59 2024:-0.21 2025:-0.11 2026:-0.01,-0.01288,-63.36,317.31,-30.438,False,False,0.42216,0.76204,False
#44 value-area,FRA40.cash,index,ETH,V3,M5,False,380,2021-10-08,2026-10-06,76.094,-0.26778,-5.988,0.47105,-0.15489,-0.20271,-0.33857,175,-0.28384,205,-0.25407,-0.35367,0/6,2021:-0.11 2022:-0.26 2023:-0.34 2024:-0.35 2025:-0.30 2026:-0.02,-0.064118,-101.76,315.26,-58.858,False,False,0.56842,0.52493,False
#44 value-area,FRA40.cash,index,RTH,V1,M5,False,321,2021-10-19,2026-10-02,64.812,-0.066984,-1.466,0.54829,-0.05172,-0.13602,0.016808,139,0.015429,182,-0.12993,-0.16099,2/6,2021:+0.22 2022:-0.10 2023:+0.12 2024:-0.13 2025:-0.11 2026:-0.16,-0.16712,-21.502,215.91,-16.602,False,False,0.4486,0.69055,False
#44 value-area,FRA40.cash,index,RTH,V2,M5,False,313,2021-10-08,2026-10-08,62.609,-0.021427,-0.5901,0.58786,-0.018467,-0.0031568,-0.039123,148,0.030317,165,-0.067841,-0.16144,2/6,2021:-0.01 2022:+0.08 2023:-0.02 2024:+0.02 2025:-0.08 2026:-0.16,-0.1805,-6.7067,128.9,-5.7801,False,False,0.47604,0.51703,False
#44 value-area,FRA40.cash,index,RTH,V3,M5,False,227,2021-10-27,2026-10-02,46.062,-0.012123,-0.26148,0.65639,-0.096012,-0.045445,0.027993,99,0.043887,128,-0.055443,-0.081637,3/6,2021:+0.14 2022:-0.05 2023:+0.15 2024:-0.07 2025:-0.08 2026:+0.01,-0.034094,-2.7519,110.31,-21.795,True,False,0.67401,0.35127,False
#44 value-area,HK50.cash,index,ETH,V1,M5,False,405,2021-10-13,2026-10-08,81.278,-0.07589,-1.3968,0.52099,-0.040774,-0.08343,-0.069422,194,-0.1543,211,-0.0037956,-0.30082,1/6,2021:-0.30 2022:-0.13 2023:-0.15 2024:-0.03 2025:+0.06 2026:-0.05,-0.10867,-30.736,485.31,-16.513,False,False,0.42716,0.80688,False
#44 value-area,HK50.cash,index,ETH,V2,M5,False,301,2021-10-08,2026-09-30,60.473,-0.11494,-2.3179,0.55482,-0.035435,-0.15768,-0.079713,141,-0.020191,160,-0.19844,-0.32851,1/6,2021:-0.09 2022:+0.05 2023:-0.07 2024:-0.33 2025:-0.07 2026:-0.20,-0.2011,-34.598,226.03,-10.666,False,False,0.42857,0.60763,False
#44 value-area,HK50.cash,index,ETH,V3,M5,False,306,2021-10-13,2026-10-08,61.41,-0.10859,-2.4675,0.5915,-0.11988,-0.113,-0.10488,151,-0.1228,155,-0.094751,-0.26827,0/6,2021:-0.27 2022:-0.08 2023:-0.14 2024:-0.04 2025:-0.14 2026:-0.11,-0.16734,-33.23,184.37,-36.683,True,False,0.62092,0.37464,False
#44 value-area,HK50.cash,index,RTH,V1,M5,False,219,2021-10-18,2026-09-03,44.913,-0.058724,-1.295,0.51142,-0.1021,-0.13929,0.0041602,95,-0.015301,124,-0.091992,-0.14195,1/6,2021:-0.03 2022:+0.00 2023:-0.03 2024:-0.03 2025:-0.14 2026:-0.13,-0.16959,-12.861,98.93,-22.359,True,False,0.379,0.54527,False
#44 value-area,HK50.cash,index,RTH,V2,M5,False,198,2021-10-13,2026-09-30,39.889,-0.040161,-1.0194,0.55556,-0.023166,0.0030135,-0.075414,82,-0.061818,116,-0.024852,-0.10893,2/6,2021:+0.04 2022:-0.11 2023:-0.05 2024:-0.05 2025:+0.01 2026:-0.04,-0.0051932,-7.9519,60.857,-4.587,False,False,0.36364,0.50369,False
#44 value-area,HK50.cash,index,RTH,V3,M5,False,143,2021-10-18,2026-08-18,29.592,-0.087942,-1.6879,0.54545,-0.12377,-0.15344,-0.037805,72,-0.052914,71,-0.12346,-0.23245,1/6,2021:-0.13 2022:-0.06 2023:-0.02 2024:-0.08 2025:-0.23 2026:+0.01,-0.13697,-12.576,56.228,-17.699,True,False,0.54545,0.33425,False
#44 value-area,JP225.cash,index,ETH,V1,M5,False,467,2021-10-06,2026-09-30,93.721,-0.037871,-0.78838,0.51178,-0.12522,-0.067184,-0.0055206,200,0.040628,267,-0.096671,-0.12924,1/6,2021:-0.12 2022:+0.15 2023:-0.03 2024:-0.12 2025:-0.13 2026:-0.03,0.13987,-17.686,502.83,-58.479,True,False,0.43041,0.9843,False
#44 value-area,JP225.cash,index,ETH,V2,M5,False,347,2021-10-06,2026-09-23,69.946,-0.0062069,-0.15699,0.57637,-0.12078,0.011533,-0.018062,157,-0.020118,190,0.0052879,-0.23836,2/6,2021:-0.24 2022:-0.04 2023:+0.07 2024:-0.00 2025:-0.09 2026:+0.11,0.11108,-2.1538,187.68,-41.91,True,False,0.47839,0.62867,False
#44 value-area,JP225.cash,index,ETH,V3,M5,False,381,2021-10-11,2026-09-30,76.672,-0.074491,-1.9445,0.58005,-0.094766,-0.095507,-0.049751,158,-0.049215,223,-0.092399,-0.15018,0/6,2021:-0.10 2022:-0.00 2023:-0.09 2024:-0.15 2025:-0.04 2026:-0.08,-0.08719,-28.381,214.59,-36.106,True,False,0.59843,0.42647,False
#44 value-area,JP225.cash,index,RTH,V1,M5,False,207,2021-10-06,2026-10-07,41.383,-0.004156,-0.089472,0.57488,-0.083198,0.057658,-0.065375,78,0.068487,129,-0.04808,-0.13066,3/6,2021:+0.07 2022:-0.00 2023:+0.13 2024:-0.06 2025:-0.13 2026:+0.08,0.0036749,-0.86029,92.01,-17.222,True,False,0.37681,0.6,False
#44 value-area,JP225.cash,index,RTH,V2,M5,False,234,2021-10-06,2026-10-07,46.781,-0.011502,-0.36599,0.58547,-0.074649,0.036738,-0.046877,101,0.0209,133,-0.036107,-0.14029,3/6,2021:-0.14 2022:+0.02 2023:+0.06 2024:-0.04 2025:-0.08 2026:+0.03,0.013962,-2.6914,53.875,-17.468,True,False,0.40598,0.41341,False
#44 value-area,JP225.cash,index,RTH,V3,M5,False,137,2021-11-02,2026-08-24,28.496,-0.083028,-1.7355,0.59124,-0.034868,-0.055417,-0.11024,51,-0.026245,86,-0.1167,-0.18095,2/6,2021:+0.10 2022:-0.10 2023:+0.04 2024:-0.18 2025:-0.09 2026:-0.08,-0.074014,-11.375,43.591,-4.7769,False,False,0.51825,0.31356,False
#44 value-area,N25.cash,index,ETH,V1,M5,False,286,2021-01-11,2026-10-08,49.839,-0.13955,-2.3705,0.46853,-0.24354,-0.09491,-0.19624,104,-0.13409,182,-0.14267,-0.29193,0/6,2021:-0.09 2022:-0.23 2023:-0.16 2024:-0.05 2025:-0.29 2026:-0.04,-0.024807,-39.911,288.06,-69.652,True,False,0.45105,0.74439,False
#44 value-area,N25.cash,index,ETH,V2,M5,False,264,2021-01-07,2026-09-16,46.403,-0.12152,-2.6197,0.49242,-0.16313,-0.16287,-0.087069,102,-0.072818,162,-0.15219,-0.27021,1/6,2021:-0.06 2022:+0.06 2023:-0.27 2024:-0.16 2025:-0.26 2026:-0.02,-0.0026024,-32.083,153.32,-43.066,True,False,0.44697,0.60037,False
#44 value-area,N25.cash,index,ETH,V3,M5,False,204,2021-01-11,2026-10-08,35.549,-0.18361,-3.2518,0.47059,-0.27786,-0.13604,-0.23818,79,-0.12728,125,-0.21921,-0.32962,0/6,2021:-0.19 2022:-0.06 2023:-0.00 2024:-0.22 2025:-0.33 2026:-0.12,-0.15661,-37.456,138.9,-56.684,True,False,0.60784,0.37967,False
#44 value-area,N25.cash,index,RTH,V1,M5,False,221,2021-01-12,2026-09-23,38.808,-0.20496,-3.5737,0.45701,-0.27097,-0.17665,-0.24541,90,-0.026251,131,-0.32774,-0.49218,1/6,2021:-0.08 2022:+0.23 2023:-0.10 2024:-0.06 2025:-0.49 2026:-0.30,-0.32831,-45.296,169.21,-59.884,True,False,0.44796,0.68779,False
#44 value-area,N25.cash,index,RTH,V2,M5,False,215,2021-01-07,2026-10-08,37.395,-0.13137,-2.9358,0.50233,-0.1535,-0.097133,-0.15848,91,-0.17194,124,-0.1016,-0.34264,2/6,2021:-0.20 2022:-0.10 2023:-0.17 2024:+0.02 2025:-0.34 2026:+0.08,-0.031925,-28.246,95.846,-33.003,True,False,0.44186,0.49673,False
#44 value-area,N25.cash,index,RTH,V3,M5,False,153,2021-01-12,2026-09-23,26.867,-0.23857,-4.1567,0.46405,-0.23937,-0.2372,-0.24074,60,-0.059148,93,-0.35432,-0.55665,1/6,2021:-0.06 2022:+0.05 2023:-0.15 2024:-0.24 2025:-0.56 2026:-0.21,-0.37078,-36.5,85.312,-36.623,True,False,0.61438,0.39228,False
#44 value-area,SPN35.cash,index,ETH,V1,M5,False,355,2021-09-24,2026-09-29,70.816,-0.20126,-4.6421,0.47887,-0.18592,-0.1812,-0.22409,159,-0.2223,196,-0.18418,-0.49263,0/6,2021:-0.49 2022:-0.10 2023:-0.26 2024:-0.28 2025:-0.03 2026:-0.31,-0.21986,-71.446,250.59,-66.002,False,False,0.45352,0.66069,False
#44 value-area,SPN35.cash,index,ETH,V2,M5,False,322,2021-09-28,2026-10-08,64.058,-0.095768,-2.2429,0.54037,-0.11037,-0.085581,-0.10391,147,-0.10938,175,-0.084336,-0.34316,1/6,2021:-0.34 2022:-0.09 2023:-0.08 2024:+0.11 2025:-0.19 2026:-0.15,-0.12576,-30.837,191.39,-35.538,True,False,0.45342,0.54574,False
#44 value-area,SPN35.cash,index,ETH,V3,M5,False,242,2021-09-24,2026-09-28,48.327,-0.17127,-3.5423,0.44628,-0.1918,-0.12183,-0.2306,109,-0.26143,133,-0.097388,-0.30575,1/6,2021:-0.31 2022:-0.24 2023:-0.26 2024:-0.22 2025:-0.09 2026:+0.04,-0.060769,-41.448,143.45,-46.414,True,False,0.6157,0.32857,False
#44 value-area,SPN35.cash,index,RTH,V1,M5,False,301,2021-09-24,2026-10-05,59.88,-0.17143,-3.5529,0.47508,-0.16842,-0.068171,-0.29018,141,-0.19149,160,-0.15375,-0.32405,0/6,2021:-0.25 2022:-0.22 2023:-0.14 2024:-0.17 2025:-0.03 2026:-0.32,-0.27308,-51.601,219.08,-50.695,False,False,0.4485,0.57499,False
#44 value-area,SPN35.cash,index,RTH,V2,M5,False,270,2021-09-24,2026-10-08,53.596,-0.14443,-3.7303,0.52222,-0.11504,-0.13225,-0.15477,120,-0.20328,150,-0.097348,-0.22935,1/6,2021:-0.11 2022:-0.20 2023:-0.23 2024:+0.01 2025:-0.09 2026:-0.21,-0.18188,-38.995,114.51,-31.062,False,False,0.41481,0.49737,False
#44 value-area,SPN35.cash,index,RTH,V3,M5,False,204,2021-09-24,2026-10-05,40.583,-0.1888,-3.8723,0.46078,-0.19596,-0.13169,-0.25973,95,-0.20648,109,-0.1734,-0.32731,0/6,2021:-0.19 2022:-0.33 2023:-0.10 2024:-0.11 2025:-0.13 2026:-0.29,-0.25196,-38.516,105.72,-39.976,True,False,0.65686,0.28866,False
#44 value-area,US2000.cash,us_index,ETH,V1,M5,False,798,2018-02-23,2026-09-30,92.795,-0.10577,-2.3215,0.43734,-0.11948,-0.11664,-0.094406,530,-0.064906,268,-0.18659,-0.35151,1/9,2018:-0.06 2019:-0.01 2020:-0.00 2021:-0.23 2022:-0.11 2023:+0.02 2024:-0.07 2025:-0.17 2026:-0.35,-0.27318,-84.408,1329.2,-95.341,True,False,0.34837,1.2801,False
#44 value-area,US2000.cash,us_index,ETH,V2,M5,False,608,2018-02-14,2026-10-06,70.365,-0.14216,-3.5116,0.46382,-0.025764,-0.1308,-0.15295,435,-0.14622,173,-0.13197,-0.35302,1/9,2018:-0.01 2019:-0.35 2020:+0.02 2021:-0.22 2022:-0.14 2023:-0.18 2024:-0.05 2025:-0.16 2026:-0.16,-0.18625,-86.435,617.15,-15.665,False,False,0.35691,1.0251,False
#44 value-area,US2000.cash,us_index,ETH,V3,M5,False,652,2018-02-23,2026-09-30,75.818,-0.12751,-3.3354,0.51687,-0.089104,-0.14856,-0.10594,434,-0.10076,218,-0.18077,-0.32727,0/9,2018:-0.09 2019:-0.20 2020:-0.13 2021:-0.15 2022:-0.02 2023:-0.01 2024:-0.04 2025:-0.21 2026:-0.33,-0.31413,-83.137,630.92,-58.096,False,False,0.54908,0.62621,False
#44 value-area,US2000.cash,us_index,RTH,V1,M5,False,463,2018-02-22,2026-10-06,53.72,-0.04382,-1.2537,0.55724,0.016365,-0.14858,0.058701,308,-0.0046648,155,-0.12163,-0.27817,4/9,2018:-0.05 2019:-0.12 2020:-0.14 2021:+0.08 2022:+0.07 2023:+0.15 2024:+0.03 2025:-0.28 2026:-0.10,-0.15177,-20.289,262.23,7.5768,False,False,0.4622,0.53307,False
#44 value-area,US2000.cash,us_index,RTH,V2,M5,False,428,2018-02-22,2026-10-06,49.675,-0.012166,-0.43076,0.6028,-0.045831,-0.040144,0.012377,289,0.017186,139,-0.073192,-0.1054,3/9,2018:-0.04 2019:-0.09 2020:+0.01 2021:-0.07 2022:+0.11 2023:+0.18 2024:-0.11 2025:-0.04 2026:-0.07,-0.061045,-5.207,145.84,-19.616,True,False,0.49065,0.40875,False
#44 value-area,US2000.cash,us_index,RTH,V3,M5,False,309,2018-02-27,2026-10-06,35.921,-0.093263,-2.6386,0.589,0.0027872,-0.12882,-0.059279,199,-0.066168,110,-0.14228,-0.35554,2/9,2018:-0.15 2019:-0.15 2020:-0.07 2021:-0.12 2022:-0.04 2023:+0.12 2024:+0.01 2025:-0.36 2026:-0.09,-0.22764,-28.818,121.59,0.86123,False,False,0.59223,0.32112,False
