group,days,start,R_per_year,daily_t,sharpe,pre24,from24,worst_year,worst_yr,max_dd_R,by_year
stock,4969,2007-09-25,0.8821,0.2761,0.06327,-0.1265,6.786,-22.07,2022,50.51,07:+2.1 08:-5.7 09:+6.0 10:-1.2 11:-4.4 12:+4.8 13:+0.8 14:-2.9 15:+2.2 16:-5.0 17:+7.5 18:+2.1 19:+0.9 20:+10.6 21:-7.4 22:-22.1 23:+9.7 24:+23.2 25:-7.8 26:+3.4
crypto,3936,2011-09-09,1.38,0.6195,0.1595,3.284,-7.055,-16.33,2023,52.09,11:+0.8 12:+6.6 13:+22.1 14:+0.3 15:+7.9 16:+2.4 17:+28.4 18:+3.4 19:-13.0 20:+0.1 21:-4.4 22:+2.0 23:-16.3 24:-2.8 25:-10.1 26:-6.7
forex,6820,2000-08-21,-15.79,-3.276,-0.641,-13.97,-31.05,-46.61,2017,434.4,00:+12.0 01:-12.5 02:+3.0 03:+7.2 04:-28.0 05:-23.7 06:-1.2 07:-6.2 08:+8.2 09:-28.4 10:-10.9 11:-13.1 12:-23.0 13:+4.9 14:-12.5 15:+4.3 16:-26.8 17:-46.6 18:-26.9 19:-36.1 20:-11.5 21:-29.9 22:+2.4 23:-31.1 24:-44.8 25:-14.7 26:-26.7
index,2190,2018-05-21,-5.899,-1.517,-0.5237,-6.946,-3.783,-12.16,2019,50.51,18:-2.0 19:-12.2 20:-4.3 21:-6.3 22:-9.9 23:-4.4 24:-5.5 25:+3.1 26:-8.1
soft,868,2023-06-14,1.421,0.4004,0.2196,0.04893,1.692,-8.11,2025,13.82,23:+0.0 24:+14.8 25:-8.1 26:-2.0
energy,2613,2016-10-05,-1.319,-1.007,-0.3182,0.7436,-6.689,-13.4,2025,38.09,16:+0.3 17:+2.1 18:+3.0 19:-3.0 20:-1.1 21:+7.2 22:+5.3 23:-8.4 24:-6.6 25:-13.4 26:+1.4
us_index,2184,2018-05-29,0.2925,0.114,0.0394,-0.4465,1.78,-6.097,2022,15.88,18:-1.4 19:-1.3 20:+5.5 21:-1.7 22:-6.1 23:+2.6 24:+2.3 25:+3.8 26:-1.1
metal,5721,2004-11-05,0.5095,0.4322,0.09231,-0.1241,4.876,-8.93,2017,26.98,04:+0.3 05:-1.7 06:-0.3 07:+1.8 08:-0.7 09:+2.3 10:+4.5 11:+0.3 12:-1.5 13:+8.1 14:-2.6 15:-0.6 16:-0.7 17:-8.9 18:+1.1 19:+8.0 20:+1.8 21:-6.4 22:-1.6 23:-5.7 24:-3.0 25:+17.6 26:-1.1
all,6820,2000-08-21,-16.05,-2.278,-0.4457,-13.98,-33.44,-56.65,2019,440.1,00:+12.0 01:-12.5 02:+3.0 03:+7.2 04:-27.7 05:-25.3 06:-1.5 07:-2.4 08:+1.8 09:-20.1 10:-7.6 11:-16.4 12:-13.1 13:+35.8 14:-17.6 15:+13.8 16:-29.8 17:-17.5 18:-20.7 19:-56.7 20:+1.1 21:-48.9 22:-29.9 23:-53.6 24:-22.4 25:-29.6 26:-40.9
all_ex_crypto,6820,2000-08-21,-16.84,-2.477,-0.4846,-15.71,-26.39,-45.96,2017,461.9,00:+12.0 01:-12.5 02:+3.0 03:+7.2 04:-27.7 05:-25.3 06:-1.5 07:-2.4 08:+1.8 09:-20.1 10:-7.6 11:-17.2 12:-19.7 13:+13.7 14:-18.0 15:+5.9 16:-32.2 17:-46.0 18:-24.0 19:-43.7 20:+0.9 21:-44.5 22:-31.9 23:-37.2 24:-19.6 25:-19.5 26:-34.2
