cell,real,null_avg,p_alone,p_best,skill,n,meanR,null_mean_avg
crypto|D1|N55_time20,4.116,-0.4345,0.004975,0.004975,1.979,364,0.9441,-0.05943
crypto|D1|N55_chand2,3.872,0.3782,0.004975,0.004975,1.735,467,0.2555,0.02548
crypto|D1|N55_chand3,3.361,0.5584,0.004975,0.004975,1.224,355,0.367,0.05813
crypto|D1|N55_chand4,2.85,0.6455,0.00995,0.0398,0.713,272,0.4405,0.1052
crypto|D1|N20_sma50,2.735,1.503,0.004975,0.06965,0.5981,452,2.108,0.7776
crypto|D1|N20_time20,2.705,-1.1,0.004975,0.06965,0.5681,620,0.3976,-0.1357
crypto|D1|N20_chan10,2.589,1.797,0.05473,0.08955,0.452,469,2.211,1.157
crypto|D1|N55_sma50,2.416,1.203,0.004975,0.1542,0.2798,249,4.32,0.9035
crypto|D1|N55_chan10,2.325,1.425,0.04478,0.2239,0.1886,268,4.208,1.29
crypto|D1|N20_chand2,2.2,-0.4381,0.004975,0.3781,0.06384,813,0.1051,-0.01733
crypto|D1|N55_time60,2.173,-0.0338,0.00995,0.4279,0.03594,216,3.386,0.1134
crypto|D1|N20_time60,1.474,-0.3998,0.0199,0.995,-0.663,294,3.353,-0.1415
crypto|H4|N55_sma50,1.198,-2.238,0.00995,1,-0.9384,1246,0.1633,-0.1259
crypto|H4|N55_chan10,1.154,-1.85,0.004975,1,-0.9823,1325,0.1122,-0.1183
us_index|D1|N20_chand4,1.13,-1.741,0.00995,1,-1.007,121,0.1772,-0.251
crypto|H4|N20_sma50,0.6637,-2.495,0.004975,1,-1.473,2124,0.0594,-0.1185
metal|D1|N55_chand2,0.6241,-0.2044,0.2488,1,-1.513,417,0.03213,-0.007975
metal|D1|N20_chand2,0.5984,-0.5541,0.0995,1,-1.538,678,0.02347,-0.02091
crypto|D1|N20_chand4,0.5547,-0.01081,0.2388,1,-1.582,289,0.08049,0.004983
crypto|D1|N20_chand3,0.4597,-0.2352,0.2687,1,-1.677,535,0.03748,-0.01499
metal|D1|N20_time60,0.272,-1.308,0.06468,1,-1.865,233,0.05023,-0.2396
soft|D1|N55_time20,0.2432,-0.9721,0.1095,1,-1.893,109,0.0425,-0.1585
soft|D1|N55_sma50,0.1943,-1.387,0.1443,1,-1.942,81,0.06506,-0.1227
soft|D1|N55_chan10,0.125,-1.009,0.199,1,-2.012,92,0.03957,-0.1247
metal|D1|N20_sma50,-0.03467,0.07439,0.6169,1,-2.171,414,-0.003887,0.01974
soft|D1|N55_chand3,-0.04074,-0.7736,0.2587,1,-2.177,99,-0.006284,-0.1061
crypto|H4|N20_chan10,-0.05609,-2.384,0.02985,1,-2.193,2186,-0.003942,-0.1213
soft|D1|N20_time60,-0.1279,-0.8598,0.2786,1,-2.265,74,-0.07156,-0.3306
metal|D1|N55_time60,-0.1525,-1.388,0.09453,1,-2.289,197,-0.03242,-0.2784
soft|D1|N20_sma50,-0.1573,-2.122,0.08955,1,-2.294,136,-0.03324,-0.1687
metal|D1|N55_sma50,-0.1711,-0.002616,0.6418,1,-2.308,252,-0.02912,0.01986
us_index|D1|N20_time20,-0.1738,-0.4933,0.3632,1,-2.31,297,-0.01647,-0.04817
us_index|D1|N20_chand2,-0.192,-1.105,0.2239,1,-2.329,335,-0.009152,-0.05415
metal|H4|N20_chand4,-0.2478,-2.112,0.04478,1,-2.384,1319,-0.01447,-0.1199
us_index|D1|N20_chand3,-0.3158,-1.585,0.1244,1,-2.452,213,-0.0266,-0.1357
soft|D1|N55_chand4,-0.3239,-1.073,0.2488,1,-2.46,83,-0.07458,-0.211
soft|H4|N55_sma50,-0.4164,-1.626,0.3085,1,-2.553,399,-0.08646,-0.1179
metal|D1|N20_chand3,-0.4528,-1.01,0.3035,1,-2.589,481,-0.03008,-0.06715
soft|D1|N20_chan10,-0.4992,-1.423,0.2338,1,-2.636,150,-0.1041,-0.1482
us_index|H4|N20_chand3,-0.507,-1.142,0.2637,1,-2.644,1102,-0.02442,-0.05087
metal|H4|N55_chand3,-0.5385,-2.092,0.07463,1,-2.675,1222,-0.02412,-0.09528
metal|H4|N55_chan10,-0.5726,-2.349,0.0597,1,-2.709,1106,-0.03662,-0.1154
energy|D1|N55_chand3,-0.6079,-2.392,0.03483,1,-2.745,85,-0.1182,-0.4616
energy|D1|N55_chand2,-0.651,-2.052,0.09453,1,-2.788,119,-0.05925,-0.1904
energy|D1|N20_chand2,-0.6565,-2.441,0.02985,1,-2.793,185,-0.05032,-0.1883
index|D1|N20_chand4,-0.6724,-2.267,0.07463,1,-2.809,264,-0.08316,-0.2379
soft|D1|N55_time60,-0.7083,-0.9168,0.398,1,-2.845,63,-0.5592,-0.419
crypto|H4|N55_time60,-0.7615,-3.04,0.01493,1,-2.898,995,-0.102,-0.3862
metal|D1|N55_chand3,-0.8264,-0.6058,0.602,1,-2.963,330,-0.0647,-0.04696
us_index|D1|N55_time20,-0.8276,-0.1734,0.7512,1,-2.964,209,-0.09388,-0.02261
energy|D1|N20_time20,-0.8363,-2.352,0.0597,1,-2.973,146,-0.1342,-0.3493
soft|D1|N20_chand3,-0.8648,-1.032,0.4478,1,-3.001,156,-0.1066,-0.1202
us_index|D1|N55_chand4,-0.874,-1.488,0.3085,1,-3.011,130,-0.1307,-0.2082
metal|H4|N55_chand4,-0.8846,-1.512,0.2488,1,-3.021,985,-0.0585,-0.1006
energy|D1|N20_chand3,-0.9503,-2.472,0.06468,1,-3.087,129,-0.1426,-0.3961
soft|D1|N20_chand4,-0.9754,-1.397,0.4279,1,-3.112,113,-0.1899,-0.2378
metal|D1|N55_chan10,-1.023,-0.9831,0.5075,1,-3.16,287,-0.1097,-0.07983
energy|D1|N55_chan10,-1.029,-2.264,0.1642,1,-3.165,81,-0.2669,-0.3608
soft|D1|N55_chand2,-1.046,-1.19,0.4577,1,-3.182,140,-0.0839,-0.09618
crypto|H4|N55_time20,-1.054,-4.743,0.004975,1,-3.191,1655,-0.06336,-0.2511
stock|H4|N20_sma50,-1.063,-2.392,0.1194,1,-3.2,2169,-0.05485,-0.07713
us_index|H4|N20_chand4,-1.075,-1.584,0.3333,1,-3.211,691,-0.08065,-0.1131
energy|D1|N55_time20,-1.085,-2.522,0.06965,1,-3.222,101,-0.2354,-0.4522
metal|D1|N20_chand4,-1.105,-1.203,0.4876,1,-3.242,353,-0.1167,-0.1218
us_index|D1|N20_sma50,-1.137,-2.144,0.1791,1,-3.273,212,-0.1103,-0.1396
stock|H4|N55_chan10,-1.154,-1.597,0.3582,1,-3.291,1586,-0.06396,-0.07024
stock|D1|N55_time60,-1.172,-0.5533,0.6965,1,-3.309,646,-0.1481,-0.0721
soft|H4|N55_time60,-1.209,-1.9,0.2289,1,-3.346,310,-0.2332,-0.3467
us_index|D1|N55_sma50,-1.21,-1.532,0.403,1,-3.347,134,-0.1721,-0.1323
stock|H4|N55_sma50,-1.214,-2.102,0.2139,1,-3.351,1363,-0.086,-0.08395
metal|D1|N20_chan10,-1.292,-1.41,0.5124,1,-3.429,456,-0.1072,-0.09208
metal|H4|N55_sma50,-1.354,-3.327,0.02488,1,-3.491,1006,-0.09507,-0.1339
stock|D1|N55_chand4,-1.401,-0.4721,0.8259,1,-3.538,828,-0.1052,-0.03436
stock|H4|N20_chan10,-1.438,-2.205,0.2587,1,-3.574,2480,-0.06346,-0.07822
soft|D1|N20_time20,-1.448,-1.161,0.6119,1,-3.584,163,-0.1957,-0.1559
metal|H4|N20_time20,-1.46,-4.215,0.00995,1,-3.597,2112,-0.05367,-0.1507
energy|D1|N20_chand4,-1.479,-2.766,0.08458,1,-3.616,90,-0.4573,-0.8643
stock|D1|N20_chand4,-1.525,-1.76,0.4229,1,-3.661,1177,-0.09529,-0.1101
stock|D1|N55_time20,-1.543,-0.7306,0.8159,1,-3.679,1189,-0.08667,-0.03932
energy|D1|N20_chan10,-1.549,-2.318,0.3085,1,-3.685,126,-0.3111,-0.3072
metal|D1|N55_time20,-1.557,-1.316,0.5871,1,-3.694,359,-0.1389,-0.1095
crypto|H4|N20_time60,-1.56,-3.5,0.02488,1,-3.697,1224,-0.2013,-0.4
soft|H4|N20_sma50,-1.592,-2.277,0.4925,1,-3.728,685,-0.1957,-0.1496
soft|H4|N55_chand4,-1.592,-2.002,0.3483,1,-3.728,414,-0.1741,-0.2032
metal|D1|N20_time20,-1.637,-1.837,0.4129,1,-3.773,523,-0.1173,-0.1278
energy|D1|N55_sma50,-1.642,-1.839,0.5124,1,-3.778,77,-0.5176,-0.2436
us_index|D1|N55_chand3,-1.663,-1.106,0.7264,1,-3.8,175,-0.1479,-0.1047
metal|H4|N55_time20,-1.669,-3.375,0.0597,1,-3.806,1407,-0.07713,-0.148
metal|H4|N20_chan10,-1.67,-3.201,0.06965,1,-3.807,1767,-0.08091,-0.1259
stock|D1|N55_sma50,-1.704,-1.103,0.7313,1,-3.841,840,-0.1415,-0.05318
us_index|H4|N55_sma50,-1.73,-1.218,0.6667,1,-3.867,639,-0.1539,-0.0623
energy|D1|N55_chand4,-1.74,-2.837,0.1095,1,-3.877,71,-0.5545,-0.9842
us_index|H4|N55_chand3,-1.749,-0.9705,0.7612,1,-3.886,802,-0.0953,-0.0497
stock|D1|N55_chan10,-1.756,-1.701,0.5174,1,-3.892,975,-0.1105,-0.08543
metal|D1|N55_chand4,-1.763,-0.8998,0.8159,1,-3.9,274,-0.2081,-0.1034
us_index|H4|N55_chand4,-1.766,-1.539,0.5522,1,-3.903,622,-0.1349,-0.1153
energy|D1|N20_sma50,-1.79,-1.551,0.6318,1,-3.927,122,-0.4297,-0.1821
index|H4|N20_chand3,-1.828,-3.114,0.1144,1,-3.964,1834,-0.06556,-0.108
stock|H4|N20_chand4,-1.89,-3.048,0.1343,1,-4.027,2080,-0.09218,-0.1454
stock|H4|N55_chand3,-1.933,-2.228,0.3831,1,-4.07,1780,-0.07729,-0.08865
soft|H4|N20_time60,-1.934,-1.937,0.5274,1,-4.071,367,-0.3334,-0.3232
us_index|D1|N55_chand2,-1.935,-0.6636,0.9154,1,-4.072,246,-0.09615,-0.03714
energy|D1|N20_time60,-1.945,-2.591,0.2338,1,-4.082,64,-0.9321,-1.298
stock|D1|N20_time20,-1.949,-1.775,0.5323,1,-4.086,1739,-0.09216,-0.07936
metal|H4|N20_chand3,-1.953,-2.99,0.2189,1,-4.09,1988,-0.07106,-0.1064
stock|H4|N55_chand4,-1.968,-2.012,0.4925,1,-4.105,1425,-0.1165,-0.1169
stock|H4|N20_time20,-1.975,-2.358,0.3433,1,-4.111,2807,-0.07494,-0.08966
us_index|H4|N55_time20,-2.017,-0.9443,0.9055,1,-4.153,949,-0.1172,-0.0539
stock|H4|N20_time60,-2.039,-2.166,0.5124,1,-4.176,1210,-0.2201,-0.2277
stock|D1|N20_chand3,-2.056,-2.379,0.3682,1,-4.193,1666,-0.08184,-0.09321
soft|H4|N20_chand4,-2.119,-2.674,0.3085,1,-4.256,592,-0.1913,-0.2261
soft|H4|N55_time20,-2.173,-2.912,0.2239,1,-4.31,566,-0.1647,-0.2161
stock|D1|N20_time60,-2.185,-1.787,0.6866,1,-4.321,745,-0.2846,-0.2168
metal|H4|N20_sma50,-2.236,-4.349,0.04478,1,-4.373,1650,-0.1094,-0.1385
us_index|H4|N20_sma50,-2.247,-1.771,0.6567,1,-4.384,1026,-0.1422,-0.0719
metal|H4|N55_chand2,-2.27,-4.588,0.0199,1,-4.407,1673,-0.06161,-0.1179
index|H4|N20_chand4,-2.314,-3.125,0.2836,1,-4.451,1281,-0.1218,-0.1661
stock|D1|N55_chand3,-2.323,-0.9433,0.9403,1,-4.46,1072,-0.1118,-0.04627
stock|D1|N55_chand2,-2.329,-1.251,0.8358,1,-4.465,1426,-0.06583,-0.03651
index|D1|N20_time60,-2.364,-1.534,0.806,1,-4.501,247,-0.4517,-0.2699
stock|H4|N55_time20,-2.368,-1.513,0.8159,1,-4.505,1957,-0.1121,-0.06862
us_index|D1|N55_time60,-2.418,-0.4471,0.9851,1,-4.555,108,-0.7438,-0.1428
soft|D1|N20_chand2,-2.438,-1.719,0.7612,1,-4.574,235,-0.15,-0.1079
us_index|D1|N55_chan10,-2.463,-1.496,0.8159,1,-4.6,172,-0.2616,-0.1327
stock|D1|N20_sma50,-2.515,-1.691,0.7662,1,-4.652,1423,-0.137,-0.06419
us_index|H4|N55_time60,-2.559,-0.8457,0.9701,1,-4.695,495,-0.354,-0.1175
energy|D1|N55_time60,-2.564,-2.76,0.3781,1,-4.7,57,-1.391,-1.472
index|D1|N55_time20,-2.575,-0.934,0.9502,1,-4.712,358,-0.2787,-0.08482
soft|H4|N55_chan10,-2.607,-2.683,0.5373,1,-4.744,472,-0.2524,-0.204
index|D1|N20_time20,-2.664,-1.171,0.9154,1,-4.801,564,-0.1936,-0.08144
us_index|D1|N20_chan10,-2.901,-2.443,0.7114,1,-5.037,262,-0.2374,-0.1711
index|H4|N20_sma50,-2.937,-3.888,0.209,1,-5.074,1720,-0.1348,-0.1148
index|D1|N55_chan10,-2.946,-3.235,0.408,1,-5.082,306,-0.2738,-0.2086
stock|H4|N55_chand2,-2.972,-2.245,0.7612,1,-5.108,2393,-0.0687,-0.05351
stock|D1|N20_chan10,-3,-3.022,0.5075,1,-5.136,1566,-0.1495,-0.1184
index|D1|N55_chand4,-3.003,-2.537,0.6468,1,-5.139,263,-0.3211,-0.2622
crypto|H4|N20_time20,-3.004,-6.093,0.004975,1,-5.14,2635,-0.1444,-0.2549
us_index|H4|N20_chand2,-3.007,-1.859,0.8856,1,-5.144,1810,-0.06863,-0.04292
index|H4|N55_chand3,-3.016,-2.558,0.6517,1,-5.152,1308,-0.1269,-0.1047
energy|H4|N55_time60,-3.058,-2.451,0.7413,1,-5.195,239,-0.609,-0.507
stock|H4|N20_chand3,-3.098,-3.591,0.3731,1,-5.235,2900,-0.09662,-0.1112
index|H4|N55_time60,-3.135,-1.709,0.9502,1,-5.271,812,-0.3114,-0.1715
soft|H4|N55_chand3,-3.181,-2.567,0.7214,1,-5.318,537,-0.2111,-0.1733
us_index|D1|N20_time60,-3.288,-0.843,0.995,1,-5.425,124,-0.902,-0.2335
metal|H4|N20_time60,-3.293,-2.589,0.7711,1,-5.43,950,-0.3356,-0.2456
soft|H4|N20_chan10,-3.315,-3.621,0.4428,1,-5.452,744,-0.2467,-0.2214
us_index|H4|N55_chand2,-3.318,-1.58,0.9552,1,-5.454,1120,-0.09456,-0.04604
index|D1|N55_chand3,-3.333,-2.341,0.8507,1,-5.47,327,-0.224,-0.1663
energy|H4|N55_sma50,-3.335,-3.454,0.4975,1,-5.471,321,-0.3972,-0.2153
index|D1|N55_sma50,-3.41,-3.286,0.5323,1,-5.546,267,-0.3801,-0.1976
index|H4|N20_chand2,-3.423,-4,0.2836,1,-5.56,2857,-0.06681,-0.0774
stock|D1|N20_chand2,-3.47,-2.678,0.8109,1,-5.606,2384,-0.07797,-0.06005
us_index|H4|N55_chan10,-3.485,-2.634,0.791,1,-5.621,758,-0.2137,-0.1421
energy|H4|N20_sma50,-3.562,-3.996,0.3831,1,-5.699,521,-0.2867,-0.2034
stock|H4|N20_chand2,-3.637,-3.423,0.6119,1,-5.773,3942,-0.06569,-0.06359
index|H4|N55_sma50,-3.647,-2.913,0.7363,1,-5.783,1077,-0.2391,-0.107
index|D1|N55_chand2,-3.68,-1.919,0.9502,1,-5.817,443,-0.1449,-0.08271
us_index|H4|N20_chan10,-3.686,-3.335,0.6368,1,-5.823,1184,-0.1853,-0.146
crypto|H4|N55_chand4,-3.692,-4.807,0.1393,1,-5.828,1324,-0.2397,-0.3158
us_index|H4|N20_time20,-3.692,-1.316,0.995,1,-5.829,1342,-0.1786,-0.06316
index|H4|N55_chand2,-3.694,-2.905,0.7662,1,-5.83,1786,-0.09091,-0.07133
metal|H4|N55_time60,-3.73,-2.281,0.9204,1,-5.866,794,-0.4017,-0.2371
soft|H4|N20_time20,-3.74,-3.604,0.5373,1,-5.877,831,-0.242,-0.222
index|H4|N55_time20,-3.768,-2.382,0.9055,1,-5.905,1526,-0.1594,-0.101
soft|H4|N55_chand2,-3.793,-4.147,0.3781,1,-5.93,700,-0.1589,-0.1699
index|H4|N20_time60,-3.82,-2.015,0.9552,1,-5.957,944,-0.3582,-0.1875
index|H4|N20_time20,-3.836,-2.907,0.8209,1,-5.973,2169,-0.1364,-0.1029
energy|H4|N55_chan10,-4.06,-3.474,0.6816,1,-6.196,384,-0.4051,-0.2571
us_index|H4|N20_time60,-4.068,-1.018,1,1,-6.204,571,-0.5246,-0.131
soft|H4|N20_chand3,-4.2,-3.494,0.7363,1,-6.337,854,-0.2262,-0.1889
index|H4|N55_chand4,-4.269,-2.842,0.9005,1,-6.406,1053,-0.2362,-0.1663
index|H4|N20_chan10,-4.274,-4.833,0.3284,1,-6.41,1903,-0.1636,-0.1558
crypto|H4|N55_chand3,-4.352,-6.471,0.02985,1,-6.489,1660,-0.1974,-0.3
energy|H4|N20_chand3,-4.424,-5.053,0.3184,1,-6.561,645,-0.2573,-0.2841
energy|H4|N20_chand4,-4.442,-5.023,0.3134,1,-6.578,421,-0.4208,-0.4575
stock|H4|N55_time60,-4.469,-1.536,1,1,-6.605,1036,-0.5329,-0.1749
index|D1|N55_time60,-4.496,-1.225,1,1,-6.633,204,-1.013,-0.239
energy|H4|N55_time20,-4.521,-3.26,0.9104,1,-6.658,444,-0.384,-0.2698
metal|H4|N20_chand2,-4.532,-6.281,0.03483,1,-6.669,2772,-0.09406,-0.1248
energy|H4|N55_chand3,-4.584,-3.914,0.7413,1,-6.72,406,-0.3177,-0.2771
energy|H4|N55_chand2,-4.585,-3.241,0.8905,1,-6.721,542,-0.1979,-0.1404
index|D1|N20_chand2,-4.74,-2.444,0.9851,1,-6.877,750,-0.1492,-0.0821
index|H4|N55_chan10,-4.877,-3.652,0.8607,1,-7.014,1248,-0.2321,-0.1463
index|D1|N20_chand3,-4.994,-3.149,0.9453,1,-7.131,519,-0.274,-0.1757
crypto|H4|N20_chand4,-5.068,-5.56,0.3035,1,-7.205,1851,-0.2804,-0.3069
index|D1|N20_chan10,-5.136,-4.292,0.7512,1,-7.273,531,-0.3195,-0.2111
forex|D1|N55_time60,-5.143,-4.908,0.602,1,-7.279,2048,-0.2982,-0.2715
energy|H4|N20_chan10,-5.206,-4.371,0.7612,1,-7.343,610,-0.3678,-0.2579
energy|H4|N55_chand4,-5.274,-4.09,0.8408,1,-7.411,339,-0.5234,-0.4219
energy|H4|N20_time60,-5.352,-2.707,0.995,1,-7.489,283,-1.109,-0.52
crypto|H4|N55_chand2,-5.4,-8.904,0.004975,1,-7.537,2070,-0.1669,-0.2741
energy|H4|N20_chand2,-5.56,-4.249,0.8806,1,-7.697,912,-0.1804,-0.1429
energy|H4|N20_time20,-5.691,-3.352,1,1,-7.828,653,-0.3923,-0.2276
soft|H4|N20_chand2,-5.94,-5.622,0.6517,1,-8.077,1168,-0.19,-0.178
index|D1|N20_sma50,-5.991,-4.2,0.9055,1,-8.127,492,-0.3696,-0.1864
forex|D1|N20_time60,-6.383,-5.605,0.7811,1,-8.52,2474,-0.3321,-0.2833
forex|H4|N55_time60,-6.441,-4.92,0.9204,1,-8.577,6025,-0.2279,-0.1711
forex|D1|N55_time20,-6.451,-3.991,0.995,1,-8.587,3711,-0.1566,-0.09403
forex|D1|N55_chand2,-6.464,-5.116,0.8856,1,-8.601,4281,-0.09279,-0.07436
forex|D1|N55_sma50,-6.669,-4.758,0.9502,1,-8.806,2726,-0.2513,-0.1004
forex|D1|N20_chand2,-6.724,-6.831,0.4627,1,-8.86,7186,-0.07429,-0.07663
forex|H4|N20_time20,-7.068,-7.266,0.4279,1,-9.205,16278,-0.08766,-0.08808
forex|H4|N55_time20,-7.183,-5.86,0.9104,1,-9.32,11048,-0.1085,-0.08612
crypto|H4|N20_chand3,-7.269,-8.183,0.194,1,-9.405,2695,-0.2617,-0.2971
forex|H4|N55_chand4,-7.278,-7.468,0.4129,1,-9.414,7387,-0.161,-0.1641
forex|H4|N20_time60,-7.281,-5.392,0.9801,1,-9.418,7140,-0.2379,-0.1722
forex|D1|N55_chand3,-7.302,-5.967,0.9055,1,-9.438,3178,-0.1759,-0.1481
forex|D1|N55_chand4,-7.428,-6.554,0.8209,1,-9.565,2473,-0.2629,-0.2412
forex|D1|N20_chand3,-7.463,-7.686,0.4328,1,-9.599,4974,-0.1453,-0.1516
forex|H4|N20_chand4,-7.527,-9.007,0.1194,1,-9.664,10119,-0.1416,-0.1688
forex|H4|N55_chand3,-7.69,-7.24,0.6716,1,-9.826,9444,-0.1145,-0.108
forex|H4|N55_sma50,-7.779,-7.505,0.5721,1,-9.915,7933,-0.1704,-0.09756
forex|D1|N55_chan10,-7.89,-5.807,0.9851,1,-10.03,3050,-0.2302,-0.1347
forex|D1|N20_sma50,-8.198,-6.075,0.9701,1,-10.33,4772,-0.1997,-0.09818
forex|D1|N20_chand4,-8.219,-8.005,0.597,1,-10.36,3314,-0.2537,-0.2527
forex|H4|N55_chan10,-8.219,-6.981,0.8657,1,-10.36,8953,-0.148,-0.1068
forex|D1|N20_time20,-8.326,-5.355,1,1,-10.46,5660,-0.1623,-0.1021
forex|H4|N20_chand3,-9.094,-9.322,0.4229,1,-11.23,15083,-0.1073,-0.1102
forex|H4|N20_sma50,-9.384,-9.494,0.5124,1,-11.52,13216,-0.1451,-0.09633
crypto|H4|N20_chand2,-9.588,-11.53,0.03483,1,-11.72,3613,-0.223,-0.2662
forex|H4|N55_chand2,-9.61,-8.619,0.8209,1,-11.75,12787,-0.08304,-0.07513
forex|D1|N20_chan10,-9.727,-7.91,0.9403,1,-11.86,5030,-0.2106,-0.1428
forex|H4|N20_chan10,-10.08,-8.848,0.8557,1,-12.22,14138,-0.1451,-0.1079
forex|H4|N20_chand2,-12.35,-11.31,0.8358,1,-14.49,21451,-0.08222,-0.07605
