tf,group,n,avgR,t,win,n_base,base,t_base,win_base
M5,crypto,12023,-0.23964492669393556,-15.987204028042704,0.32454462280628793,2365.0,-0.25022619304684396,-8.423115655802379,0.319661733615222
ALL,crypto,26523,-0.16972481934006522,-17.797568064152312,0.3332579270821551,20402.0,-0.15289303455984044,-15.179459343096655,0.3293304577982551
M5,ALL,12023,-0.23964492669393556,-15.987204028042704,0.32454462280628793,2365.0,-0.25022619304684396,-8.423115655802379,0.319661733615222
ALL,ALL,26523,-0.16972481934006522,-17.797568064152312,0.3332579270821551,20402.0,-0.15289303455984044,-15.179459343096655,0.3293304577982551
IS,ALL,12837,-0.15247297521130876,-10.306117154249003,0.33364493261665495,,,,
OOS,ALL,13686,-0.1859064591969149,-15.231703474098916,0.3328949291246529,,,,
M15,crypto,6403,-0.15577422399769117,-8.394506178261345,0.33281274402623773,3785.0,-0.12896288104013906,-5.5180026695997935,0.33659180977542935
M15,ALL,6403,-0.15577422399769117,-8.394506178261345,0.33281274402623773,3785.0,-0.12896288104013906,-5.5180026695997935,0.33659180977542935
M30,crypto,4245,-0.10337259915052689,-4.621874360034107,0.34063604240282686,4675.0,-0.15653467377998506,-7.401895108991401,0.32235294117647056
M30,ALL,4245,-0.10337259915052689,-4.621874360034107,0.34063604240282686,4675.0,-0.15653467377998506,-7.401895108991401,0.32235294117647056
H1,crypto,2753,-0.049323717899436854,-1.7599846121951759,0.35270613875771883,5214.0,-0.12459918170327394,-6.195526637339403,0.32949750671269656
H1,ALL,2753,-0.049323717899436854,-1.7599846121951759,0.35270613875771883,5214.0,-0.12459918170327394,-6.195526637339403,0.32949750671269656
H4,crypto,962,-0.05736116732713448,-1.238391168908054,0.3482328482328482,2589.0,-0.14519747873195296,-5.219693457145909,0.32715334105832367
H4,ALL,962,-0.05736116732713448,-1.238391168908054,0.3482328482328482,2589.0,-0.14519747873195296,-5.219693457145909,0.32715334105832367
D1,crypto,137,0.049987213734994936,0.39602861299323966,0.39416058394160586,1774.0,-0.1589843483865984,-4.77288356597923,0.34780157835400227
D1,ALL,137,0.049987213734994936,0.39602861299323966,0.39416058394160586,1774.0,-0.1589843483865984,-4.77288356597923,0.34780157835400227
