idea,by,group,tf,cells,pos,n,pooled,t,coin,passing,luck
#43,"group x tf, trades below -10R dropped (robustness)",forex,H1,196,0.010204,144354,-0.15579,-41.201,-0.14887,0,4.9
#43,"group x tf, trades below -10R dropped (robustness)",forex,H4,196,0.18367,31430,-0.1263,-16.14,-0.07445,0,4.9
#43,"group x tf, trades below -10R dropped (robustness)",forex,M15,196,0,622241,-0.24795,-135.47,-0.22538,0,4.9
#43,"group x tf, trades below -10R dropped (robustness)",index,H1,70,0.042857,15945,-0.20835,-17.963,-0.15413,0,1.75
#43,"group x tf, trades below -10R dropped (robustness)",index,H4,70,0.21429,3883,-0.12517,-5.2322,-0.064121,0,1.75
#43,"group x tf, trades below -10R dropped (robustness)",index,M15,70,0,67523,-0.27752,-47.761,-0.24882,0,1.75
#43,"group x tf, trades below -10R dropped (robustness)",index,M5,70,0,187983,-0.39406,-111.13,-0.35925,0,1.75
#43,"group x tf, trades below -10R dropped (robustness)",metal,H1,35,0.028571,18983,-0.41373,-37.912,-0.46676,0,0.875
#43,"group x tf, trades below -10R dropped (robustness)",metal,H4,35,0.22857,4457,-0.26328,-12.257,-0.27551,0,0.875
#43,"group x tf, trades below -10R dropped (robustness)",metal,M15,35,0,91535,-0.73733,-136.36,-0.72731,0,0.875
#43,"group x tf, trades below -10R dropped (robustness)",metal,M5,35,0,260825,-0.99303,-292.58,-0.93521,0,0.875
#43,"group x tf, trades below -10R dropped (robustness)",us_index,H1,28,0.14286,12085,-0.089794,-7.0232,-0.041884,0,0.7
#43,"group x tf, trades below -10R dropped (robustness)",us_index,H4,28,0.39286,3002,-0.10646,-4.2678,-0.02695,0,0.7
#43,"group x tf, trades below -10R dropped (robustness)",us_index,M15,28,0,54429,-0.11691,-19.229,-0.086375,0,0.7
#43,"group x tf, trades below -10R dropped (robustness)",us_index,M5,28,0,150584,-0.14476,-39.708,-0.1172,0,0.7
