idea,scope,tf,cell,n,meanR,t,win,pre24,from24,n_pre,n_post,years_pos,worst_year,worst_yr,base,beats_base,candidate,other_days_all,group
holiday,US indices,D1,pre_holiday,319,-0.1854,-4.426,0.3762,-0.1931,-0.1711,207,112,0/9,-0.3098,2023,0.001975,False,False,0.002723,
holiday,stocks,D1,pre_holiday,2082,-0.08283,-4.419,0.438,-0.05151,-0.1294,1245,837,9/20,-0.2286,2026,-0.01056,False,False,-0.01067,
holiday,stocks ex 2nd batch,D1,pre_holiday,1266,-0.05327,-2.128,0.4447,0.01651,-0.182,821,445,11/20,-0.3665,2026,-0.003784,False,False,-0.002751,
holiday,other indices,D1,pre_holiday,325,0.005964,0.1204,0.5292,-0.001589,0.01805,200,125,5/9,-0.3045,2026,-0.03722,True,False,-0.03834,
holiday,US500+US100,D1,pre_holiday,166,-0.1419,-2.388,0.3795,-0.13,-0.1653,110,56,1/9,-0.278,2023,0.0116,False,False,0.01253,
squeeze,all,D1,,169,-0.01634,-0.162,0.3195,-0.02495,0.005373,121,48,7/16,-0.8838,2017,-0.3037,True,False,,crypto
squeeze,all,H1,,2781,-0.8647,-12.79,0.2132,-1.315,-0.2201,1637,1144,0/9,-3.944,2019,-1.022,True,False,,crypto
squeeze,all,H4,,696,-0.4378,-2.931,0.2859,-0.71,-0.06124,404,292,2/9,-3.209,2020,-0.3437,False,False,,crypto
squeeze,all,M15,,11185,-2.058,-19.53,0.1411,-3.054,-0.6304,6588,4597,0/9,-10.93,2019,-2.071,True,False,,crypto
squeeze,all,M30,,5719,-1.511,-17.97,0.1619,-2.25,-0.4256,3403,2316,0/9,-8.039,2019,-1.305,False,False,,crypto
squeeze,all,M5,,33184,-3.79,-24.1,0.0939,-5.822,-1.012,19161,14023,0/9,-21.96,2019,-3.736,False,False,,crypto
squeeze,all,D1,,44,0.03284,0.2421,0.5,0.0435,0.01882,25,19,4/10,-0.8052,2021,-0.2737,True,False,,energy
squeeze,all,H1,,530,-0.3333,-6.673,0.2868,-0.1053,-0.4878,214,316,0/6,-0.9327,2026,-0.2607,False,False,,energy
squeeze,all,H4,,144,-0.2026,-3.294,0.3264,0.04172,-0.3582,56,88,2/6,-0.6664,2026,-0.1296,False,False,,energy
squeeze,all,M15,,1970,-0.9133,-17.28,0.2284,-0.209,-1.418,822,1148,0/6,-2.42,2026,-0.8618,False,False,,energy
squeeze,all,M30,,1063,-0.5468,-10.85,0.2455,-0.1134,-0.8564,443,620,0/6,-1.426,2026,-0.529,False,False,,energy
squeeze,all,M5,,7002,-1.708,-29.49,0.1768,-0.3061,-2.665,2842,4160,0/6,-4.487,2026,-1.716,True,False,,energy
squeeze,all,D1,,1349,-0.0124,-0.6097,0.3706,-0.00427,-0.07643,1197,152,11/27,-0.1807,2008,-0.0737,True,False,,forex
squeeze,all,H1,,14892,-0.1278,-15.52,0.2971,-0.1241,-0.1397,11373,3519,0/12,-0.1989,2019,-0.1082,False,False,,forex
squeeze,all,H4,,3826,-0.08159,-6.436,0.3353,-0.0779,-0.09347,2919,907,1/12,-0.1825,2019,-0.07583,False,False,,forex
squeeze,all,M15,,54510,-0.4375,-85.83,0.206,-0.4208,-0.49,41339,13171,0/12,-0.5863,2026,-0.3184,False,False,,forex
squeeze,all,M30,,29673,-0.2242,-37.95,0.2604,-0.2291,-0.2087,22652,7021,0/12,-0.3264,2019,-0.1678,False,False,,forex
squeeze,all,D1,,136,-0.08205,-1.222,0.3309,-0.04312,-0.143,83,53,4/9,-0.654,2018,0.07623,False,False,,index
squeeze,all,H1,,1788,-0.1393,-5.886,0.3283,-0.2034,-0.07852,870,918,0/8,-1.151,2020,-0.1462,True,False,,index
squeeze,all,H4,,488,-0.09517,-2.842,0.3504,-0.1277,-0.06422,238,250,1/8,-0.2223,2021,-0.07388,False,False,,index
squeeze,all,M15,,6844,-0.4613,-22.98,0.2335,-0.6263,-0.3087,3289,3555,0/8,-2.779,2020,-0.4658,True,False,,index
squeeze,all,M30,,3568,-0.2298,-10.1,0.2727,-0.3091,-0.1559,1722,1846,0/8,-1.77,2020,-0.2294,False,False,,index
squeeze,all,M5,,22534,-0.9135,-58.22,0.1736,-1.192,-0.6548,10861,11673,0/8,-4.414,2020,-0.9072,False,False,,index
squeeze,all,D1,,115,0.04244,0.5794,0.4,0.09995,-0.1756,91,24,11/22,-0.3675,2017,-0.1646,True,False,,metal
squeeze,all,H1,,1949,-0.3512,-13.28,0.2499,-0.3702,-0.3057,1376,573,0/12,-0.6736,2021,-0.377,True,False,,metal
squeeze,all,H4,,483,-0.1943,-5.281,0.2733,-0.2163,-0.144,336,147,1/12,-0.3847,2022,-0.1916,False,False,,metal
squeeze,all,M15,,7107,-1.128,-49.86,0.1446,-1.287,-0.7492,5003,2104,0/12,-1.632,2018,-1.065,False,False,,metal
squeeze,all,M30,,3790,-0.6326,-30.45,0.1905,-0.717,-0.4287,2680,1110,0/12,-0.8919,2021,-0.6061,False,False,,metal
squeeze,all,M5,,23204,-2.247,-76.99,0.09473,-2.607,-1.335,16633,6571,0/12,-3.325,2018,-2.166,False,False,,metal
squeeze,all,D1,,28,-0.2014,-1.247,0.25,,-0.2014,0,28,0/3,-0.3441,2026,-0.001352,False,False,,soft
squeeze,all,H1,,594,-0.4322,-9.867,0.2323,0.02905,-0.5267,101,493,1/4,-0.7456,2025,-0.5542,True,False,,soft
squeeze,all,H4,,178,-0.146,-2.42,0.309,0.0472,-0.1805,27,151,1/4,-0.2235,2025,-0.3301,True,False,,soft
squeeze,all,M15,,2084,-1.392,-26.8,0.1459,-0.09041,-1.66,355,1729,0/4,-2.202,2025,-1.381,False,False,,soft
squeeze,all,M30,,1062,-0.8375,-8.903,0.2006,-0.09499,-0.9993,190,872,0/4,-1.473,2025,-0.8886,True,False,,soft
squeeze,all,M5,,6185,-2.764,-41.14,0.1217,-0.1796,-3.295,1054,5131,0/4,-4.638,2025,-2.741,False,False,,soft
squeeze,all,D1,,364,0.03139,0.6861,0.456,0.1181,-0.1025,221,143,10/19,-0.6084,2011,-0.1016,True,False,,stock
squeeze,all,H1,,2196,-0.03713,-1.849,0.3611,-0.001331,-0.07564,1138,1058,4/12,-0.1761,2020,-0.08154,True,False,,stock
squeeze,all,H4,,588,-0.0458,-1.44,0.415,-0.0186,-0.07138,285,303,2/11,-0.1657,2026,-0.07005,True,False,,stock
squeeze,all,M15,,8263,-0.1752,-11.24,0.3241,-0.137,-0.215,4214,4049,1/12,-0.3239,2016,-0.1725,False,False,,stock
squeeze,all,M30,,3931,-0.04472,-0.6812,0.3317,0.07299,-0.1665,1999,1932,6/12,-0.2239,2021,-0.1562,True,False,,stock
squeeze,all,M5,,24027,-0.3656,-27.96,0.2428,-0.2521,-0.4857,12352,11675,1/12,-0.5747,2026,-0.3913,True,False,,stock
squeeze,all,D1,,66,-0.04965,-0.704,0.4848,-0.06356,-0.02184,44,22,6/9,-0.5567,2021,-0.04651,False,False,,us_index
squeeze,all,H1,,1156,-0.01956,-0.6446,0.3547,-0.01613,-0.0247,693,463,1/9,-0.1988,2019,-0.06099,True,False,,us_index
squeeze,all,H4,,303,-0.06197,-1.731,0.3663,-0.04751,-0.08285,179,124,1/9,-0.1709,2026,-0.01115,False,False,,us_index
squeeze,all,M15,,4092,-0.1727,-11.41,0.281,-0.1571,-0.1939,2358,1734,0/9,-0.4366,2019,-0.2115,True,False,,us_index
squeeze,all,M30,,2310,-0.09342,-3.867,0.3017,-0.08697,-0.1024,1342,968,1/9,-0.1919,2024,-0.1039,True,False,,us_index
squeeze,all,M5,,14430,-0.3476,-49.43,0.2197,-0.3733,-0.3134,8231,6199,0/9,-0.8792,2019,-0.3278,False,False,,us_index
squeeze,ex crypto,D1,,2102,-0.009064,-0.5365,0.3892,0.01492,-0.09941,1661,441,13/27,-0.1599,2008,-0.07617,True,False,,
squeeze,ex crypto,H1,,23105,-0.146,-21.67,0.3026,-0.1351,-0.1695,15765,7340,0/12,-0.2146,2018,-0.1439,False,False,,
squeeze,ex crypto,H4,,6010,-0.09207,-9.219,0.3399,-0.08432,-0.108,4040,1970,0/12,-0.166,2026,-0.08996,False,False,,
squeeze,ex crypto,M15,,84870,-0.4934,-101.2,0.2172,-0.4713,-0.5395,57380,27490,0/12,-0.6832,2019,-0.4122,False,False,,
squeeze,ex crypto,M30,,45397,-0.2585,-32.88,0.262,-0.2476,-0.282,31028,14369,0/12,-0.3758,2017,-0.2303,False,False,,
squeeze,ex crypto,M5,,97382,-1.187,-110.1,0.1756,-1.223,-1.146,51973,45409,0/12,-2.759,2017,-1.169,False,False,,
squeeze,stocks ex 2nd batch,D1,,226,0.03279,0.551,0.4602,0.1209,-0.1344,148,78,9/19,-0.6084,2011,-0.0896,True,False,,
squeeze,stocks ex 2nd batch,H1,,1159,-0.02996,-1.272,0.3753,0.02811,-0.09059,592,567,5/11,-0.1788,2025,-0.08269,True,False,,
squeeze,stocks ex 2nd batch,H4,,321,-0.01154,-0.2455,0.4268,0.006642,-0.02851,155,166,3/11,-0.3283,2021,-0.07325,True,False,,
squeeze,stocks ex 2nd batch,M15,,4373,-0.1421,-7.353,0.338,-0.07509,-0.2099,2201,2172,1/11,-0.3427,2026,-0.1924,True,False,,
squeeze,stocks ex 2nd batch,M30,,2091,-0.05261,-2.318,0.3553,0.05928,-0.1657,1051,1040,7/11,-0.2292,2025,-0.1432,True,False,,
squeeze,stocks ex 2nd batch,M5,,12776,-0.3389,-16.38,0.258,-0.1389,-0.5476,6526,6250,1/11,-0.734,2026,-0.3744,True,False,,
squeeze,all indices,D1,,202,-0.07147,-1.411,0.3812,-0.0502,-0.1075,127,75,3/9,-0.4222,2021,0.03612,False,False,,
squeeze,all indices,H1,,2944,-0.09229,-4.936,0.3387,-0.1204,-0.06048,1563,1381,1/9,-0.537,2020,-0.1128,True,False,,
squeeze,all indices,H4,,791,-0.08245,-3.326,0.3565,-0.09327,-0.0704,417,374,1/9,-0.1955,2021,-0.04985,False,False,,
squeeze,all indices,M15,,10936,-0.3533,-25.52,0.2513,-0.4304,-0.271,5647,5289,0/9,-0.971,2019,-0.3706,True,False,,
squeeze,all indices,M30,,5878,-0.1762,-10.5,0.2841,-0.2118,-0.1375,3064,2814,0/9,-0.5643,2020,-0.1801,True,False,,
squeeze,all indices,M5,,36964,-0.6926,-68.89,0.1916,-0.8388,-0.5364,19092,17872,0/9,-1.673,2020,-0.681,False,False,,
ratio,all,D1,,300,-0.401,-3.193,0.44,-0.1591,-0.6775,160,140,2/9,-0.8146,2025,-0.4896,True,False,,eu_index_pairs
ratio,all,H1,,3236,-0.3819,-9.89,0.4561,-0.3739,-0.3877,1363,1873,0/6,-0.6647,2021,-0.4675,True,False,,eu_index_pairs
ratio,all,H4,,1026,-0.3332,-4.996,0.4776,-0.2862,-0.3664,425,601,0/6,-0.6705,2021,-0.3961,True,False,,eu_index_pairs
ratio,all,D1,,442,-0.5198,-4.375,0.4548,-0.4887,-0.5969,315,127,3/18,-2.55,2010,-0.3644,False,False,,metal_pairs
ratio,all,H1,,8403,-0.7939,-30,0.4072,-0.948,-0.5142,5418,2985,0/12,-1.255,2016,-0.6991,False,False,,metal_pairs
ratio,all,H4,,2131,-0.5157,-9.363,0.4721,-0.617,-0.3316,1375,756,0/12,-1.014,2018,-0.4396,False,False,,metal_pairs
ratio,all,D1,,258,-0.543,-3.651,0.4457,-0.6878,-0.2985,162,96,1/9,-1.299,2026,-0.4644,False,False,,us_index_pairs
ratio,all,H1,,4017,-0.1926,-5.276,0.4827,-0.1488,-0.2367,2015,2002,1/8,-0.4859,2024,-0.1822,False,False,,us_index_pairs
ratio,all,H4,,1007,-0.2927,-4.258,0.4697,-0.3938,-0.1991,484,523,2/8,-0.5669,2023,-0.202,False,False,,us_index_pairs
clenow,all,D1,,338,0.135,1.419,0.3669,0.245,-0.1306,239,99,8/16,-0.4574,2023,0.05854,True,False,,crypto
clenow,all,H1,,5176,-0.3006,-10.9,0.317,-0.5129,-0.01878,2952,2224,1/9,-2.062,2019,-0.4244,True,False,,crypto
clenow,all,H4,,1321,-0.04801,-1.172,0.3505,-0.1203,0.04968,759,562,3/9,-0.3976,2019,-0.2095,True,False,,crypto
clenow,all,D1,,70,-0.1886,-0.9786,0.3429,0.1017,-0.5756,40,30,6/11,-1.144,2025,-0.3898,True,False,,energy
clenow,all,H1,,1248,-0.1968,-5.886,0.3189,-0.05658,-0.2927,507,741,1/6,-0.3658,2026,-0.1717,False,False,,energy
clenow,all,H4,,348,-0.2426,-4.252,0.2874,-0.2029,-0.2703,143,205,1/6,-0.5356,2025,-0.2461,True,False,,energy
clenow,all,D1,,2718,-0.1518,-7.82,0.3212,-0.1426,-0.218,2388,330,7/27,-0.4076,2021,-0.1235,False,False,,forex
clenow,all,H1,,31450,-0.1004,-15.7,0.3301,-0.09329,-0.1229,23893,7557,0/12,-0.1717,2025,-0.08531,False,False,,forex
clenow,all,H4,,7919,-0.08485,-6.755,0.3382,-0.07358,-0.12,5995,1924,3/12,-0.2573,2025,-0.08874,True,False,,forex
clenow,all,D1,,258,-0.1918,-3.384,0.2984,-0.2536,-0.08927,161,97,2/9,-0.572,2019,-0.1297,False,False,,index
clenow,all,H1,,3922,-0.06621,-3.404,0.3442,-0.08947,-0.04477,1881,2041,2/8,-0.5617,2020,-0.08708,True,False,,index
clenow,all,H4,,1072,-0.1089,-3.324,0.334,-0.1122,-0.1062,480,592,0/8,-0.4064,2019,-0.07995,False,False,,index
clenow,all,D1,,255,0.0438,0.5618,0.3961,-0.0242,0.2854,199,56,11/23,-0.5795,2023,-0.04292,True,False,,metal
clenow,all,H1,,4050,-0.1324,-6.649,0.317,-0.1401,-0.1143,2847,1203,2/12,-0.3025,2018,-0.1787,True,False,,metal
clenow,all,H4,,1075,-0.03671,-0.9741,0.3516,-0.05146,-0.003547,744,331,4/12,-0.1954,2021,-0.05393,True,False,,metal
clenow,all,D1,,81,0.05836,0.4328,0.4074,0.1452,0.0475,9,72,2/4,-0.4815,2025,-0.0895,True,False,,soft
clenow,all,H1,,1331,-0.2076,-5.785,0.3103,0.0177,-0.2535,225,1106,1/4,-0.4294,2025,-0.2209,True,False,,soft
clenow,all,H4,,436,-0.07865,-1.275,0.3326,-0.05096,-0.08459,77,359,2/4,-0.2707,2025,-0.1403,True,False,,soft
clenow,all,D1,,828,0.02028,0.4658,0.3659,0.0009557,0.04734,483,345,12/20,-0.5903,2011,0.01855,True,False,,stock
clenow,all,H1,,4985,-0.05528,-2.918,0.3478,-0.02626,-0.08546,2541,2444,6/12,-0.1536,2016,-0.07089,True,False,,stock
clenow,all,H4,,1468,-0.06983,-2.015,0.3236,-0.1011,-0.03911,727,741,3/11,-0.2476,2015,-0.02489,False,False,,stock
clenow,all,D1,,119,0.02057,0.2287,0.437,-0.01303,0.09803,83,36,4/9,-0.3543,2022,-0.0743,True,False,,us_index
clenow,all,H1,,2558,-0.01689,-0.7301,0.3511,0.003752,-0.04565,1489,1069,3/9,-0.1908,2026,-0.05029,True,False,,us_index
clenow,all,H4,,637,-0.02408,-0.5572,0.3705,0.005571,-0.06464,368,269,3/9,-0.2749,2026,-0.01468,False,False,,us_index
clenow,ex crypto,D1,,4329,-0.1017,-6.145,0.338,-0.1134,-0.06066,3363,966,7/27,-0.3781,2004,-0.09428,False,False,,
clenow,ex crypto,H1,,49544,-0.09678,-18.22,0.3322,-0.08633,-0.1184,33383,16161,0/12,-0.1579,2025,-0.09564,False,False,,
clenow,ex crypto,H4,,12955,-0.08218,-8.109,0.3373,-0.07472,-0.09659,8534,4421,2/12,-0.1911,2016,-0.08021,False,False,,
clenow,all incl crypto,D1,,4667,-0.08453,-5.019,0.34,-0.08966,-0.06717,3602,1065,9/27,-0.3781,2004,-0.08321,False,False,,
clenow,all incl crypto,H1,,54720,-0.1161,-21.19,0.3308,-0.121,-0.1063,36335,18385,0/12,-0.3139,2019,-0.1267,True,False,,
clenow,all incl crypto,H4,,14276,-0.07902,-7.944,0.3385,-0.07845,-0.0801,9293,4983,2/12,-0.1911,2016,-0.09217,True,False,,
clenow,stocks ex 2nd batch,D1,,481,0.07531,1.307,0.3867,0.09115,0.04686,309,172,13/20,-0.5903,2011,0.03316,True,False,,
clenow,stocks ex 2nd batch,H1,,2584,-0.05749,-2.212,0.3506,-0.001198,-0.1131,1284,1300,5/11,-0.1536,2016,-0.06643,True,False,,
clenow,stocks ex 2nd batch,H4,,780,-0.07752,-1.66,0.3167,-0.06926,-0.08529,378,402,4/11,-0.2476,2015,0.002015,False,False,,
exitgrid,group,D1,N20_chan10,469,2.211,2.589,0.3731,3.357,0.2682,295,174,12/16,-0.422,2025,0.8069,True,False,,crypto
exitgrid,group,D1,N20_chand2,813,0.1051,2.2,0.3973,0.1407,0.02407,565,248,10/16,-0.2426,2012,-0.01133,True,True,,crypto
exitgrid,group,D1,N20_chand3,535,0.03748,0.4596,0.3813,0.11,-0.1143,362,173,8/16,-0.5626,2018,0.01695,True,False,,crypto
exitgrid,group,D1,N20_chand4,289,0.08049,0.5546,0.3875,0.1563,-0.07685,195,94,6/14,-0.8599,2018,-0.03563,True,False,,crypto
exitgrid,group,D1,N20_sma50,452,2.108,2.735,0.3252,2.999,0.367,299,153,13/16,-0.3551,2022,0.8088,True,False,,crypto
exitgrid,group,D1,N20_time20,620,0.3977,2.705,0.4532,0.5401,0.08715,425,195,10/16,-0.39,2016,-0.2274,True,False,,crypto
exitgrid,group,D1,N20_time60,294,3.353,1.474,0.4524,4.836,-0.007739,204,90,8/16,-2.111,2012,-0.7951,True,False,,crypto
exitgrid,group,D1,N55_chan10,268,4.208,2.325,0.4142,6.403,0.4614,169,99,11/16,-0.4447,2025,1.425,True,False,,crypto
exitgrid,group,D1,N55_chand2,467,0.2555,3.872,0.4368,0.3049,0.129,336,131,11/16,-0.1647,2018,-0.006418,True,True,,crypto
exitgrid,group,D1,N55_chand3,355,0.367,3.361,0.4732,0.5395,-0.02762,247,108,11/16,-0.2811,2018,0.02192,True,False,,crypto
exitgrid,group,D1,N55_chand4,272,0.4405,2.85,0.4485,0.6004,-0.003646,200,72,9/16,-0.782,2022,0.1457,True,False,,crypto
exitgrid,group,D1,N55_sma50,249,4.32,2.416,0.4337,6.307,0.5539,163,86,11/16,-0.3296,2022,1.381,True,False,,crypto
exitgrid,group,D1,N55_time20,364,0.9441,4.116,0.5027,1.252,0.3015,246,118,13/16,-0.55,2025,-0.1711,True,False,,crypto
exitgrid,group,D1,N55_time60,216,3.386,2.173,0.4861,4.537,0.8819,148,68,11/16,-1.109,2022,0.1992,True,False,,crypto
exitgrid,group,H4,N20_chan10,2186,-0.003942,-0.0561,0.3129,-0.002465,-0.0056,1156,1030,6/9,-0.7372,2019,-0.1198,True,False,,crypto
exitgrid,group,H4,N20_chand2,3613,-0.223,-9.588,0.3294,-0.3857,-0.01739,2017,1596,1/9,-1.351,2019,-0.2558,True,False,,crypto
exitgrid,group,H4,N20_chand3,2695,-0.2617,-7.269,0.3154,-0.422,-0.0581,1508,1187,1/9,-1.365,2019,-0.2961,True,False,,crypto
exitgrid,group,H4,N20_chand4,1851,-0.2804,-5.068,0.3285,-0.4969,0.01291,1065,786,2/9,-1.644,2019,-0.2989,True,False,,crypto
exitgrid,group,H4,N20_sma50,2124,0.0594,0.6637,0.2726,0.02913,0.09493,1147,977,5/9,-0.6445,2019,-0.09716,True,False,,crypto
exitgrid,group,H4,N20_time20,2635,-0.1444,-3.004,0.4121,-0.162,-0.1221,1471,1164,2/9,-0.7446,2019,-0.257,True,False,,crypto
exitgrid,group,H4,N20_time60,1224,-0.2013,-1.56,0.4306,-0.2943,-0.0796,694,530,3/9,-1.014,2019,-0.4474,True,False,,crypto
exitgrid,group,H4,N55_chan10,1325,0.1122,1.154,0.3298,0.2168,-0.00632,704,621,7/9,-0.5207,2019,-0.07725,True,False,,crypto
exitgrid,group,H4,N55_chand2,2070,-0.1669,-5.4,0.3473,-0.3186,0.02447,1155,915,3/9,-1.291,2019,-0.2878,True,False,,crypto
exitgrid,group,H4,N55_chand3,1660,-0.1974,-4.352,0.3392,-0.3261,-0.03782,919,741,1/9,-1.129,2019,-0.2583,True,False,,crypto
exitgrid,group,H4,N55_chand4,1324,-0.2397,-3.692,0.3369,-0.3839,-0.06195,731,593,2/9,-1.256,2019,-0.2996,True,False,,crypto
exitgrid,group,H4,N55_sma50,1246,0.1633,1.198,0.3194,0.1934,0.1275,676,570,7/9,-0.6707,2019,-0.1695,True,False,,crypto
exitgrid,group,H4,N55_time20,1655,-0.06336,-1.054,0.4181,-0.09224,-0.02749,917,738,4/9,-0.4301,2019,-0.2626,True,False,,crypto
exitgrid,group,H4,N55_time60,995,-0.102,-0.7615,0.4332,0.01697,-0.257,563,432,4/9,-0.8932,2019,-0.3878,True,False,,crypto
exitgrid,group,D1,N20_chan10,126,-0.31,-1.544,0.3254,-0.3117,-0.3076,74,52,3/11,-1.023,2023,-0.3403,True,False,,energy
exitgrid,group,D1,N20_chand2,185,-0.05005,-0.6533,0.3676,-0.0004329,-0.1262,112,73,6/11,-0.4792,2022,-0.1586,True,False,,energy
exitgrid,group,D1,N20_chand3,129,-0.1418,-0.9454,0.3411,-0.01677,-0.3154,75,54,4/11,-0.6504,2025,-0.49,True,False,,energy
exitgrid,group,D1,N20_chand4,90,-0.4556,-1.475,0.3333,-0.3647,-0.5692,50,40,4/11,-3.673,2022,-0.8035,True,False,,energy
exitgrid,group,D1,N20_sma50,122,-0.4285,-1.786,0.2623,-0.3884,-0.479,68,54,2/11,-1.218,2025,-0.2158,False,False,,energy
exitgrid,group,D1,N20_time20,146,-0.1336,-0.8325,0.4178,-0.02362,-0.2957,87,59,5/11,-0.9427,2024,-0.4568,True,False,,energy
exitgrid,group,D1,N20_time60,64,-0.9295,-1.941,0.3906,-1.24,-0.4754,38,26,2/11,-6.051,2016,-1.141,True,False,,energy
exitgrid,group,D1,N55_chan10,81,-0.2661,-1.026,0.358,-0.2537,-0.2871,51,30,2/11,-1.459,2025,-0.4199,True,False,,energy
exitgrid,group,D1,N55_chand2,119,-0.05911,-0.6495,0.3697,-0.02911,-0.1162,78,41,7/11,-0.4115,2022,-0.1682,True,False,,energy
exitgrid,group,D1,N55_chand3,85,-0.1177,-0.6055,0.3882,-0.06178,-0.215,54,31,5/11,-0.7969,2025,-0.3995,True,False,,energy
exitgrid,group,D1,N55_chand4,71,-0.5533,-1.738,0.3944,-0.5249,-0.5922,41,30,3/11,-1.57,2022,-1.129,True,False,,energy
exitgrid,group,D1,N55_sma50,77,-0.5166,-1.639,0.2857,-0.4365,-0.6355,46,31,2/11,-1.868,2025,-0.138,False,False,,energy
exitgrid,group,D1,N55_time20,101,-0.2346,-1.082,0.4059,-0.166,-0.3533,64,37,4/11,-2.02,2016,-0.3823,True,False,,energy
exitgrid,group,D1,N55_time60,57,-1.388,-2.561,0.3684,-1.581,-1.104,34,23,2/11,-6.689,2016,-1.464,True,False,,energy
exitgrid,group,H4,N20_chan10,610,-0.3673,-5.2,0.3131,-0.3204,-0.3999,250,360,0/6,-0.5191,2025,-0.2209,False,False,,energy
exitgrid,group,H4,N20_chand2,912,-0.1802,-5.556,0.3147,-0.1508,-0.2004,371,541,0/6,-0.2675,2025,-0.1779,False,False,,energy
exitgrid,group,H4,N20_chand3,645,-0.2568,-4.418,0.3163,-0.2122,-0.2878,264,381,0/6,-0.4194,2025,-0.2596,True,False,,energy
exitgrid,group,H4,N20_chand4,421,-0.4199,-4.435,0.3112,-0.2945,-0.5181,185,236,0/6,-0.7067,2025,-0.5186,True,False,,energy
exitgrid,group,H4,N20_sma50,521,-0.286,-3.554,0.263,-0.2511,-0.3103,214,307,0/6,-0.5257,2022,-0.2151,False,False,,energy
exitgrid,group,H4,N20_time20,653,-0.392,-5.686,0.4181,-0.2408,-0.4985,270,383,0/6,-0.6262,2025,-0.2183,False,False,,energy
exitgrid,group,H4,N20_time60,283,-1.107,-5.347,0.364,-0.9722,-1.201,116,167,0/6,-1.715,2026,-0.5655,False,False,,energy
exitgrid,group,H4,N55_chan10,384,-0.4046,-4.056,0.2552,-0.3993,-0.4087,166,218,1/6,-0.6614,2024,-0.2537,False,False,,energy
exitgrid,group,H4,N55_chand2,542,-0.1978,-4.582,0.297,-0.1739,-0.2156,232,310,1/6,-0.3921,2025,-0.1535,False,False,,energy
exitgrid,group,H4,N55_chand3,406,-0.3174,-4.58,0.3177,-0.3331,-0.3052,178,228,1/6,-0.5565,2025,-0.2873,False,False,,energy
exitgrid,group,H4,N55_chand4,339,-0.5229,-5.27,0.2596,-0.4787,-0.5554,144,195,1/6,-0.867,2022,-0.4381,False,False,,energy
exitgrid,group,H4,N55_sma50,321,-0.3965,-3.33,0.2461,-0.3403,-0.4373,135,186,2/6,-0.7944,2022,-0.177,False,False,,energy
exitgrid,group,H4,N55_time20,444,-0.3835,-4.516,0.4054,-0.2848,-0.4548,186,258,1/6,-0.627,2025,-0.2436,False,False,,energy
exitgrid,group,H4,N55_time60,239,-0.608,-3.054,0.3724,-0.5462,-0.651,98,141,2/6,-1.652,2025,-0.5502,False,False,,energy
exitgrid,group,D1,N20_chan10,5030,-0.2106,-9.729,0.3133,-0.1921,-0.3437,4416,614,4/27,-0.4265,2011,-0.1399,False,False,,forex
exitgrid,group,D1,N20_chand2,7186,-0.0743,-6.724,0.3411,-0.06278,-0.1581,6317,869,7/27,-0.2944,2025,-0.07259,False,False,,forex
exitgrid,group,D1,N20_chand3,4974,-0.1453,-7.464,0.3343,-0.1344,-0.227,4385,589,7/27,-0.3968,2026,-0.1614,True,False,,forex
exitgrid,group,D1,N20_chand4,3314,-0.2538,-8.22,0.328,-0.2584,-0.2151,2960,354,5/27,-0.698,2023,-0.2691,True,False,,forex
exitgrid,group,D1,N20_sma50,4772,-0.1997,-8.199,0.2508,-0.1876,-0.2892,4201,571,4/27,-0.4569,2021,-0.09528,False,False,,forex
exitgrid,group,D1,N20_time20,5660,-0.1623,-8.327,0.4509,-0.1517,-0.243,5000,660,3/27,-0.3777,2005,-0.1059,False,False,,forex
exitgrid,group,D1,N20_time60,2474,-0.3321,-6.384,0.4382,-0.3203,-0.4231,2190,284,6/27,-1.001,2018,-0.3063,False,False,,forex
exitgrid,group,D1,N55_chan10,3050,-0.2302,-7.891,0.3111,-0.1945,-0.4776,2665,385,5/27,-0.5862,2026,-0.1287,False,False,,forex
exitgrid,group,D1,N55_chand2,4281,-0.0928,-6.465,0.3305,-0.07772,-0.2038,3769,512,7/27,-0.2915,2009,-0.0738,False,False,,forex
exitgrid,group,D1,N55_chand3,3178,-0.1759,-7.303,0.3241,-0.1555,-0.3254,2795,383,5/27,-0.5266,2026,-0.1525,False,False,,forex
exitgrid,group,D1,N55_chand4,2473,-0.2629,-7.429,0.3316,-0.2537,-0.3338,2188,285,8/27,-0.8522,2023,-0.232,False,False,,forex
exitgrid,group,D1,N55_sma50,2726,-0.2514,-6.67,0.2938,-0.2243,-0.4464,2394,332,6/27,-0.6466,2018,-0.08537,False,False,,forex
exitgrid,group,D1,N55_time20,3711,-0.1566,-6.451,0.4462,-0.1361,-0.3123,3278,433,7/27,-0.4859,2005,-0.1149,False,False,,forex
exitgrid,group,D1,N55_time60,2048,-0.2983,-5.143,0.4414,-0.2828,-0.4173,1812,236,8/27,-1.12,2019,-0.2987,True,False,,forex
exitgrid,group,H4,N20_chan10,14138,-0.1451,-10.08,0.3366,-0.1397,-0.1632,10886,3252,0/12,-0.3049,2025,-0.1013,False,False,,forex
exitgrid,group,H4,N20_chand2,21451,-0.08223,-12.35,0.3399,-0.07525,-0.1048,16385,5066,0/12,-0.1743,2025,-0.07392,False,False,,forex
exitgrid,group,H4,N20_chand3,15083,-0.1073,-9.095,0.3404,-0.1032,-0.1208,11604,3479,1/12,-0.2531,2025,-0.1176,True,False,,forex
exitgrid,group,H4,N20_chand4,10119,-0.1416,-7.528,0.3461,-0.1283,-0.1852,7764,2355,1/12,-0.387,2025,-0.1688,True,False,,forex
exitgrid,group,H4,N20_sma50,13216,-0.1452,-9.385,0.2766,-0.1438,-0.1496,10099,3117,1/12,-0.3421,2025,-0.09915,False,False,,forex
exitgrid,group,H4,N20_time20,16278,-0.08767,-7.069,0.4722,-0.08841,-0.08526,12444,3834,2/12,-0.2216,2025,-0.08192,False,False,,forex
exitgrid,group,H4,N20_time60,7140,-0.2379,-7.282,0.4612,-0.1993,-0.3626,5453,1687,0/12,-0.6205,2025,-0.1685,False,False,,forex
exitgrid,group,H4,N55_chan10,8953,-0.148,-8.22,0.3365,-0.1261,-0.2182,6824,2129,2/12,-0.4174,2025,-0.1024,False,False,,forex
exitgrid,group,H4,N55_chand2,12787,-0.08305,-9.611,0.3387,-0.07442,-0.1105,9730,3057,2/12,-0.19,2025,-0.07555,False,False,,forex
exitgrid,group,H4,N55_chand3,9444,-0.1145,-7.69,0.337,-0.09383,-0.1784,7134,2310,3/12,-0.3756,2025,-0.09704,False,False,,forex
exitgrid,group,H4,N55_chand4,7387,-0.161,-7.278,0.3359,-0.1221,-0.2775,5537,1850,3/12,-0.6046,2025,-0.1649,True,False,,forex
exitgrid,group,H4,N55_sma50,7933,-0.1704,-7.779,0.3148,-0.1544,-0.2207,6019,1914,1/12,-0.5238,2025,-0.09409,False,False,,forex
exitgrid,group,H4,N55_time20,11048,-0.1085,-7.184,0.466,-0.09717,-0.1447,8413,2635,2/12,-0.3775,2025,-0.08684,False,False,,forex
exitgrid,group,H4,N55_time60,6025,-0.2279,-6.441,0.4559,-0.2006,-0.3152,4587,1438,1/12,-0.5439,2025,-0.1648,False,False,,forex
exitgrid,group,D1,N20_chan10,531,-0.3196,-5.14,0.3013,-0.3043,-0.3443,328,203,1/9,-0.5915,2018,-0.1993,False,False,,index
exitgrid,group,D1,N20_chand2,750,-0.1493,-4.743,0.3053,-0.1376,-0.1677,460,290,1/9,-0.2809,2026,-0.0711,False,False,,index
exitgrid,group,D1,N20_chand3,519,-0.2742,-4.997,0.3006,-0.3267,-0.1801,333,186,2/9,-0.6119,2021,-0.1436,False,False,,index
exitgrid,group,D1,N20_chand4,264,-0.08348,-0.675,0.3258,-0.06111,-0.122,167,97,3/9,-0.5817,2021,-0.2501,True,False,,index
exitgrid,group,D1,N20_sma50,492,-0.3698,-5.995,0.2114,-0.3747,-0.3611,314,178,1/9,-0.5717,2018,-0.2178,False,False,,index
exitgrid,group,D1,N20_time20,564,-0.1938,-2.667,0.4521,-0.2071,-0.1735,340,224,2/9,-0.5857,2021,-0.07585,False,False,,index
exitgrid,group,D1,N20_time60,247,-0.4522,-2.367,0.4575,-0.6043,-0.213,151,96,0/9,-1.637,2018,-0.3437,False,False,,index
exitgrid,group,D1,N55_chan10,306,-0.274,-2.948,0.3137,-0.2512,-0.3093,186,120,1/9,-0.6828,2026,-0.2119,False,False,,index
exitgrid,group,D1,N55_chand2,443,-0.145,-3.682,0.3273,-0.1378,-0.1552,261,182,2/9,-0.4319,2019,-0.08963,False,False,,index
exitgrid,group,D1,N55_chand3,327,-0.2242,-3.335,0.318,-0.2596,-0.1705,197,130,2/9,-0.632,2019,-0.1704,False,False,,index
exitgrid,group,D1,N55_chand4,263,-0.3213,-3.005,0.3004,-0.3584,-0.2637,160,103,3/9,-0.9757,2019,-0.3045,False,False,,index
exitgrid,group,D1,N55_sma50,267,-0.3804,-3.413,0.2959,-0.3842,-0.374,167,100,1/9,-0.8919,2019,-0.1656,False,False,,index
exitgrid,group,D1,N55_time20,358,-0.2789,-2.577,0.4441,-0.4002,-0.1047,211,147,2/9,-0.7929,2018,-0.05839,False,False,,index
exitgrid,group,D1,N55_time60,204,-1.013,-4.499,0.3775,-1.315,-0.555,123,81,0/9,-2.864,2020,-0.2667,False,False,,index
exitgrid,group,H4,N20_chan10,1903,-0.1637,-4.276,0.3447,-0.135,-0.19,910,993,1/8,-0.3996,2020,-0.1626,False,False,,index
exitgrid,group,H4,N20_chand2,2857,-0.06685,-3.425,0.3493,-0.05608,-0.07638,1342,1515,1/8,-0.2966,2020,-0.07764,True,False,,index
exitgrid,group,H4,N20_chand3,1834,-0.06563,-1.83,0.3582,-0.005992,-0.117,849,985,3/8,-0.3006,2026,-0.1317,True,False,,index
exitgrid,group,H4,N20_chand4,1281,-0.1219,-2.316,0.3614,-0.08163,-0.1577,603,678,3/8,-0.3021,2026,-0.1721,True,False,,index
exitgrid,group,H4,N20_sma50,1720,-0.1349,-2.94,0.275,-0.08438,-0.179,801,919,1/8,-0.5997,2019,-0.1178,False,False,,index
exitgrid,group,H4,N20_time20,2169,-0.1365,-3.838,0.4647,-0.1106,-0.16,1033,1136,1/8,-0.6357,2020,-0.07318,False,False,,index
exitgrid,group,H4,N20_time60,944,-0.3584,-3.822,0.4301,-0.4339,-0.2911,445,499,0/8,-1.451,2019,-0.2113,False,False,,index
exitgrid,group,H4,N55_chan10,1248,-0.2322,-4.879,0.3253,-0.1703,-0.2866,584,664,0/8,-0.5835,2019,-0.1504,False,False,,index
exitgrid,group,H4,N55_chand2,1786,-0.09094,-3.695,0.3331,-0.1041,-0.07926,840,946,0/8,-0.2285,2019,-0.07377,False,False,,index
exitgrid,group,H4,N55_chand3,1308,-0.1269,-3.017,0.3242,-0.1354,-0.1197,602,706,0/8,-0.5334,2019,-0.1229,False,False,,index
exitgrid,group,H4,N55_chand4,1053,-0.2363,-4.272,0.3181,-0.2612,-0.2145,490,563,0/8,-0.9752,2019,-0.1655,False,False,,index
exitgrid,group,H4,N55_sma50,1077,-0.2392,-3.649,0.3092,-0.1483,-0.3165,495,582,2/8,-0.996,2019,-0.08078,False,False,,index
exitgrid,group,H4,N55_time20,1526,-0.1594,-3.77,0.4522,-0.1182,-0.1968,726,800,1/8,-0.777,2019,-0.1158,False,False,,index
exitgrid,group,H4,N55_time60,812,-0.3116,-3.137,0.4532,-0.4428,-0.198,377,435,1/8,-2.128,2019,-0.1979,False,False,,index
exitgrid,group,D1,N20_chan10,456,-0.1095,-1.322,0.3048,-0.1445,0.04303,371,85,11/23,-0.6965,2005,-0.07402,False,False,,metal
exitgrid,group,D1,N20_chand2,678,0.0227,0.5791,0.4012,0.02463,0.0156,533,145,16/23,-0.2607,2022,-0.02352,True,False,,metal
exitgrid,group,D1,N20_chand3,481,-0.03176,-0.4783,0.3659,-0.0702,0.133,390,91,9/23,-0.3813,2023,-0.05802,True,False,,metal
exitgrid,group,D1,N20_chand4,353,-0.1193,-1.13,0.3116,-0.1735,0.1251,289,64,9/23,-0.8068,2017,-0.1313,True,False,,metal
exitgrid,group,D1,N20_sma50,414,-0.006639,-0.05928,0.2488,-0.09132,0.364,337,77,11/23,-0.7209,2017,0.04755,False,False,,metal
exitgrid,group,D1,N20_time20,523,-0.1192,-1.663,0.4398,-0.1679,0.07695,419,104,8/23,-1.253,2005,-0.1613,True,False,,metal
exitgrid,group,D1,N20_time60,233,0.04459,0.2415,0.4635,-0.1651,0.812,183,50,13/23,-3.745,2006,-0.2724,True,False,,metal
exitgrid,group,D1,N55_chan10,287,-0.1122,-1.048,0.2892,-0.1647,0.1304,236,51,12/23,-0.9502,2005,-0.0996,False,False,,metal
exitgrid,group,D1,N55_chand2,417,0.03141,0.6103,0.3741,0.01316,0.1006,330,87,14/23,-0.3015,2017,-0.03338,True,False,,metal
exitgrid,group,D1,N55_chand3,330,-0.06621,-0.846,0.3606,-0.1356,0.2114,264,66,10/23,-0.6404,2015,-0.05776,False,False,,metal
exitgrid,group,D1,N55_chand4,274,-0.2106,-1.785,0.3102,-0.3158,0.2608,224,50,9/23,-1.129,2017,-0.1435,False,False,,metal
exitgrid,group,D1,N55_sma50,252,-0.03263,-0.192,0.2778,-0.1938,0.7732,210,42,10/23,-1.185,2017,-0.05074,True,False,,metal
exitgrid,group,D1,N55_time20,359,-0.1408,-1.579,0.4011,-0.233,0.2682,293,66,10/23,-1.09,2017,-0.07029,False,False,,metal
exitgrid,group,D1,N55_time60,197,-0.03806,-0.179,0.4213,-0.2247,0.718,158,39,12/23,-1.49,2017,-0.2801,True,False,,metal
exitgrid,group,H4,N20_chan10,1767,-0.08208,-1.695,0.3328,-0.1025,-0.03391,1241,526,5/12,-0.4657,2018,-0.1349,True,False,,metal
exitgrid,group,H4,N20_chand2,2772,-0.09446,-4.552,0.3377,-0.09723,-0.08798,1941,831,2/12,-0.2409,2021,-0.1306,True,False,,metal
exitgrid,group,H4,N20_chand3,1988,-0.07194,-1.978,0.3556,-0.07072,-0.07471,1382,606,5/12,-0.2997,2021,-0.1003,True,False,,metal
exitgrid,group,H4,N20_chand4,1319,-0.01605,-0.2751,0.3609,-0.00969,-0.03131,931,388,6/12,-0.2453,2018,-0.1182,True,False,,metal
exitgrid,group,H4,N20_sma50,1650,-0.1107,-2.264,0.2891,-0.1316,-0.06141,1159,491,3/12,-0.4793,2018,-0.1575,True,False,,metal
exitgrid,group,H4,N20_time20,2112,-0.05463,-1.486,0.4616,-0.07411,-0.008683,1483,629,6/12,-0.3335,2018,-0.1559,True,False,,metal
exitgrid,group,H4,N20_time60,950,-0.3382,-3.319,0.4432,-0.3666,-0.2706,669,281,4/12,-0.9319,2021,-0.2217,False,False,,metal
exitgrid,group,H4,N55_chan10,1106,-0.03788,-0.5925,0.3508,-0.01234,-0.0969,772,334,5/12,-0.3465,2015,-0.09837,True,False,,metal
exitgrid,group,H4,N55_chand2,1673,-0.06201,-2.285,0.3521,-0.0505,-0.08841,1165,508,2/12,-0.2147,2021,-0.09731,True,False,,metal
exitgrid,group,H4,N55_chand3,1222,-0.02498,-0.558,0.374,0.006234,-0.09416,842,380,5/12,-0.2544,2021,-0.09631,True,False,,metal
exitgrid,group,H4,N55_chand4,985,-0.05995,-0.9069,0.3574,-0.01812,-0.1559,686,299,5/12,-0.3074,2021,-0.101,True,False,,metal
exitgrid,group,H4,N55_sma50,1006,-0.0967,-1.378,0.338,-0.08773,-0.1174,702,304,4/12,-0.4526,2018,-0.09568,False,False,,metal
exitgrid,group,H4,N55_time20,1407,-0.07812,-1.691,0.4677,-0.09256,-0.04289,998,409,3/12,-0.4073,2015,-0.1435,True,False,,metal
exitgrid,group,H4,N55_time60,794,-0.4045,-3.755,0.4219,-0.4783,-0.2279,560,234,2/12,-0.8949,2021,-0.3065,False,False,,metal
exitgrid,group,D1,N20_chan10,150,-0.1041,-0.4993,0.3067,-0.1134,-0.1024,23,127,1/4,-0.7196,2025,-0.1076,True,False,,soft
exitgrid,group,D1,N20_chand2,235,-0.15,-2.438,0.3106,-0.2094,-0.1413,30,205,1/4,-0.306,2025,-0.08349,False,False,,soft
exitgrid,group,D1,N20_chand3,156,-0.1066,-0.8648,0.359,-0.08918,-0.1089,18,138,2/4,-0.4166,2025,-0.2192,True,False,,soft
exitgrid,group,D1,N20_chand4,113,-0.1899,-0.9754,0.354,0.09562,-0.227,13,100,2/4,-0.4722,2025,-0.2197,True,False,,soft
exitgrid,group,D1,N20_sma50,136,-0.03324,-0.1573,0.2868,-0.08824,-0.02431,19,117,1/4,-0.4925,2025,-0.2113,True,False,,soft
exitgrid,group,D1,N20_time20,163,-0.1957,-1.448,0.4049,-0.09258,-0.2118,22,141,0/4,-0.3371,2025,-0.1002,False,False,,soft
exitgrid,group,D1,N20_time60,74,-0.07155,-0.1279,0.4324,-0.628,0.02561,11,63,1/4,-1.095,2025,-0.6013,True,False,,soft
exitgrid,group,D1,N55_chan10,92,0.03957,0.125,0.3152,-0.3045,0.1013,14,78,1/4,-0.8285,2025,-0.142,True,False,,soft
exitgrid,group,D1,N55_chand2,140,-0.0839,-1.046,0.35,-0.2627,-0.05583,19,121,1/4,-0.2627,2023,-0.08715,True,False,,soft
exitgrid,group,D1,N55_chand3,99,-0.006285,-0.04075,0.3737,-0.4461,0.06615,14,85,1/4,-0.4461,2023,-0.03712,True,False,,soft
exitgrid,group,D1,N55_chand4,83,-0.07457,-0.3238,0.3614,-0.4352,-0.01948,11,72,1/4,-0.6249,2025,-0.0758,True,False,,soft
exitgrid,group,D1,N55_sma50,81,0.06506,0.1943,0.3333,-0.1554,0.0997,11,70,1/4,-0.6277,2025,-0.1629,True,False,,soft
exitgrid,group,D1,N55_time20,109,0.0425,0.2432,0.4312,-0.2453,0.09943,18,91,2/4,-0.4948,2025,-0.2029,True,False,,soft
exitgrid,group,D1,N55_time60,63,-0.5592,-0.7083,0.3333,-0.9552,-0.4845,10,53,1/4,-1.632,2026,-0.4955,False,False,,soft
exitgrid,group,H4,N20_chan10,744,-0.2467,-3.315,0.2957,-0.1607,-0.2655,134,610,0/4,-0.4099,2025,-0.218,False,False,,soft
exitgrid,group,H4,N20_chand2,1168,-0.19,-5.94,0.3048,-0.1106,-0.208,216,952,0/4,-0.3157,2025,-0.1545,False,False,,soft
exitgrid,group,H4,N20_chand3,854,-0.2262,-4.2,0.3103,-0.09825,-0.2544,154,700,0/4,-0.3881,2025,-0.2143,False,False,,soft
exitgrid,group,H4,N20_chand4,592,-0.1913,-2.119,0.3226,0.0386,-0.2398,103,489,1/4,-0.4766,2025,-0.2004,True,False,,soft
exitgrid,group,H4,N20_sma50,685,-0.1957,-1.592,0.2365,-0.1704,-0.2013,123,562,1/4,-0.5024,2025,-0.1711,False,False,,soft
exitgrid,group,H4,N20_time20,831,-0.242,-3.74,0.4284,-0.1154,-0.2694,148,683,0/4,-0.3933,2026,-0.1883,False,False,,soft
exitgrid,group,H4,N20_time60,367,-0.3335,-1.934,0.4087,-0.5688,-0.2828,65,302,1/4,-0.5951,2025,-0.3221,False,False,,soft
exitgrid,group,H4,N55_chan10,472,-0.2525,-2.607,0.3199,-0.3242,-0.2344,95,377,0/4,-0.4563,2025,-0.1901,False,False,,soft
exitgrid,group,H4,N55_chand2,700,-0.1589,-3.793,0.3086,-0.04388,-0.1847,128,572,0/4,-0.3413,2025,-0.1703,True,False,,soft
exitgrid,group,H4,N55_chand3,537,-0.2111,-3.181,0.3277,-0.1833,-0.2175,101,436,0/4,-0.4089,2025,-0.1892,False,False,,soft
exitgrid,group,H4,N55_chand4,414,-0.1741,-1.592,0.3454,-0.1552,-0.1783,76,338,1/4,-0.4937,2025,-0.233,True,False,,soft
exitgrid,group,H4,N55_sma50,399,-0.08646,-0.4165,0.3208,-0.2701,-0.04255,77,322,2/4,-0.5584,2025,-0.1529,True,False,,soft
exitgrid,group,H4,N55_time20,566,-0.1647,-2.173,0.4382,-0.1397,-0.1704,106,460,1/4,-0.3773,2025,-0.2493,True,False,,soft
exitgrid,group,H4,N55_time60,310,-0.2332,-1.209,0.4355,-0.3518,-0.2059,58,252,1/4,-0.5225,2024,-0.3172,True,False,,soft
exitgrid,group,D1,N20_chan10,1566,-0.1495,-3,0.3346,-0.1642,-0.1278,932,634,6/20,-0.7087,2018,-0.1046,False,False,,stock
exitgrid,group,D1,N20_chand2,2384,-0.07797,-3.47,0.3331,-0.06753,-0.09246,1385,999,5/20,-0.4413,2014,-0.04758,False,False,,stock
exitgrid,group,D1,N20_chand3,1666,-0.08184,-2.056,0.3265,-0.1149,-0.03226,1000,666,8/20,-0.5825,2007,-0.07521,False,False,,stock
exitgrid,group,D1,N20_chand4,1177,-0.09529,-1.525,0.3424,-0.1422,-0.02326,713,464,9/20,-1.039,2007,-0.1273,True,False,,stock
exitgrid,group,D1,N20_sma50,1423,-0.137,-2.515,0.2628,-0.1157,-0.1686,849,574,7/20,-0.5592,2018,-0.06495,False,False,,stock
exitgrid,group,D1,N20_time20,1739,-0.09216,-1.949,0.4664,-0.04388,-0.1611,1023,716,11/20,-0.4918,2016,-0.0602,False,False,,stock
exitgrid,group,D1,N20_time60,745,-0.2846,-2.185,0.4456,-0.3708,-0.1553,447,298,10/20,-3.158,2010,-0.1908,False,False,,stock
exitgrid,group,D1,N55_chan10,975,-0.1105,-1.756,0.3518,-0.08521,-0.1456,567,408,9/20,-0.7075,2018,-0.0846,False,False,,stock
exitgrid,group,D1,N55_chand2,1426,-0.06583,-2.329,0.3394,-0.06437,-0.0678,818,608,8/20,-0.3905,2007,-0.03035,False,False,,stock
exitgrid,group,D1,N55_chand3,1072,-0.1118,-2.323,0.3368,-0.1256,-0.09278,620,452,7/20,-0.6826,2007,-0.02647,False,False,,stock
exitgrid,group,D1,N55_chand4,828,-0.1052,-1.401,0.3382,-0.1498,-0.04177,486,342,6/20,-1.12,2011,0.00173,False,False,,stock
exitgrid,group,D1,N55_sma50,840,-0.1415,-1.704,0.3179,-0.06195,-0.2555,495,345,9/20,-1.11,2011,-0.06398,False,False,,stock
exitgrid,group,D1,N55_time20,1189,-0.08667,-1.543,0.4802,-0.1131,-0.04994,691,498,10/20,-0.7409,2011,-0.02854,False,False,,stock
exitgrid,group,D1,N55_time60,646,-0.1481,-1.172,0.4876,-0.1574,-0.1341,387,259,10/20,-1.594,2015,-0.1071,False,False,,stock
exitgrid,group,H4,N20_chan10,2480,-0.06346,-1.438,0.3548,-0.02612,-0.09985,1224,1256,4/12,-0.2523,2018,-0.08056,True,False,,stock
exitgrid,group,H4,N20_chand2,3942,-0.06568,-3.637,0.3587,-0.05211,-0.07934,1977,1965,1/12,-0.3303,2020,-0.05176,False,False,,stock
exitgrid,group,H4,N20_chand3,2900,-0.09662,-3.098,0.35,-0.0737,-0.1192,1438,1462,4/12,-0.2626,2018,-0.08976,False,False,,stock
exitgrid,group,H4,N20_chand4,2080,-0.09218,-1.89,0.3486,-0.07276,-0.1122,1057,1023,4/12,-0.4234,2018,-0.1469,True,False,,stock
exitgrid,group,H4,N20_sma50,2169,-0.05485,-1.063,0.2905,-0.01425,-0.09564,1087,1082,4/12,-0.3697,2018,-0.08726,True,False,,stock
exitgrid,group,H4,N20_time20,2807,-0.07494,-1.975,0.4813,-0.09347,-0.05581,1426,1381,4/12,-0.18,2025,-0.07932,True,False,,stock
exitgrid,group,H4,N20_time60,1210,-0.2201,-2.039,0.4612,-0.2986,-0.1378,619,591,3/12,-0.7963,2021,-0.2414,True,False,,stock
exitgrid,group,H4,N55_chan10,1586,-0.06396,-1.155,0.3499,-0.1064,-0.02164,792,794,5/12,-0.6447,2018,-0.03709,False,False,,stock
exitgrid,group,H4,N55_chand2,2393,-0.0687,-2.972,0.3514,-0.1058,-0.02983,1224,1169,2/12,-0.2993,2020,-0.05909,False,False,,stock
exitgrid,group,H4,N55_chand3,1780,-0.07729,-1.933,0.3399,-0.1135,-0.04083,893,887,5/12,-0.324,2018,-0.07866,True,False,,stock
exitgrid,group,H4,N55_chand4,1425,-0.1165,-1.968,0.3446,-0.1634,-0.06816,724,701,6/12,-0.7953,2018,-0.1145,False,False,,stock
exitgrid,group,H4,N55_sma50,1363,-0.086,-1.214,0.3191,-0.1537,-0.01555,695,668,6/12,-0.6356,2018,-0.09289,True,False,,stock
exitgrid,group,H4,N55_time20,1957,-0.1121,-2.368,0.4747,-0.16,-0.0626,995,962,3/12,-0.7916,2018,-0.09445,False,False,,stock
exitgrid,group,H4,N55_time60,1036,-0.5329,-4.469,0.4324,-0.6374,-0.4196,539,497,3/12,-1.704,2018,-0.2059,False,False,,stock
exitgrid,group,D1,N20_chan10,262,-0.2379,-2.908,0.3244,-0.1573,-0.392,172,90,2/9,-0.7158,2021,-0.1664,False,False,,us_index
exitgrid,group,D1,N20_chand2,335,-0.009498,-0.1993,0.391,0.05019,-0.1316,225,110,6/9,-0.3167,2021,-0.02401,True,False,,us_index
exitgrid,group,D1,N20_chand3,213,-0.02726,-0.3238,0.4085,-0.006385,-0.07374,147,66,4/9,-0.5967,2021,-0.1629,True,False,,us_index
exitgrid,group,D1,N20_chand4,121,0.176,1.123,0.4793,0.12,0.2981,83,38,5/9,-1.166,2021,-0.2172,True,False,,us_index
exitgrid,group,D1,N20_sma50,212,-0.111,-1.145,0.3208,-0.04871,-0.243,144,68,4/9,-0.6604,2024,-0.155,True,False,,us_index
exitgrid,group,D1,N20_time20,297,-0.01702,-0.1796,0.5118,0.1083,-0.2715,199,98,5/9,-0.4687,2021,-0.09334,True,False,,us_index
exitgrid,group,D1,N20_time60,124,-0.9035,-3.294,0.4758,-0.8091,-1.095,83,41,0/9,-1.789,2026,-0.08955,False,False,,us_index
exitgrid,group,D1,N55_chan10,172,-0.2624,-2.471,0.3256,-0.1467,-0.4527,107,65,2/9,-0.7528,2022,-0.193,False,False,,us_index
exitgrid,group,D1,N55_chand2,246,-0.09655,-1.944,0.3699,-0.02554,-0.2196,156,90,2/9,-0.2812,2021,-0.05723,False,False,,us_index
exitgrid,group,D1,N55_chand3,175,-0.1486,-1.672,0.36,-0.1104,-0.2258,117,58,3/9,-0.6131,2022,-0.06656,False,False,,us_index
exitgrid,group,D1,N55_chand4,130,-0.1318,-0.8823,0.3923,-0.1912,0.0173,93,37,3/9,-1.002,2022,-0.2406,True,False,,us_index
exitgrid,group,D1,N55_sma50,134,-0.1733,-1.219,0.3806,-0.1053,-0.3034,88,46,4/9,-0.9405,2024,-0.168,False,False,,us_index
exitgrid,group,D1,N55_time20,209,-0.09458,-0.8338,0.5024,-0.06043,-0.1582,136,73,3/9,-0.7489,2022,-0.03107,False,False,,us_index
exitgrid,group,D1,N55_time60,108,-0.7458,-2.425,0.4815,-0.7843,-0.6721,71,37,1/9,-2.848,2018,-0.08546,False,False,,us_index
exitgrid,group,H4,N20_chan10,1184,-0.1855,-3.691,0.3497,-0.1152,-0.2841,691,493,2/9,-0.4725,2026,-0.1237,False,False,,us_index
exitgrid,group,H4,N20_chand2,1810,-0.06872,-3.012,0.3448,-0.08404,-0.04583,1084,726,1/9,-0.1995,2026,-0.04367,False,False,,us_index
exitgrid,group,H4,N20_chand3,1102,-0.02461,-0.511,0.3457,-0.05421,0.03162,722,380,3/9,-0.2394,2026,-0.03816,True,False,,us_index
exitgrid,group,H4,N20_chand4,691,-0.08099,-1.079,0.3502,-0.08588,-0.07319,425,266,5/9,-0.4092,2021,-0.14,True,False,,us_index
exitgrid,group,H4,N20_sma50,1026,-0.1425,-2.251,0.2982,-0.04685,-0.2683,583,443,4/9,-0.442,2026,-0.0457,False,False,,us_index
exitgrid,group,H4,N20_time20,1342,-0.1788,-3.697,0.4605,-0.2103,-0.1334,793,549,2/9,-0.4495,2022,-0.08912,False,False,,us_index
exitgrid,group,H4,N20_time60,571,-0.5252,-4.072,0.4553,-0.6776,-0.3119,333,238,0/9,-1.189,2018,-0.07264,False,False,,us_index
exitgrid,group,H4,N55_chan10,758,-0.214,-3.489,0.3562,-0.108,-0.3613,441,317,3/9,-0.6203,2026,-0.1313,False,False,,us_index
exitgrid,group,H4,N55_chand2,1120,-0.09466,-3.321,0.3348,-0.1096,-0.0718,678,442,2/9,-0.1815,2026,-0.05823,False,False,,us_index
exitgrid,group,H4,N55_chand3,802,-0.09552,-1.753,0.3279,-0.0762,-0.1231,472,330,2/9,-0.3265,2026,-0.05736,False,False,,us_index
exitgrid,group,H4,N55_chand4,622,-0.1352,-1.771,0.3585,-0.04402,-0.2589,358,264,4/9,-0.5188,2026,-0.1115,False,False,,us_index
exitgrid,group,H4,N55_sma50,639,-0.1542,-1.734,0.3678,-0.02273,-0.3351,370,269,2/9,-0.5026,2026,-0.06853,False,False,,us_index
exitgrid,group,H4,N55_time20,949,-0.1175,-2.021,0.4784,-0.1137,-0.1229,559,390,3/9,-0.3406,2021,-0.03609,False,False,,us_index
exitgrid,group,H4,N55_time60,495,-0.3547,-2.563,0.4768,-0.1372,-0.6623,290,205,1/9,-0.87,2025,-0.238,False,False,,us_index
exitgrid,ex crypto,D1,N20_chan10,8121,-0.2007,-10.86,0.3166,-0.1912,-0.2341,6316,1805,4/27,-0.4044,2005,-0.1366,False,False,,
exitgrid,ex crypto,D1,N20_chand2,11753,-0.07352,-8.197,0.3419,-0.05907,-0.1222,9062,2691,7/27,-0.1926,2025,-0.06478,False,False,,
exitgrid,ex crypto,D1,N20_chand3,8138,-0.13,-8.188,0.335,-0.133,-0.1193,6348,1790,6/27,-0.3463,2005,-0.1428,True,False,,
exitgrid,ex crypto,D1,N20_chand4,5432,-0.1949,-7.49,0.3339,-0.2184,-0.108,4275,1157,5/27,-0.6716,2005,-0.2352,True,False,,
exitgrid,ex crypto,D1,N20_sma50,7571,-0.1866,-8.988,0.2532,-0.1803,-0.2095,5932,1639,4/27,-0.3931,2021,-0.09543,False,False,,
exitgrid,ex crypto,D1,N20_time20,9092,-0.1438,-8.465,0.4539,-0.1307,-0.1901,7090,2002,4/27,-0.4169,2005,-0.1036,False,False,,
exitgrid,ex crypto,D1,N20_time60,3961,-0.3312,-7.124,0.4426,-0.3577,-0.2353,3103,858,6/27,-1.064,2018,-0.2971,False,False,,
exitgrid,ex crypto,D1,N55_chan10,4963,-0.1993,-8.061,0.3194,-0.179,-0.2672,3826,1137,7/27,-0.4624,2004,-0.1307,False,False,,
exitgrid,ex crypto,D1,N55_chand2,7072,-0.08269,-7.219,0.3371,-0.07153,-0.1196,5431,1641,6/27,-0.2506,2004,-0.06492,False,False,,
exitgrid,ex crypto,D1,N55_chand3,5266,-0.154,-7.944,0.3318,-0.1531,-0.1568,4061,1205,5/27,-0.4136,2004,-0.121,False,False,,
exitgrid,ex crypto,D1,N55_chand4,4122,-0.2285,-7.792,0.3331,-0.2498,-0.1546,3203,919,7/27,-0.7382,2004,-0.1963,False,False,,
exitgrid,ex crypto,D1,N55_sma50,4377,-0.222,-6.9,0.3009,-0.2063,-0.2774,3411,966,7/27,-0.5901,2004,-0.08906,False,False,,
exitgrid,ex crypto,D1,N55_time20,6036,-0.1447,-6.799,0.4511,-0.1493,-0.1289,4691,1345,7/27,-0.4808,2005,-0.09505,False,False,,
exitgrid,ex crypto,D1,N55_time60,3323,-0.3358,-6.519,0.4433,-0.3428,-0.3106,2595,728,6/27,-1.185,2019,-0.2752,False,False,,
exitgrid,ex crypto,H4,N20_chan10,22826,-0.1443,-12.06,0.3377,-0.1294,-0.1747,15336,7490,1/12,-0.2599,2025,-0.1149,False,False,,
exitgrid,ex crypto,H4,N20_chand2,34912,-0.08554,-15.77,0.341,-0.07595,-0.1048,23316,11596,0/12,-0.1505,2025,-0.08006,False,False,,
exitgrid,ex crypto,H4,N20_chand3,24406,-0.1044,-10.79,0.3427,-0.09243,-0.129,16413,7993,0/12,-0.1885,2025,-0.1175,True,False,,
exitgrid,ex crypto,H4,N20_chand4,16503,-0.1301,-8.48,0.3472,-0.1101,-0.171,11068,5435,0/12,-0.2771,2025,-0.1711,True,False,,
exitgrid,ex crypto,H4,N20_sma50,20987,-0.1373,-10.18,0.2783,-0.1272,-0.1577,14066,6921,0/12,-0.2864,2025,-0.1067,False,False,,
exitgrid,ex crypto,H4,N20_time20,26192,-0.1048,-10.14,0.4684,-0.09698,-0.1209,17597,8595,2/12,-0.2068,2025,-0.09402,False,False,,
exitgrid,ex crypto,H4,N20_time60,11465,-0.2931,-10.54,0.4528,-0.2708,-0.3385,7700,3765,0/12,-0.505,2019,-0.1941,False,False,,
exitgrid,ex crypto,H4,N55_chan10,14507,-0.1513,-10.02,0.3365,-0.1239,-0.2062,9674,4833,1/12,-0.3443,2025,-0.1075,False,False,,
exitgrid,ex crypto,H4,N55_chand2,21001,-0.08652,-12.34,0.3385,-0.08003,-0.09948,13997,7004,1/12,-0.1647,2025,-0.07951,False,False,,
exitgrid,ex crypto,H4,N55_chand3,15499,-0.1119,-9.29,0.3379,-0.09399,-0.1466,10222,5277,3/12,-0.2648,2025,-0.1032,False,False,,
exitgrid,ex crypto,H4,N55_chand4,12225,-0.1633,-9.217,0.3364,-0.1287,-0.2293,8015,4210,1/12,-0.4228,2025,-0.1611,False,False,,
exitgrid,ex crypto,H4,N55_sma50,12738,-0.1636,-8.436,0.3177,-0.1467,-0.1974,8493,4245,2/12,-0.4259,2025,-0.09561,False,False,,
exitgrid,ex crypto,H4,N55_time20,17897,-0.1199,-9.491,0.4642,-0.1073,-0.1455,11983,5914,1/12,-0.2811,2025,-0.1009,False,False,,
exitgrid,ex crypto,H4,N55_time60,9711,-0.2979,-9.915,0.4488,-0.2784,-0.3375,6509,3202,0/12,-0.4951,2021,-0.2016,False,False,,
