source,family,n_all,R_all,edge_all,n_agree,R_agree,edge_agree,t_edge_agree,n_against,R_against,edge_against,t_edge_against,n_neutral,R_neutral,edge_neutral,t_edge_neutral,diff_R_agree_vs_rest,t_diff
#66,SEAS (bernd_bias bug),3782,-0.11147,0.0032269,610,-0.1175,0.064411,1.4838,536,-0.070862,0.000362,0.0069521,2636,-0.11833,-0.010349,-0.46242,-0.0071903,-0.14908
#66,SEAS (valid seasonal),766,-0.091111,0.024445,93,-0.41211,0.021273,0.24344,131,0.26248,0.013113,0.093461,542,-0.1215,0.027728,0.57299,-0.36536,-3.6651
#66,VAL_dxy,397,-0.18915,6.6171e-05,65,-0.022562,0.35744,2.5313,64,-0.055923,-0.036075,-0.27886,268,-0.26137,-0.077979,-1.1758,0.1992,1.3064
#66,VAL_dxy_level,171,-0.21856,0.15833,53,-0.18066,0.20666,0.89971,9,-0.82199,-0.28882,-1.2789,109,-0.18716,0.17176,1.6686,0.054914,0.19826
#66,VAL_gold,153,-0.01161,0.18305,20,-0.46668,-0.21392,-0.99814,16,-0.77776,-0.028509,-0.11063,117,0.17095,0.27984,2.5129,-0.52351,-1.7004
#66,VAL_gold_level,52,-0.090075,0.13035,7,0.8447,0.88186,1.7405,4,-0.25272,-0.14873,-0.2635,41,-0.2338,0.029267,0.13784,1.0802,1.905
#66,ALL rules,5321,-0.11469,0.017443,848,-0.14677,0.091215,2.4036,760,-0.03688,-0.0053255,-0.11654,3713,-0.12329,0.0052551,0.27979,-0.038159,-0.89165
#82 part 2 (new VAL rules),VAL_2of3,54,0.0018478,0.2918,3,-0.36637,-0.11382,-0.21768,3,0.39448,0.74191,4.9407,48,0.00032192,0.28902,1.9329,-0.38988,-0.85669
#82 part 2 (new VAL rules),VAL_2of3_level,23,-0.07498,0.20332,0,,,,0,,,,23,-0.07498,0.20332,0.86004,,
#82 part 2 (new VAL rules),VAL_ALL,69,0.10502,0.27672,11,0.20251,0.32565,0.8524,11,-0.43943,0.0021117,0.006371,47,0.20962,0.32954,1.707,0.11599,0.25816
#82 part 2 (new VAL rules),VAL_ALL_level,42,-0.3766,0.088332,13,-0.16352,0.014018,0.043719,2,-1.0777,-0.92405,,27,-0.42726,0.1991,0.99019,0.30859,0.51499
#82 part 2 (new VAL rules),VAL_bond,332,-0.15177,0.049952,61,-0.087761,0.27815,1.9891,61,-0.15925,-0.10951,-0.80985,210,-0.1682,0.029983,0.38262,0.078422,0.48372
#82 part 2 (new VAL rules),VAL_bond_level,149,-0.234,0.11244,36,-0.10081,0.37035,2.2085,19,-0.22438,0.029461,0.10224,94,-0.28695,0.030442,0.24055,0.17562,0.79504
#82 part 2 (new VAL rules),VAL_gold,180,-0.28199,-0.0029345,30,-0.59875,-0.1284,-0.77502,22,-0.31344,-0.13846,-0.60646,128,-0.20234,0.049763,0.44003,-0.38012,-1.9766
#82 part 2 (new VAL rules),VAL_gold_level,66,-0.48338,-0.016804,12,0.022102,0.42251,1.2924,7,-0.8828,-0.31967,-1.0327,47,-0.55294,-0.083862,-0.73008,0.61781,1.6582
#82 part 2 (new VAL rules),ALL rules,915,-0.19466,0.081899,166,-0.16673,0.21049,2.5621,125,-0.26287,-0.088025,-0.92623,624,-0.18842,0.081731,1.7567,0.034116,0.33336
