cell,n,per_yr,avgR,t,win,coin,longs,shorts,IS,OOS,n_OOS,yrs_pos,worst_yr,last60,stop_pct,med_risk_bp,years,amb
TurtleSoup gold exit day+0,212,14.1,-0.583206665989424,-5.786829706853628,0.15566037735849056,-0.02896567522663954,-0.5643773087412554,-0.5976425065463531,-0.5576924111879453,-0.7000350958698784,38,1/15,-1.0556079448476041,-0.5764437104862435,0.8160377358490566,14.084469955682644,12:-0.71 13:-1.06 14:-0.68 15:-1.05 16:-0.01 17:-0.68 18:-0.94 19:+0.12 20:-0.79 21:-0.18 22:-0.49 23:-0.61 24:-0.61 25:-0.91 26:-0.40,0.27358490566037735
TurtleSoup gold exit day+1,212,14.1,-0.38993049792658685,-1.9868372625628585,0.11320754716981132,0.005189872591066189,-0.24054317338868927,-0.5044607800723083,-0.358043647964048,-0.5359387056497906,38,4/15,-1.1894228201924637,-0.2045130967789082,0.8679245283018868,14.084469955682644,12:-0.81 13:-1.19 14:-0.60 15:-0.97 16:+0.48 17:-0.40 18:-0.96 19:+0.43 20:-1.04 21:+0.15 22:+0.85 23:-0.91 24:-0.20 25:-0.99 26:-0.23,0.27358490566037735
TurtleSoup gold exit day+3,210,14.0,-0.505797804381964,-1.9127231085576357,0.08095238095238096,0.03476873328290192,-0.051276109432008256,-0.8466890755944303,-0.5148870523927966,-0.4646569975960894,38,3/15,-1.3423755052307862,-0.06098066637055077,0.9142857142857143,14.03948563267191,12:-1.34 13:-1.33 14:-1.27 15:-1.03 16:-0.33 17:-0.16 18:-1.25 19:+1.11 20:-1.22 21:-0.55 22:+1.43 23:-1.13 24:-0.29 25:-1.21 26:+0.87,0.2761904761904762
80-20s gold,391,26.1,-0.01878945352169108,-0.19519050291820078,0.309462915601023,0.012853923498779033,0.007961169123436149,-0.03958198294131274,-0.008509186114257071,-0.05268044497477033,91,5/15,-0.9548654569754026,0.0007257796002976269,0.5805626598465473,25.93488662492232,12:-0.95 13:+0.86 14:+0.45 15:+0.17 16:-0.13 17:-0.18 18:-0.38 19:-0.00 20:-0.02 21:-0.23 22:-0.02 23:+0.02 24:+0.41 25:-0.41 26:-0.21,0.0076726342710997444
TurtleSoup US100 exit day+0,70,11.7,0.3803407529946746,1.5295921978121731,0.45714285714285713,-0.8433471300440532,0.3489136461755727,0.40391108310900126,0.03339383470364999,0.6405509417129431,40,4/5,-0.19968019849750407,0.5270209507848522,0.44285714285714284,28.937602171641988,21:-1.02 22:-0.20 23:+0.53 24:+0.50 25:+0.19 26:+1.15,0.34285714285714286
TurtleSoup US100 exit day+1,70,11.7,0.08589400878523971,0.28578137454694336,0.2571428571428571,-0.7809987610008662,0.5087295743001414,-0.23123266535093645,-0.3522691621606103,0.41451638699462745,40,2/5,-0.3046929371613177,0.19347313034978544,0.6714285714285714,28.937602171641988,21:-1.02 22:-0.25 23:-0.30 24:-0.04 25:+0.00 26:+1.23,0.34285714285714286
TurtleSoup US100 exit day+3,70,11.7,-0.4117534214708487,-1.487712318763482,0.15714285714285714,-0.8770932014755236,-0.23885809462219845,-0.5414249166073363,-0.3425523638896781,-0.4636542146567266,40,2/5,-0.9547372349842201,-0.3608557095699693,0.8285714285714286,28.937602171641988,21:-1.02 22:+0.24 23:-0.82 24:-0.72 25:-0.95 26:+0.20,0.34285714285714286
80-20s US100,143,23.8,-0.17839098329918054,-1.7214247616509195,0.3006993006993007,-0.4127458089442497,-0.24615127165863004,-0.12652508356725622,-0.1482076906413485,-0.21076147107714532,69,1/6,-0.5784517469582876,-0.24995866827424656,0.46853146853146854,48.28563275139645,21:-0.58 22:-0.36 23:+0.19 24:-0.24 25:-0.14 26:-0.27,0.24475524475524477
TurtleSoup US500 exit day+0,72,12.0,-0.33516910984405535,-2.008665021038495,0.2222222222222222,-0.5890815084413079,-0.45192887300094065,-0.2608674423805829,-0.18327452257961846,-0.4436652436043675,42,1/5,-0.7274141574839701,-0.2903495880614578,0.625,22.711293191147313,21:-0.47 22:+0.01 23:-0.27 24:-0.41 25:-0.11 26:-0.73,0.3888888888888889
TurtleSoup US500 exit day+1,72,12.0,-0.46903072668201745,-2.040532650482737,0.19444444444444445,-0.5975401028007385,-0.21162144460373428,-0.6328366334591066,-0.5115247092387474,-0.43867788199863883,42,2/5,-1.1044711746957792,-0.44132595707212163,0.8055555555555556,22.711293191147313,21:-0.58 22:+0.20 23:-1.10 24:-0.82 25:+0.28 26:-0.65,0.3888888888888889
TurtleSoup US500 exit day+3,71,11.8,-0.4709351571823951,-1.1329122677692385,0.09859154929577464,-0.6616876745077618,-0.6573911536359899,-0.34952195018935656,-0.12713074820948847,-0.7224993588698876,41,1/5,-1.46689443184301,-0.4740572689871639,0.9014084507042254,22.96000367360059,21:-0.28 22:+1.49 23:-1.47 24:-1.03 25:-0.64 26:-0.51,0.38028169014084506
80-20s US500,144,24.0,-0.11882536266130038,-1.1876826597434686,0.3680555555555556,-0.4516416851415277,-0.37482335726583643,0.03937564524037928,-0.19812836171666814,-0.027686095090206073,67,1/6,-0.3715365125631881,-0.10639846750028728,0.3888888888888889,36.84769192351532,21:-0.32 22:-0.28 23:-0.08 24:+0.23 25:-0.02 26:-0.37,0.16666666666666666
TurtleSoup AAPL exit day+0,115,10.5,-0.5317939238658921,-6.320328402398392,0.1826086956521739,-0.35869317098595555,-0.5150500410352797,-0.5461072430598025,-0.5476414215933831,-0.49241529314909577,33,0/10,-0.9677804357580821,-0.4302841372022979,0.6260869565217392,38.27227993439053,15:-0.65 16:-0.97 17:-0.55 18:-0.86 19:-0.56 21:+0.79 22:-0.54 23:-0.15 24:-0.42 25:-0.36 26:-0.69,0.3130434782608696
TurtleSoup AAPL exit day+1,114,10.4,-0.6745179514445492,-5.715530676998503,0.16666666666666666,-0.2062541058533665,-0.5715880382745178,-0.7639488596086746,-0.6924108852299231,-0.6305989321531764,33,0/10,-1.171411143401867,-0.5831109071832995,0.7982456140350878,38.211121127707756,15:-0.80 16:-1.11 17:-0.97 18:-0.99 19:-0.61 21:+1.37 22:-0.82 23:-0.24 24:-0.29 25:-0.47 26:-1.17,0.3157894736842105
TurtleSoup AAPL exit day+3,114,10.4,-0.6596987078642459,-4.309158461819584,0.14035087719298245,-0.2695236407056504,-0.4265286477031722,-0.8622890880041949,-0.6235060007939743,-0.7485353524912757,33,0/10,-1.3794337338212996,-0.5974570834738551,0.8421052631578947,38.211121127707756,15:-0.75 16:-1.21 17:-0.75 18:-1.05 19:-0.76 21:+2.08 22:-0.74 23:-0.05 24:-0.03 25:-1.02 26:-1.38,0.3157894736842105
80-20s AAPL,230,20.9,-0.05078350252499704,-0.5619773768318785,0.4,-0.37487285295516765,-0.026775720090099087,-0.06621707694743145,-0.09222955696800653,0.10636612057141404,48,6/11,-0.44445574068398336,0.026283070105777972,0.40869565217391307,71.24659437266769,15:+0.21 16:-0.17 17:+0.07 18:+0.13 19:-0.17 21:+0.02 22:-0.44 23:-0.17 24:+0.24 25:+0.13 26:-0.10,0.16956521739130434
TurtleSoup TSLA exit day+0,57,9.5,-0.24762074525402014,-1.7849974069588612,0.3508771929824561,-0.5587479428484894,-0.35143380697344134,-0.13227289889910776,-0.3862207280009864,-0.16050075609878423,35,1/6,-0.6934847705285461,-0.24762074525402014,0.5087719298245614,105.31471956894468,21:-0.60 22:-0.48 23:-0.09 24:-0.03 25:+0.38 26:-0.69,0.24561403508771928
TurtleSoup TSLA exit day+1,57,9.5,-0.2776166017954197,-1.1452178172925314,0.22807017543859648,-0.7449056506452166,-0.20929922458465336,-0.3535247986962709,-0.4050810117270713,-0.19749611555266716,35,1/6,-0.6387417094575107,-0.2776166017954197,0.7368421052631579,105.31471956894468,21:-0.32 22:-0.28 23:-0.64 24:+0.02 25:-0.07 26:-0.50,0.24561403508771928
TurtleSoup TSLA exit day+3,57,9.5,-0.5355870294730556,-2.365117660034819,0.15789473684210525,-0.6799359299816713,-0.30116566467418515,-0.7960552125829116,-0.6124173320878553,-0.48729369640089565,35,0/6,-0.743540598363514,-0.5355870294730556,0.8070175438596491,105.31471956894468,21:-0.69 22:-0.69 23:-0.44 24:-0.30 25:-0.74 26:-0.47,0.24561403508771928
80-20s TSLA,140,23.3,0.04493350075756877,0.4234527076601144,0.4142857142857143,-0.22710835221801937,0.15406891647006538,-0.03456019710708921,0.1109878507111021,-0.05715049462516455,55,3/6,-0.31334685059433026,-0.05920465033890176,0.29285714285714287,190.24055220453474,21:-0.17 22:+0.13 23:+0.21 24:-0.21 25:+0.16 26:-0.31,0.12857142857142856
