mix,risk,pass by 1m,pass by 2m,pass by 3m,pass by 4m,pass by 12m,fail,median months,hist_maxDD,avg_month,keep12m,payout_pm
OC TSLA+US100 (live),0.25%,0.0,0.0,0.003,0.018,0.422,0.016,8.286,-6.6,1.01,0.98,90
OC TSLA+US100 (live),0.50%,0.003,0.053,0.151,0.263,0.713,0.188,4.905,-12.0,1.98,0.65,162
OC TSLA+US100 (live),0.75%,0.034,0.184,0.328,0.442,0.65,0.344,3.0,-16.8,2.9,0.3,190
OC TSLA+US100 (live),1.00%,0.092,0.298,0.426,0.505,0.579,0.42,2.0,-21.1,3.8,0.12,195
OC TSLA+US100 (live),1.50%,0.182,0.385,0.448,0.471,0.478,0.522,1.238,-30.7,5.37,0.03,196
OC TSLA+US100 (live),2.00%,0.242,0.388,0.412,0.416,0.417,0.583,0.905,-36.7,6.94,0.0,116
live + gold trend,0.25%,0.0,0.0,0.005,0.024,0.474,0.014,8.095,-6.7,1.12,0.97,96
live + gold trend,0.50%,0.005,0.07,0.172,0.289,0.74,0.186,4.714,-12.7,2.2,0.65,175
live + gold trend,0.75%,0.043,0.208,0.357,0.479,0.667,0.327,2.857,-17.9,3.24,0.31,207
live + gold trend,1.00%,0.108,0.315,0.448,0.522,0.589,0.41,1.905,-22.5,4.28,0.13,217
live + gold trend,1.50%,0.198,0.397,0.461,0.479,0.486,0.514,1.143,-32.8,6.11,0.02,205
live + gold trend,2.00%,0.247,0.391,0.412,0.416,0.417,0.583,0.905,-39.5,7.97,0.0,110
live + gold trend + pre-FOMC,0.25%,0.0,0.0,0.007,0.025,0.489,0.014,8.095,-6.9,1.15,0.97,99
live + gold trend + pre-FOMC,0.50%,0.006,0.07,0.183,0.312,0.749,0.176,4.571,-13.1,2.26,0.65,178
live + gold trend + pre-FOMC,0.75%,0.045,0.216,0.367,0.49,0.678,0.316,2.81,-18.4,3.34,0.32,211
live + gold trend + pre-FOMC,1.00%,0.115,0.328,0.459,0.534,0.6,0.4,1.857,-23.2,4.4,0.14,223
live + gold trend + pre-FOMC,1.50%,0.201,0.406,0.471,0.489,0.495,0.505,1.19,-33.7,6.31,0.03,212
live + gold trend + pre-FOMC,2.00%,0.258,0.401,0.423,0.428,0.428,0.572,0.905,-40.6,8.24,0.0,113
OC US100 only,0.25%,0.0,0.0,0.0,0.0,0.065,0.001,10.0,-6.6,0.48,1.0,46
OC US100 only,0.50%,0.0,0.007,0.022,0.056,0.435,0.102,7.333,-12.8,0.96,0.84,93
OC US100 only,0.75%,0.006,0.045,0.112,0.191,0.574,0.298,5.286,-18.7,1.42,0.53,125
OC US100 only,1.00%,0.025,0.11,0.212,0.304,0.56,0.416,3.762,-24.3,1.9,0.27,139
OC US100 only,1.50%,0.084,0.241,0.348,0.402,0.452,0.548,1.905,-34.5,2.83,0.06,146
OC US100 only,2.00%,0.152,0.312,0.373,0.388,0.397,0.603,1.238,-42.2,3.8,0.02,150
OC TSLA only,0.25%,0.0,0.0,0.0,0.0,0.071,0.001,9.952,-5.1,0.53,1.0,49
OC TSLA only,0.50%,0.0,0.003,0.02,0.044,0.443,0.049,7.667,-9.6,1.01,0.91,91
OC TSLA only,0.75%,0.002,0.03,0.092,0.172,0.625,0.171,5.905,-13.0,1.46,0.7,127
OC TSLA only,1.00%,0.013,0.08,0.179,0.279,0.66,0.262,4.667,-15.6,1.89,0.53,152
OC TSLA only,1.50%,0.041,0.166,0.294,0.396,0.63,0.359,3.19,-23.3,2.53,0.31,174
OC TSLA only,2.00%,0.067,0.231,0.368,0.468,0.609,0.388,2.524,-27.6,3.15,0.22,194
gold trend only,0.25%,0.0,0.0,0.0,0.0,0.0,0.0,,-1.0,0.1,1.0,10
gold trend only,0.50%,0.0,0.0,0.0,0.0,0.0,0.0,,-2.0,0.21,1.0,19
gold trend only,0.75%,0.0,0.0,0.0,0.0,0.005,0.0,10.381,-3.0,0.31,1.0,29
gold trend only,1.00%,0.0,0.0,0.0,0.001,0.024,0.0,9.81,-3.9,0.41,1.0,38
gold trend only,1.50%,0.0,0.001,0.001,0.004,0.102,0.001,8.762,-5.9,0.62,1.0,57
gold trend only,2.00%,0.0,0.003,0.009,0.017,0.198,0.009,8.381,-7.8,0.83,0.99,76
